identifier,sent,status,msgType,senderName,event,responseType,urgency,severity,certainty,headline,description,instruction,areaDesc,date,time,description_clean,warning type,time of occurrence,duration of hazard phrase,frequency of hazard phrase,location,hazard intensity,hazard quantity,certainty expression,protective instruction,impact or consequence
urn:oid:2.49.0.1.840.0.b65cf952732647052c047cb0efaafe4bf6703291.005.2,2022-12-22T04:28:00.000Z,Actual,Update,NWS Denver CO,Winter Weather Advisory,['Execute'],Expected,Moderate,Likely,Winter Weather Advisory issued December 21 at 9:28PM MST until December 22 at 9:00AM MST by NWS Denver CO,"* WHAT...Winds gusting as high as 50 mph, snowfall accumulations up
to 3 inches, dangerously cold wind chills as low as 55 below zero.

* WHERE...The far northeast plains of Colorado, including northeast
Weld, Morgan, Washington, Logan, Phillips and Sedgwick Counties.

* WHEN...For the Wind Chill Warning, until 11 AM MST Friday. For the
Winter Weather Advisory, until 9 AM MST Thursday.

* IMPACTS...Plan on slippery roads. Blowing snow could significantly
reduce visibility. The dangerously cold wind chills could cause
frostbite on exposed skin in as little as 5 minutes.
","The combination of wind and cold temperatures will create
dangerously low wind chill values. Avoid outside activities if
possible. When outside, make sure you wear appropriate clothing, a
hat, and gloves.

Slow down and use caution while traveling. The latest road
conditions for Colorado can be obtained by calling 5 1 1 or by going
to www.cotrip.org.",,2022-12-22,04:28:00,"* what...winds gusting as high as 50 mph, snowfall accumulations up to 3 inches, dangerously cold wind chills as low as 55 below zero. * where...the far northeast plains of colorado, including northeast weld, morgan, washington, logan, phillips and sedgwick counties. * when...for the wind chill warning, until 11 am mst friday. for the winter weather advisory, until 9 am mst thursday. * impacts...plan on slippery roads. blowing snow could significantly reduce visibility. the dangerously cold wind chills could cause frostbite on exposed skin in as little as 5 minutes.",['winter weather advisory'],['as little as 5 minutes'],"['until 11 am mst friday', 'until 9 am mst thursday']",[],"['the far northeast plains of colorado', 'northeast weld', 'morgan', 'washington', 'logan', 'phillips', 'sedgwick counties']","['as high as 50 mph', 'dangerously cold wind chills as low as 55 below zero', 'dangerously cold wind chills']",['up to 3 inches'],"['could', 'little', 'can']",['plan on slippery roads'],"['blowing snow could significantly reduce visibility', 'could cause frostbite on exposed skin']"
NWS-130404-694658-481250,2014-01-03T17:56:29.000Z,Actual,Update,NWS Buffalo NY,Wind Chill Advisory,['Prepare'],Expected,Moderate,Likely,Wind Chill Advisory issued January 3 at 12:55PM EST expiring January 4 at 4:00AM EST by NWS Buffalo NY,"* LOCATIONS...ONTARIO AND LIVINGSTON COUNTIES.

* TIMING...WIND CHILL ADVISORY TONIGHT.

* HAZARDS...DANGEROUS LOW WIND CHILLS.

* WINDS...SOUTHWEST 10 TO 15 MPH.

* WIND CHILL VALUES...AS LOW AS 15 BELOW.

* IMPACTS...BITTERLY COLD WIND CHILLS WILL POSE A RISK FOR FROST 
  BITE AND HYPOTHERMIA FOR ANYONE OUTSIDE FOR EVEN SHORT PERIODS 
  OF TIME.","A WIND CHILL ADVISORY IS ISSUED WHEN STRONG WIND WILL COMBINE
WITH COLD TEMPERATURES TO CREATE DANGEROUSLY COLD CONDITIONS FOR
EXPOSED SKIN. THE WIND WILL MAKE IT FEEL LIKE IT IS 15 DEGREES
BELOW ZERO OR COLDER FOR A PERIOD OF SEVERAL HOURS. IF YOU WILL
BE OUTDOORS USE COMMON SENSE AND DRESS WARMLY...MAKING SURE THAT
ALL EXPOSED SKIN IS COVERED. IF POSSIBLE...AVOID PROLONGED
EXPOSURE TO THE COLD TO PREVENT FROSTBITE AND HYPOTHERMIA.

",Livingston; Ontario,2014-01-03,17:56:29,* locations...ontario and livingston counties. * timing...wind chill advisory tonight. * hazards...dangerous low wind chills. * winds...southwest 10 to 15 mph. * wind chill values...as low as 15 below. * impacts...bitterly cold wind chills will pose a risk for frost bite and hypothermia for anyone outside for even short periods of time.,['wind chill advisory'],['tonight'],['even short periods    of time'],[],['ontario and livingston counties'],"['10 to 15 mph', 'as low as 15 below']","['dangerous low wind chills', 'wind chill values', 'bitterly cold wind chills']",['will'],[],['impacts']
NWS-IDP-PROD-4262358-3591194,2020-06-08T02:07:00.000Z,Actual,Update,NWS Grand Forks ND,Tornado Warning,['Shelter'],Immediate,Extreme,Observed,Tornado Warning issued June 7 at 9:07PM CDT until June 7 at 9:30PM CDT by NWS Grand Forks ND,"At 907 PM CDT, a severe thunderstorm capable of producing a tornado
was located near Lakota, or 27 miles east of Devils Lake, moving
north at 35 mph.

HAZARD...TORNADO and quarter size hail.

SOURCE...Radar indicated rotation.

IMPACT...Expect damage to mobile homes, roofs, and vehicles.

This dangerous storm will be near...
Brocket and Whitman around 915 PM CDT.
Lawton around 925 PM CDT.","TAKE COVER NOW! Move to a basement or an interior room on the lowest
floor of a sturdy building. Avoid windows. If you are outdoors, in a
mobile home, or in a vehicle, move to the closest substantial shelter
and protect yourself from flying debris.","Walsh, ND; Nelson, ND; Ramsey, ND",2020-06-08,02:07:00,"at 907 pm cdt, a severe thunderstorm capable of producing a tornado was located near lakota, or 27 miles east of devils lake, moving north at 35 mph. hazard...tornado and quarter size hail. source...radar indicated rotation. impact...expect damage to mobile homes, roofs, and vehicles. this dangerous storm will be near... brocket and whitman around 915 pm cdt. lawton around 925 pm cdt.",[],"['907 pm cdt', 'around 915 pm cdt', '925 pm cdt']",[],[],"['lakota', 'devils lake', 'brocket and whitman', 'lawton']",['35 mph'],[],"['expect', 'around', 'indicate', 'will']",[],[]
NWS-IDP-PROD-4261749,2020-06-07T22:05:00.000Z,Actual,Alert,NWS Cheyenne WY,Special Weather Statement,['Execute'],Expected,Moderate,Observed,Special Weather Statement issued June 7 at 4:05PM MDT by NWS Cheyenne WY,"At 405 PM MDT, a strong thunderstorm was located near Fort Robinson
Campground, or 27 miles west of Chadron, moving northeast at 45 mph.

Winds in excess of 30 mph and pea size hail are possible with this
storm.

Locations impacted include...
Crawford, Whitney Lake, Fort Robinson Campground and Fort Robinson.

Frequent cloud to ground lightning is occurring with this storm.
Lightning can strike 10 miles away from a thunderstorm. Seek a safe
shelter inside a building or vehicle.

This storm may intensify, so be certain to monitor local radio
stations and available television stations for additional information
and possible warnings from the National Weather Service.",,Dawes; North Sioux,2020-06-07,22:05:00,"at 405 pm mdt, a strong thunderstorm was located near fort robinson campground, or 27 miles west of chadron, moving northeast at 45 mph. winds in excess of 30 mph and pea size hail are possible with this storm. locations impacted include... crawford, whitney lake, fort robinson campground and fort robinson. frequent cloud to ground lightning is occurring with this storm. lightning can strike 10 miles away from a thunderstorm. seek a safe shelter inside a building or vehicle. this storm may intensify, so be certain to monitor local radio stations and available television stations for additional information and possible warnings from the national weather service.",[],['405 pm mdt'],[],['frequent cloud to ground lightning'],"['fort robinson campground', 'chadron', 'crawford', 'whitney lake', 'fort robinson campground', 'fort robinson']",['winds in excess of 30 mph'],[],"['may', 'possible', 'can', 'certain']","['seek a safe shelter inside a building or vehicle', 'this storm may intensify']",['lightning can strike 10 miles away from a thunderstorm']
NWS-IDP-PROD-4259409-3589038,2020-06-06T23:22:00.000Z,Actual,Alert,NWS Melbourne FL,Tornado Warning,['Shelter'],Immediate,Extreme,Observed,Tornado Warning issued June 6 at 7:22PM EDT until June 6 at 8:00PM EDT by NWS Melbourne FL,"The National Weather Service in Melbourne has issued a

* Tornado Warning for...
Southwestern Seminole County in east central Florida...
Central Orange County in east central Florida...

* Until 800 PM EDT.

* At 722 PM EDT, a severe thunderstorm capable of producing a tornado
was located over Orlando, moving north at 20 mph.

HAZARD...Tornado.

SOURCE...Radar indicated rotation.

IMPACT...Flying debris will be dangerous to those caught without
shelter. Mobile homes will be damaged or destroyed.
Damage to roofs, windows, and vehicles will occur.  Tree
damage is likely.

* Locations impacted include...
Orlando, Altamonte Springs, Winter Springs, Winter Park and
Casselberry.","TAKE COVER NOW! Move to an interior room on the lowest floor of a
sturdy building. Avoid windows. If you are outdoors, in a mobile
home, or in a vehicle, move to the closest substantial shelter and
protect yourself from flying debris.

Heavy rainfall may hide this tornado. Do not wait to see or hear the
tornado. TAKE COVER NOW!

To report severe weather contact your nearest law enforcement agency.
They will send your report to the National Weather Service office in
Melbourne.","Seminole, FL; Orange, FL",2020-06-06,23:22:00,"the national weather service in melbourne has issued a * tornado warning for... southwestern seminole county in east central florida... central orange county in east central florida... * until 800 pm edt. * at 722 pm edt, a severe thunderstorm capable of producing a tornado was located over orlando, moving north at 20 mph. hazard...tornado. source...radar indicated rotation. impact...flying debris will be dangerous to those caught without shelter. mobile homes will be damaged or destroyed. damage to roofs, windows, and vehicles will occur. tree damage is likely. * locations impacted include... orlando, altamonte springs, winter springs, winter park and casselberry.",[],['722 pm edt'],['until 800 pm edt'],[],"['melbourne', 'southwestern seminole county', 'east central florida', 'central orange county', 'east central florida', 'orlando', 'orlando', 'altamonte springs', 'winter springs', 'winter park', 'casselberry']",['20 mph'],[],"['like', 'likely', 'indicate', 'will']",[],"['flying debris', 'mobile homes will be damaged or destroyed', 'damage to roofs, windows, and vehicles', 'tree damage is likely']"
NWS-IDP-PROD-4257664-3587874,2020-06-06T09:13:00.000Z,Actual,Update,NWS New Orleans LA,Storm Surge Warning,['Avoid'],Expected,Extreme,Likely,Storm Surge Warning issued June 6 at 4:13AM CDT by NWS New Orleans LA,"* LOCATIONS AFFECTED
- Yscloskey
- Hopedale
- Reggio

* WIND
- LATEST LOCAL FORECAST: Equivalent Tropical Storm force wind
- Peak Wind Forecast: 35-45 mph with gusts to 60 mph
- Window for Tropical Storm force winds: Sunday morning until
early Monday morning

- THREAT TO LIFE AND PROPERTY THAT INCLUDES TYPICAL FORECAST
UNCERTAINTY IN TRACK, SIZE AND INTENSITY: Potential for wind 39
to 57 mph
- The wind threat has remained nearly steady from the
previous assessment.
- PLAN: Plan for hazardous wind of equivalent tropical storm
force.
- PREPARE: Remaining efforts to protect property should be
completed as soon as possible. Prepare for limited wind
damage.
- ACT: Move to safe shelter before the wind becomes hazardous.

- POTENTIAL IMPACTS: Limited
- Damage to porches, awnings, carports, sheds, and unanchored
mobile homes. Unsecured lightweight objects blown about.
- Many large tree limbs broken off. A few trees snapped or
uprooted, but with greater numbers in places where trees
are shallow rooted. Some fences and roadway signs blown
over.
- A few roads impassable from debris, particularly within
urban or heavily wooded places. Hazardous driving
conditions on bridges and other elevated roadways.
- Scattered power and communications outages.

* STORM SURGE
- LATEST LOCAL FORECAST: Life-threatening storm surge possible
- Peak Storm Surge Inundation: The potential for 3-5 feet
above ground somewhere within surge prone areas
- Window of concern: early Sunday morning until Monday evening

- THREAT TO LIFE AND PROPERTY THAT INCLUDES TYPICAL FORECAST
UNCERTAINTY IN TRACK, SIZE AND INTENSITY: Potential for storm
surge flooding greater than 3 feet above ground
- The storm surge threat has remained nearly steady from the
previous assessment.
- PLAN: Plan for life-threatening storm surge flooding of
greater than 3 feet above ground.
- PREPARE: Evacuation efforts and flood preparations should
soon be brought to completion before conditions become
unsafe.
- ACT: Leave immediately if evacuation orders are given for
your area to avoid being cut off from emergency services or
needlessly risk lives.

- POTENTIAL IMPACTS: Significant
- Areas of inundation from storm surge flooding. Damage to
several buildings, mainly near the coast.
- Sections of near-shore escape routes and secondary roads
become weakened or washed out, especially in usually
vulnerable low spots. 3 to 6 feet of inundation is possible
outside the hurricane protection levee near
Yschlosky...Hopedale and Reggio. No inundation expected
inside the hurricane protection levee from
Caernarvon...Verret to Bayou Dupree.
- Major beach erosion with heavy surf breaching dunes. Strong
and numerous rip currents.
- Moderate damage to marinas, docks, boardwalks, and piers.
Several small craft broken away from moorings, especially
in unprotected anchorages.

* FLOODING RAIN
- LATEST LOCAL FORECAST: Flood Watch is in effect
- Peak Rainfall Amounts: 4-8 inches, with locally higher
amounts

- THREAT TO LIFE AND PROPERTY THAT INCLUDES TYPICAL FORECAST
UNCERTAINTY IN TRACK, SIZE AND INTENSITY: Potential for major
flooding rain
- The flooding rain threat has increased from the previous
assessment.
- PLAN: Emergency plans should include the potential for
major flooding from heavy rain. Evacuations and rescues are
likely.
- PREPARE: Strongly consider protective actions, especially
if you are in an area vulnerable to flooding.
- ACT: Heed any flood watches and warnings. Failure to take
action will likely result in serious injury or loss of life.

- POTENTIAL IMPACTS: Extensive
- Major rainfall flooding may prompt many evacuations and
rescues.
- Rivers and tributaries may rapidly overflow their banks in
multiple places. Small streams, creeks, canals, bayous, and
ditches may become dangerous rivers. Flood control systems
and barriers may become stressed.
- Flood waters can enter many structures within multiple
communities, some structures becoming uninhabitable or
washed away. Many places where flood waters may cover
escape routes. Streets and parking lots become rivers of
moving water with underpasses submerged. Driving conditions
become dangerous. Many road and bridge closures with some
weakened or washed out.

* TORNADO
- LATEST LOCAL FORECAST:
- Situation is somewhat favorable for tornadoes

- THREAT TO LIFE AND PROPERTY THAT INCLUDES TYPICAL FORECAST
UNCERTAINTY IN TRACK, SIZE AND INTENSITY: Potential for a few
tornadoes
- The tornado threat has remained nearly steady from the
previous assessment.
- PLAN: Emergency plans should include the potential for a
few tornadoes.
- PREPARE: If your shelter is particularly vulnerable to
tornadoes, prepare to relocate to safe shelter before
hazardous weather arrives.
- ACT: If a tornado warning is issued, be ready to shelter
quickly.

- POTENTIAL IMPACTS: Limited
- The occurrence of isolated tornadoes can hinder the
execution of emergency plans during tropical events.
- A few places may experience tornado damage, along with
power and communications disruptions.
- Locations could realize roofs peeled off buildings,
chimneys toppled, mobile homes pushed off foundations or
overturned, large tree tops and branches snapped off,
shallow-rooted trees knocked over, moving vehicles blown
off roads, and small boats pulled from moorings.

* FOR MORE INFORMATION:
- http://www.slfpae.com/closures.aspx
- http://homeport.uscg.mil
- http://emergency.louisiana.gov",,Lower St. Bernard,2020-06-06,09:13:00,"* locations affected - yscloskey - hopedale - reggio * wind - latest local forecast: equivalent tropical storm force wind - peak wind forecast: 35-45 mph with gusts to 60 mph - window for tropical storm force winds: sunday morning until early monday morning - threat to life and property that includes typical forecast uncertainty in track, size and intensity: potential for wind 39 to 57 mph - the wind threat has remained nearly steady from the previous assessment. - plan: plan for hazardous wind of equivalent tropical storm force. - prepare: remaining efforts to protect property should be completed as soon as possible. prepare for limited wind damage. - act: move to safe shelter before the wind becomes hazardous. - potential impacts: limited - damage to porches, awnings, carports, sheds, and unanchored mobile homes. unsecured lightweight objects blown about. - many large tree limbs broken off. a few trees snapped or uprooted, but with greater numbers in places where trees are shallow rooted. some fences and roadway signs blown over. - a few roads impassable from debris, particularly within urban or heavily wooded places. hazardous driving conditions on bridges and other elevated roadways. - scattered power and communications outages. * storm surge - latest local forecast: life-threatening storm surge possible - peak storm surge inundation: the potential for 3-5 feet above ground somewhere within surge prone areas - window of concern: early sunday morning until monday evening - threat to life and property that includes typical forecast uncertainty in track, size and intensity: potential for storm surge flooding greater than 3 feet above ground - the storm surge threat has remained nearly steady from the previous assessment. - plan: plan for life-threatening storm surge flooding of greater than 3 feet above ground. - prepare: evacuation efforts and flood preparations should soon be brought to completion before conditions become unsafe. - act: leave immediately if evacuation orders are given for your area to avoid being cut off from emergency services or needlessly risk lives. - potential impacts: significant - areas of inundation from storm surge flooding. damage to several buildings, mainly near the coast. - sections of near-shore escape routes and secondary roads become weakened or washed out, especially in usually vulnerable low spots. 3 to 6 feet of inundation is possible outside the hurricane protection levee near yschlosky...hopedale and reggio. no inundation expected inside the hurricane protection levee from caernarvon...verret to bayou dupree. - major beach erosion with heavy surf breaching dunes. strong and numerous rip currents. - moderate damage to marinas, docks, boardwalks, and piers. several small craft broken away from moorings, especially in unprotected anchorages. * flooding rain - latest local forecast: flood watch is in effect - peak rainfall amounts: 4-8 inches, with locally higher amounts - threat to life and property that includes typical forecast uncertainty in track, size and intensity: potential for major flooding rain - the flooding rain threat has increased from the previous assessment. - plan: emergency plans should include the potential for major flooding from heavy rain. evacuations and rescues are likely. - prepare: strongly consider protective actions, especially if you are in an area vulnerable to flooding. - act: heed any flood watches and warnings. failure to take action will likely result in serious injury or loss of life. - potential impacts: extensive - major rainfall flooding may prompt many evacuations and rescues. - rivers and tributaries may rapidly overflow their banks in multiple places. small streams, creeks, canals, bayous, and ditches may become dangerous rivers. flood control systems and barriers may become stressed. - flood waters can enter many structures within multiple communities, some structures becoming uninhabitable or washed away. many places where flood waters may cover escape routes. streets and parking lots become rivers of moving water with underpasses submerged. driving conditions become dangerous. many road and bridge closures with some weakened or washed out. * tornado - latest local forecast: - situation is somewhat favorable for tornadoes - threat to life and property that includes typical forecast uncertainty in track, size and intensity: potential for a few tornadoes - the tornado threat has remained nearly steady from the previous assessment. - plan: emergency plans should include the potential for a few tornadoes. - prepare: if your shelter is particularly vulnerable to tornadoes, prepare to relocate to safe shelter before hazardous weather arrives. - act: if a tornado warning is issued, be ready to shelter quickly. - potential impacts: limited - the occurrence of isolated tornadoes can hinder the execution of emergency plans during tropical events. - a few places may experience tornado damage, along with power and communications disruptions. - locations could realize roofs peeled off buildings, chimneys toppled, mobile homes pushed off foundations or overturned, large tree tops and branches snapped off, shallow-rooted trees knocked over, moving vehicles blown off roads, and small boats pulled from moorings. * for more information: - http://www.slfpae.com/closures.aspx - http://homeport.uscg.mil - http://emergency.louisiana.gov",[],"['sunday morning', 'early monday morning', 'early sunday morning', 'monday evening']",[],[],"['yscloskey', 'hopedale', 'reggio', 'somewhere within surge prone areas']","['35-45 mph', 'equivalent tropical storm force']",[],"['expect', 'usually', 'several', 'some', 'somewhat', 'like', 'somewhere', 'consider', 'found', 'may', 'could', 'should', 'likely', 'possible', 'read', 'few', 'about', 'can', 'mainly', 'will', 'certain', 'many']",['move to safe shelter before the wind becomes hazardous'],"['limited wind damage', 'potential impacts', 'unsecured lightweight objects blown about', 'many large tree limbs broken off', 'a few trees snapped or uprooted', 'some fences and roadway signs blown over', 'a few roads impassable from debris', 'scattered power and communications outages', 'potential impacts']"
NWS-IDP-PROD-4261702-3590662,2020-06-07T21:49:49.000Z,Actual,Update,NWS New Orleans LA,Tropical Storm Warning,['Avoid'],Immediate,Severe,Observed,Tropical Storm Warning issued June 7 at 4:41PM CDT by NWS New Orleans LA,"* LOCATIONS AFFECTED
- Amite
- Kentwood

* WIND
- LATEST LOCAL FORECAST: Equivalent Tropical Storm force wind
- Peak Wind Forecast: 30-40 mph with gusts to 55 mph

- THREAT TO LIFE AND PROPERTY THAT INCLUDES TYPICAL FORECAST
UNCERTAINTY IN TRACK, SIZE AND INTENSITY: Potential for wind 39
to 57 mph
- The wind threat has remained nearly steady from the
previous assessment.
- PLAN: Plan for hazardous wind of equivalent tropical storm
force.
- PREPARE: Last minute efforts to protect property should now
be complete. The area remains subject to limited wind
damage.
- ACT: Now is the time to shelter from hazardous wind.

- POTENTIAL IMPACTS: Unfolding
- Potential impacts from the main wind event are unfolding.

* FLOODING RAIN
- LATEST LOCAL FORECAST: Flood Watch is in effect
- Peak Rainfall Amounts: Additional 4-8 inches, with locally
higher amounts

- THREAT TO LIFE AND PROPERTY THAT INCLUDES TYPICAL FORECAST
UNCERTAINTY IN TRACK, SIZE AND INTENSITY: Potential for extreme
flooding rain
- The flooding rain threat has remained nearly steady from
the previous assessment.
- PLAN: Emergency plans should include the potential for
extreme flooding from heavy rain. Evacuations and rescues
are likely.
- PREPARE: Urgently consider protective actions from extreme
and widespread rainfall flooding.
- ACT: Heed any flood watches and warnings. Failure to take
action will likely result in serious injury or loss of life.

- POTENTIAL IMPACTS: Devastating to Catastrophic
- Extreme rainfall flooding may prompt numerous evacuations
and rescues.
- Rivers and tributaries may overwhelmingly overflow their
banks in many places with deep moving water. Small streams,
creeks, canals, bayous, and ditches may become raging
rivers. Flood control systems and barriers may become
stressed.
- Flood waters can enter numerous structures within multiple
communities, some structures becoming uninhabitable or
washed away. Numerous places where flood waters may cover
escape routes. Streets and parking lots become rivers of
raging water with underpasses submerged. Driving conditions
become very dangerous. Numerous road and bridge closures
with some weakened or washed out.

* TORNADO
- LATEST LOCAL FORECAST:
- Situation is somewhat favorable for tornadoes

- THREAT TO LIFE AND PROPERTY THAT INCLUDES TYPICAL FORECAST
UNCERTAINTY IN TRACK, SIZE AND INTENSITY: Potential for a few
tornadoes
- The tornado threat has remained nearly steady from the
previous assessment.
- PLAN: Emergency plans should continue to include possible
tornadoes.
- PREPARE: Stay within your shelter keeping informed of the
latest tornado situation.
- ACT: Move quickly to the safest place within your shelter
if a tornado warning is issued.

- POTENTIAL IMPACTS: Limited
- The occurrence of isolated tornadoes can hinder the
execution of emergency plans during tropical events.
- A few places may experience tornado damage, along with
power and communications disruptions.
- Locations could realize roofs peeled off buildings,
chimneys toppled, mobile homes pushed off foundations or
overturned, large tree tops and branches snapped off,
shallow-rooted trees knocked over, moving vehicles blown
off roads, and small boats pulled from moorings.

* FOR MORE INFORMATION:
- http://emergency.louisiana.gov",,Northern Tangipahoa,2020-06-07,21:49:49,"* locations affected - amite - kentwood * wind - latest local forecast: equivalent tropical storm force wind - peak wind forecast: 30-40 mph with gusts to 55 mph - threat to life and property that includes typical forecast uncertainty in track, size and intensity: potential for wind 39 to 57 mph - the wind threat has remained nearly steady from the previous assessment. - plan: plan for hazardous wind of equivalent tropical storm force. - prepare: last minute efforts to protect property should now be complete. the area remains subject to limited wind damage. - act: now is the time to shelter from hazardous wind. - potential impacts: unfolding - potential impacts from the main wind event are unfolding. * flooding rain - latest local forecast: flood watch is in effect - peak rainfall amounts: additional 4-8 inches, with locally higher amounts - threat to life and property that includes typical forecast uncertainty in track, size and intensity: potential for extreme flooding rain - the flooding rain threat has remained nearly steady from the previous assessment. - plan: emergency plans should include the potential for extreme flooding from heavy rain. evacuations and rescues are likely. - prepare: urgently consider protective actions from extreme and widespread rainfall flooding. - act: heed any flood watches and warnings. failure to take action will likely result in serious injury or loss of life. - potential impacts: devastating to catastrophic - extreme rainfall flooding may prompt numerous evacuations and rescues. - rivers and tributaries may overwhelmingly overflow their banks in many places with deep moving water. small streams, creeks, canals, bayous, and ditches may become raging rivers. flood control systems and barriers may become stressed. - flood waters can enter numerous structures within multiple communities, some structures becoming uninhabitable or washed away. numerous places where flood waters may cover escape routes. streets and parking lots become rivers of raging water with underpasses submerged. driving conditions become very dangerous. numerous road and bridge closures with some weakened or washed out. * tornado - latest local forecast: - situation is somewhat favorable for tornadoes - threat to life and property that includes typical forecast uncertainty in track, size and intensity: potential for a few tornadoes - the tornado threat has remained nearly steady from the previous assessment. - plan: emergency plans should continue to include possible tornadoes. - prepare: stay within your shelter keeping informed of the latest tornado situation. - act: move quickly to the safest place within your shelter if a tornado warning is issued. - potential impacts: limited - the occurrence of isolated tornadoes can hinder the execution of emergency plans during tropical events. - a few places may experience tornado damage, along with power and communications disruptions. - locations could realize roofs peeled off buildings, chimneys toppled, mobile homes pushed off foundations or overturned, large tree tops and branches snapped off, shallow-rooted trees knocked over, moving vehicles blown off roads, and small boats pulled from moorings. * for more information: - http://emergency.louisiana.gov",['flood watch'],[],[],[],"['amite', 'kentwood']","['equivalent tropical storm force', 'equivalent tropical storm force']","['peak rainfall amounts', 'additional 4-8 inches', 'locally higher amounts']","['some', 'somewhat', 'like', 'consider', 'found', 'may', 'could', 'should', 'likely', 'possible', 'read', 'few', 'can', 'will', 'certain', 'many']",['urgently consider protective actions'],"['potential impacts', 'potential impacts', 'potential impacts', 'devastating to catastrophic', 'some structures becoming uninhabitable or washed away']"
urn:oid:2.49.0.1.840.0.52099c158646e98c0fca0f4af12c10783587f3ff.001.2,2022-12-22T17:08:00.000Z,Actual,Update,NWS Anchorage AK,Blizzard Warning,['Prepare'],Expected,Extreme,Likely,Blizzard Warning issued December 22 at 8:08AM AKST until December 23 at 8:00PM AKST by NWS Anchorage AK,"CCA

* WHAT...Blizzard conditions expected. Northeast winds 35 to 50
mph gusting as high as 65 mph. Visibility reduced to as low as
1/4 mile in blowing snow.

* WHERE...Matanuska Valley.

* WHEN...From 8 PM this evening to 8 PM AKST Friday.

* IMPACTS...Widespread blowing snow could significantly reduce
visibility. The hazardous conditions could impact the Friday
morning commute. Very strong winds could cause tree damage and
cause power outages. Cold wind chills as low as 20 below zero
could cause frostbite on exposed skin in as little as 10
minutes.

* ADDITIONAL DETAILS...Strong northeasterly winds will develop
late Thursday afternoon, quickly increasing in intensity through
Thursday evening. The period of strongest winds is expected
between 3 AM and 3 PM Friday. Winds are expected to slowly
diminish Friday evening through Saturday.
","A Blizzard Warning means severe winter weather conditions are
expected or occurring. Blowing snow with strong winds and poor
visibilities are likely. This will lead to whiteout conditions,
making travel very hazardous. If you must travel, have a winter
survival kit with you. If you get stranded, stay with your
vehicle.

For the latest road conditions call 5 1 1 or visit
511.alaska.gov.",,2022-12-22,17:08:00,"cca * what...blizzard conditions expected. northeast winds 35 to 50 mph gusting as high as 65 mph. visibility reduced to as low as 1/4 mile in blowing snow. * where...matanuska valley. * when...from 8 pm this evening to 8 pm akst friday. * impacts...widespread blowing snow could significantly reduce visibility. the hazardous conditions could impact the friday morning commute. very strong winds could cause tree damage and cause power outages. cold wind chills as low as 20 below zero could cause frostbite on exposed skin in as little as 10 minutes. * additional details...strong northeasterly winds will develop late thursday afternoon, quickly increasing in intensity through thursday evening. the period of strongest winds is expected between 3 am and 3 pm friday. winds are expected to slowly diminish friday evening through saturday.",[],"['8 pm this evening', '8 pm akst friday', 'late thursday afternoon', '3 am and 3 pm friday', 'friday evening']",[],[],['matanuska valley'],"['35 to 50 mph', 'as high as 65 mph', 'as low as 20 below zero']",[],"['expect', 'could', 'read', 'little', 'can', 'will']",[],['could cause tree damage and cause power outages']
NWS-IDP-PROD-4261517,2020-06-07T20:22:00.000Z,Actual,Alert,NWS Riverton WY,Special Weather Statement,['Execute'],Expected,Moderate,Observed,Special Weather Statement issued June 7 at 2:22PM MDT by NWS Riverton WY,"At 221 PM MDT, Doppler radar was tracking a strong thunderstorm 16
miles south of Oregon Buttes, which is 34 miles east of Farson,
moving northeast at 50 mph. Other strong thunderstorms were rumbling
across central and northern Sweetwater County.

Wind gusts of 45 to 55 mph, pea sized, and brief heavy rain will be
possible with these storms. Gusts to around 55 mph have been
observed at near Rock Springs.

These storms will impact I-80 between the exit for Southwest Wyoming
Regional Airport and Bitter Creek. This includes Interstate 80
between mile markers 110 and 147.","These storms may intensify, so be certain to monitor local radio
stations and available television stations for additional
information and possible warnings from the National Weather Service.",Green Mountains and Rattlesnake Range; Upper Green River Basin; Wind River Mountains West; East Sweetwater County,2020-06-07,20:22:00,"at 221 pm mdt, doppler radar was tracking a strong thunderstorm 16 miles south of oregon buttes, which is 34 miles east of farson, moving northeast at 50 mph. other strong thunderstorms were rumbling across central and northern sweetwater county. wind gusts of 45 to 55 mph, pea sized, and brief heavy rain will be possible with these storms. gusts to around 55 mph have been observed at near rock springs. these storms will impact i-80 between the exit for southwest wyoming regional airport and bitter creek. this includes interstate 80 between mile markers 110 and 147.",[],['221 pm mdt'],[],[],"['oregon buttes', 'farson', 'central and northern sweetwater county', 'rock springs', 'i-80', 'bitter creek', 'interstate 80', 'mile markers 110 and 147']","['50 mph', '45 to 55 mph', 'gusts to around 55 mph']",['pea sized'],"['possible', 'around', 'will']",[],[]
NWS-IDP-PROD-4255408-3586487,2020-06-05T09:36:00.000Z,Actual,Update,NWS San Francisco CA,Small Craft Advisory,['Avoid'],Expected,Minor,Likely,Small Craft Advisory issued June 5 at 2:36AM PDT until June 5 at 9:00PM PDT by NWS San Francisco CA,"* WHAT...Southwest winds 10 to 20 kt with gusts up to 35 kt and
choppy waters.

* WHERE...San Pablo Bay, Suisun Bay, the West Delta and the San
Francisco Bay north of the Bay Bridge.

* WHEN...Until 9 PM PDT this evening.

* IMPACTS...Conditions will be hazardous to small craft.","Inexperienced mariners, especially those operating smaller
vessels, should avoid navigating in hazardous conditions.","San Pablo Bay, Suisun Bay, the West Delta and  the San Francisco Bay north of the Bay Bridge",2020-06-05,09:36:00,"* what...southwest winds 10 to 20 kt with gusts up to 35 kt and choppy waters. * where...san pablo bay, suisun bay, the west delta and the san francisco bay north of the bay bridge. * when...until 9 pm pdt this evening. * impacts...conditions will be hazardous to small craft.",[],['this evening'],[],[],"['san pablo bay', 'suisun bay', 'the west delta', 'san francisco bay north of the bay bridge']","['10 to 20 kt', 'up to 35 kt']",[],['will'],[],"['impacts', 'conditions will be hazardous to small craft']"
481040632176800,2020-06-06T15:44:40.000Z,Actual,Alert,Pima County,911 Telephone Outage Emergency,,Immediate,Extreme,Observed,911 Restored,Pima County 9-1-1 service has been restored.  Only call 9-1-1 if you have an emergency.,,Pima County,2020-06-06,15:44:40,pima county 9-1-1 service has been restored. only call 9-1-1 if you have an emergency.,[],[],[],[],['pima county'],[],[],[],['only call 9-1-1 if you have an emergency.'],[]
NWS-130404-691181-477922,2014-01-02T02:58:39.000Z,Actual,Update,NWS Paducah KY,Flood Statement,['Avoid'],Immediate,Severe,Observed,Flood Statement issued January 1 at 8:57PM CST expiring January 2 at 10:00PM CST by NWS Paducah KY,"...The flood warning continues for the lower Ohio River in 
   Illinois...Kentucky and Indiana. 
 
   At the Brookport Dam affecting Massac and McCracken Counties. 
   At the Grand Chain Dam affecting Massac...Pulaski...Ballard 
   and McCracken Counties. 
   At Mount Vernon affecting Posey...Vanderburgh...
   Henderson and Union Counties. 
   At the J.T. Myers Dam affecting Posey and Union Counties. 
   At Shawneetown affecting Gallatin...Hardin...Crittenden
   and Union Counties. 
 
.Water levels continue to recede along portions of the lower Ohio
River with minor flood conditions forecast to end at Mt. Vernon, 
the J.T.Myers Dam, the Brookport Dam and the Grand Chain Dam over the
next 36 hours. 

PRECAUTIONARY/PREPAREDNESS ACTIONS Never drive cars...trucks or sport utility vehicles through flooded 
areas. The water may be too deep to allow safe passage. Never allow 
children to play in or near flood waters. Stay tuned to NOAA Weather 
Radio or your local media for further statements and possible updated
forecasts.

Additional information is available at
http://www.crh.noaa.gov/ahps2/index.The Flood Warning continues for the Ohio River at the Brookport Dam.
* until Thursday evening.
* At 8 PM Wednesday the stage was 38.1 feet. 
* Flood Stage is 37.0 feet. 
* Minor flooding is occurring and Minor flooding is forecast.
* Forecast...The river will fall to below flood stage by 
  tomorrow afternoon.
* Impact...At 37.0 Feet...Minor flooding occurs affecting mainly 
  agricultural bottomland and low lying areas.

&&",,Massac; McCracken,2014-01-02,02:58:39,"...the flood warning continues for the lower ohio river in illinois...kentucky and indiana. at the brookport dam affecting massac and mccracken counties. at the grand chain dam affecting massac...pulaski...ballard and mccracken counties. at mount vernon affecting posey...vanderburgh... henderson and union counties. at the j.t. myers dam affecting posey and union counties. at shawneetown affecting gallatin...hardin...crittenden and union counties. .water levels continue to recede along portions of the lower ohio river with minor flood conditions forecast to end at mt. vernon, the j.t.myers dam, the brookport dam and the grand chain dam over the next 36 hours. precautionary/preparedness actions never drive cars...trucks or sport utility vehicles through flooded areas. the water may be too deep to allow safe passage. never allow children to play in or near flood waters. stay tuned to noaa weather radio or your local media for further statements and possible updated forecasts. additional information is available at http://www.crh.noaa.gov/ahps2/index.the flood warning continues for the ohio river at the brookport dam. * until thursday evening. * at 8 pm wednesday the stage was 38.1 feet. * flood stage is 37.0 feet. * minor flooding is occurring and minor flooding is forecast. * forecast...the river will fall to below flood stage by tomorrow afternoon. * impact...at 37.0 feet...minor flooding occurs affecting mainly agricultural bottomland and low lying areas. &&",[],"['8 pm wednesday', 'tomorrow afternoon']",[],[],"['lower ohio river', 'illinois', 'brookport dam', 'massac', 'grand chain dam', 'pulaski', 'mount vernon', 'posey', 'vanderburgh', 'j.t. myers dam', 'posey', 'shawneetown', 'gallatin', 'hardin', 'lower ohio river', 'mt. vernon', 'j.t.myers dam', 'brookport dam', 'grand chain dam', 'brookport dam']",[],[],"['may', 'possible', 'mainly', 'tend', 'will']","['the water may be too deep to allow safe passage', 'never allow  children to play in or near flood waters']",['impact']
NWS-IDP-PROD-4263001-3591711,2020-06-08T09:42:40.000Z,Actual,Update,NWS New Orleans LA,Storm Surge Warning,['Avoid'],Expected,Extreme,Likely,Storm Surge Warning issued June 8 at 4:31AM CDT by NWS New Orleans LA,"* LOCATIONS AFFECTED
- Gulfport
- Biloxi
- Pass Christian

* STORM SURGE
- LATEST LOCAL FORECAST: Localized storm surge possible
- Peak Storm Surge Inundation: The potential for up to 2 feet
above ground somewhere within surge prone areas
- Window of concern: through Wednesday evening

- THREAT TO LIFE AND PROPERTY THAT INCLUDES TYPICAL FORECAST
UNCERTAINTY IN TRACK, SIZE AND INTENSITY: Potential for storm
surge flooding greater than 1 foot above ground
- The storm surge threat has remained nearly steady from the
previous assessment.
- PLAN: Shelter against storm surge flooding greater than 1
foot above ground.
- PREPARE: All flood preparations should be complete. Expect
flooding of low-lying roads and property.
- ACT: Stay away from storm surge prone areas. Continue to
follow the instructions of local officials.

- POTENTIAL IMPACTS: Unfolding
- Potential impacts from the main surge event are unfolding.

* FOR MORE INFORMATION:
- http://www.msema.org",,Harrison,2020-06-08,09:42:40,"* locations affected - gulfport - biloxi - pass christian * storm surge - latest local forecast: localized storm surge possible - peak storm surge inundation: the potential for up to 2 feet above ground somewhere within surge prone areas - window of concern: through wednesday evening - threat to life and property that includes typical forecast uncertainty in track, size and intensity: potential for storm surge flooding greater than 1 foot above ground - the storm surge threat has remained nearly steady from the previous assessment. - plan: shelter against storm surge flooding greater than 1 foot above ground. - prepare: all flood preparations should be complete. expect flooding of low-lying roads and property. - act: stay away from storm surge prone areas. continue to follow the instructions of local officials. - potential impacts: unfolding - potential impacts from the main surge event are unfolding. * for more information: - http://www.msema.org",[],[],['through wednesday evening'],['typical forecast uncertainty'],"['gulfport', 'biloxi', 'pass christian', 'somewhere within surge prone areas']",[],"['peak storm surge inundation', 'potential for up to 2 feet above ground', 'potential for storm surge flooding greater than 1 foot above ground']","['expect', 'some', 'somewhere', 'should', 'possible', 'certain']","['shelter against storm surge flooding greater than 1 foot above ground', 'all flood preparations should be complete', 'expect flooding of low-lying roads and property', 'stay away from storm surge prone areas', 'continue to follow the instructions of local officials']","['potential impacts', 'potential impacts']"
NWS-IDP-PROD-4258829-3588604,2020-06-06T20:28:00.000Z,Actual,Update,NWS Jacksonville FL,Tornado Warning,['Shelter'],Immediate,Extreme,Observed,Tornado Warning issued June 6 at 4:28PM EDT until June 6 at 4:45PM EDT by NWS Jacksonville FL,"At 428 PM EDT, a severe thunderstorm capable of producing a tornado
was located near Silver Springs Shores, or near Lynne, moving north
at 20 mph.

HAZARD...Tornado.

SOURCE...Radar indicated rotation.

IMPACT...Flying debris will be dangerous to those caught without
shelter. Mobile homes will be damaged or destroyed. Damage
to roofs, windows, and vehicles will occur.  Tree damage is
likely.

This dangerous storm will be near...
Lynne around 440 PM EDT.

Other locations impacted by this tornadic thunderstorm include
Burbank.","TAKE COVER NOW! Move to a basement or an interior room on the lowest
floor of a sturdy building. Avoid windows. If you are outdoors, in a
mobile home, or in a vehicle, move to the closest substantial shelter
and protect yourself from flying debris.

Torrential rainfall is occurring with this storm, and may lead to
flash flooding. Do not drive your vehicle through flooded roadways.","Marion, FL",2020-06-06,20:28:00,"at 428 pm edt, a severe thunderstorm capable of producing a tornado was located near silver springs shores, or near lynne, moving north at 20 mph. hazard...tornado. source...radar indicated rotation. impact...flying debris will be dangerous to those caught without shelter. mobile homes will be damaged or destroyed. damage to roofs, windows, and vehicles will occur. tree damage is likely. this dangerous storm will be near... lynne around 440 pm edt. other locations impacted by this tornadic thunderstorm include burbank.",['radar indicated rotation'],"['428 pm edt', 'around 440 pm edt']",[],[],"['silver springs shores', 'lynne', 'lynne', 'burbank']",['20 mph'],[],"['like', 'likely', 'around', 'indicate', 'will']",[],"['flying debris will be dangerous to those caught without shelter', 'mobile homes will be damaged or destroyed', 'damage to roofs, windows, and vehicles', 'tree damage is likely']"
NWS-IDP-PROD-4265501-3593440,2020-06-09T15:55:00.000Z,Actual,Alert,NWS Tallahassee FL,Flood Advisory,['Avoid'],Expected,Minor,Likely,Flood Advisory issued June 9 at 11:55AM EDT until June 9 at 1:00PM EDT by NWS Tallahassee FL,"The National Weather Service in Tallahassee has issued a

* Urban and Small Stream Flood Advisory for...
Central Dougherty County in southwestern Georgia...

* Until 100 PM EDT.

* At 1155 AM EDT, Doppler radar indicated heavy rain due to
thunderstorms. This will cause urban and small stream flooding.

Some locations that will experience flooding include...
Albany, East Albany, Turner City, Marine Corps Logistics Base,
South Albany, Southwest Ga Regional A/P, Radium Springs,
Williamsburg and Lockett Crossing.","Turn around, don't drown when encountering flooded roads. Most flood
deaths occur in vehicles.","Dougherty, GA",2020-06-09,15:55:00,"the national weather service in tallahassee has issued a * urban and small stream flood advisory for... central dougherty county in southwestern georgia... * until 100 pm edt. * at 1155 am edt, doppler radar indicated heavy rain due to thunderstorms. this will cause urban and small stream flooding. some locations that will experience flooding include... albany, east albany, turner city, marine corps logistics base, south albany, southwest ga regional a/p, radium springs, williamsburg and lockett crossing.",['urban and small stream flood advisory'],['1155 am edt'],['until 100 pm edt'],[],"['tallahassee', 'central dougherty county', 'southwestern georgia', 'albany', 'albany', 'turner city', 'marine corps logistics base', 'south albany', 'southwest ga regional a/p', 'radium springs', 'williamsburg', 'lockett crossing']",['heavy rain'],[],"['some', 'indicate', 'will']",[],['urban and small stream flooding']
NWS-IDP-PROD-4253888-3585356,2020-06-04T22:48:00.000Z,Actual,Update,NWS Memphis TN,Tornado Warning,['Shelter'],Immediate,Extreme,Observed,Tornado Warning issued June 4 at 5:48PM CDT until June 4 at 6:00PM CDT by NWS Memphis TN,"At 547 PM CDT, doppler radar indicated a severe thunderstorm
producing a tornado was located near Trenton, moving southeast at 40
mph.

HAZARD...Tornado.

SOURCE...Radar indicated rotation.

IMPACT...Flying debris will be dangerous to those caught without
shelter. Mobile homes will be damaged or destroyed. Damage
to roofs, windows, and vehicles will occur.  Tree damage is
likely.

Locations impacted include...
Humboldt, Milan, Trenton, Fairview, Three Way, Carroll, Medina,
Gibson, Laneview, West, New Enterprise, Lavinia, Sitka, Vaughns
Grove, Goat City, Georgetown, Moores Chapel and Tuckers Corner.","TAKE COVER NOW! Move to a storm shelter or an interior room on the
lowest floor of a sturdy building. Avoid windows. If you are
outdoors, in a mobile home, or in a vehicle, move to the closest
substantial shelter and protect yourself from flying debris.","Carroll, TN; Madison, TN; Gibson, TN",2020-06-04,22:48:00,"at 547 pm cdt, doppler radar indicated a severe thunderstorm producing a tornado was located near trenton, moving southeast at 40 mph. hazard...tornado. source...radar indicated rotation. impact...flying debris will be dangerous to those caught without shelter. mobile homes will be damaged or destroyed. damage to roofs, windows, and vehicles will occur. tree damage is likely. locations impacted include... humboldt, milan, trenton, fairview, three way, carroll, medina, gibson, laneview, west, new enterprise, lavinia, sitka, vaughns grove, goat city, georgetown, moores chapel and tuckers corner.",[],['547 pm cdt'],[],[],"['trenton', 'humboldt', 'milan', 'trenton', 'fairview', 'three way', 'carroll', 'medina', 'gibson', 'laneview', 'west', 'new enterprise', 'lavinia', 'sitka', 'vaughns grove', 'goat city', 'georgetown', 'moores chapel', 'tuckers corner']",['40 mph'],[],"['like', 'likely', 'indicate', 'will']",[],"['flying debris will be dangerous to those caught without shelter', 'mobile homes will be damaged or destroyed', 'damage to roofs, windows, and vehicles', 'tree damage is likely']"
NWS-IDP-PROD-4256094,2020-06-05T19:03:00.000Z,Actual,Alert,NWS Birmingham AL,Special Weather Statement,['Execute'],Expected,Moderate,Observed,Special Weather Statement issued June 5 at 2:03PM CDT by NWS Birmingham AL,"At 202 PM CDT, Doppler radar was tracking a strong thunderstorm over
Winterboro, or near Talladega, moving southeast at 25 mph.

Pea size hail and wind gusts up to 50 mph will be possible with this
storm.

Locations impacted include...
Talladega, Lineville, Ashland, Waldo, Winterboro, Alpine, Chandler
Springs, Roselle, Millerville and Gunthertown.","Frequent cloud to ground lightning is occurring with this storm.
Lightning can strike 10 miles away from a thunderstorm. Seek a safe
shelter inside a building or vehicle.",Clay; Talladega,2020-06-05,19:03:00,"at 202 pm cdt, doppler radar was tracking a strong thunderstorm over winterboro, or near talladega, moving southeast at 25 mph. pea size hail and wind gusts up to 50 mph will be possible with this storm. locations impacted include... talladega, lineville, ashland, waldo, winterboro, alpine, chandler springs, roselle, millerville and gunthertown.",[],['at 202 pm cdt'],[],[],"['winterboro', 'talladega', 'talladega', 'lineville', 'ashland', 'waldo', 'winterboro', 'alpine', 'chandler springs', 'roselle', 'millerville', 'gunthertown']","['25 mph', 'up to 50 mph']",[],"['possible', 'will']",[],['locations impacted include']
NWS-IDP-PROD-4267814-3594939,2020-06-10T16:30:00.000Z,Actual,Update,NWS Grand Rapids MI,Severe Thunderstorm Warning,['Shelter'],Immediate,Severe,Observed,Severe Thunderstorm Warning issued June 10 at 12:30PM EDT until June 10 at 1:30PM EDT by NWS Grand Rapids MI,"At 1229 PM EDT, a severe thunderstorm was located 9 miles northwest
of St. Johns, moving northeast at 50 mph.

HAZARD...60 mph wind gusts and penny size hail.

SOURCE...Radar indicated.

IMPACT...Expect damage to roofs, siding, and trees.

Locations impacted include...
Ionia...               St. Johns...           Belding...
Portland...            Grand Ledge...         Lake Odessa...
Saranac...             Eureka...              Orleans...
Fowler...              Sebewa...              Westphalia...
Lyons...               Maple Rapids...        Muir...
Mulliken...            Pewamo...              Hubbardston...
Clarksville...         Eagle...","For your protection move to an interior room on the lowest floor of a
building.","Clinton, MI; Ionia, MI",2020-06-10,16:30:00,"at 1229 pm edt, a severe thunderstorm was located 9 miles northwest of st. johns, moving northeast at 50 mph. hazard...60 mph wind gusts and penny size hail. source...radar indicated. impact...expect damage to roofs, siding, and trees. locations impacted include... ionia... st. johns... belding... portland... grand ledge... lake odessa... saranac... eureka... orleans... fowler... sebewa... westphalia... lyons... maple rapids... muir... mulliken... pewamo... hubbardston... clarksville... eagle...",['radar indicated'],['1229 pm edt'],[],[],"['st. johns', 'ionia', 'st. johns', 'belding', 'portland', 'grand ledge', 'lake odessa', 'saranac', 'eureka', 'orleans', 'fowler', 'sebewa', 'westphalia', 'lyons', 'maple rapids', 'muir', 'mulliken', 'pewamo', 'hubbardston', 'clarksville', 'eagle']","['50 mph', '60 mph']",[],"['expect', 'like', 'indicate']",[],"['expect damage to roofs, siding, and trees']"
NWS-IDP-PROD-4259441,2020-06-06T23:33:00.000Z,Actual,Alert,NWS Gray ME,Special Weather Statement,['Execute'],Expected,Moderate,Observed,Special Weather Statement issued June 6 at 7:33PM EDT by NWS Gray ME,"At 732 PM EDT, a strong thunderstorm was located over Ryegate, or 16
miles south of St. Johnsbury, moving east at 40 mph.

Winds in excess of 40 mph and half inch hail are possible with this
storm.

Locations impacted include...
Littleton, Bethlehem, Lincoln, Haverhill, Franconia, Woodstock,
Lisbon, Bath, Benton, Easton, Monroe, Landaff, Lyman and Sugar Hill.

This includes Interstate 93 near mile marker 111, and between mile
markers 113 and 124.

If outdoors, consider seeking shelter inside a building.",,Northern Grafton,2020-06-06,23:33:00,"at 732 pm edt, a strong thunderstorm was located over ryegate, or 16 miles south of st. johnsbury, moving east at 40 mph. winds in excess of 40 mph and half inch hail are possible with this storm. locations impacted include... littleton, bethlehem, lincoln, haverhill, franconia, woodstock, lisbon, bath, benton, easton, monroe, landaff, lyman and sugar hill. this includes interstate 93 near mile marker 111, and between mile markers 113 and 124. if outdoors, consider seeking shelter inside a building.",[],['at 732 pm edt'],[],[],"['ryegate', 'st. johnsbury', 'littleton', 'bethlehem', 'lincoln', 'haverhill', 'franconia', 'woodstock', 'lisbon', 'bath', 'benton', 'easton', 'monroe', 'landaff', 'lyman', 'sugar hill', 'interstate 93']",['winds in excess of 40 mph'],[],"['consider', 'possible', 'little']","['if outdoors, consider seeking shelter inside a building']",[]
NWS-IDP-PROD-4259766-3589293,2020-06-07T01:35:00.000Z,Actual,Update,NWS Boston/Norton MA,Special Marine Warning,['Avoid'],Immediate,Severe,Likely,Special Marine Warning issued June 6 at 9:35PM EDT until June 6 at 10:45PM EDT by NWS Boston/Norton MA,"For the following areas...
Boston Harbor...
Coastal waters east of Ipswich Bay and the Stellwagen Bank National
Marine Sanctuary...
Massachusetts Bay and Ipswich Bay...

At 934 PM EDT, a strong thunderstorm was located near Quincy, moving
east at 25 knots.

HAZARD...Wind gusts to 40 knots and small hail.

SOURCE...Radar indicated and this storm has a history of producing
wind damage.

IMPACT...Small craft could be damaged in briefly higher winds and
suddenly higher waves.

Locations impacted include...
Quincy Harbor, Boston Light, Scituate Harbor, Minot Light and Ocean
Bluff-Brant Rock.","Report severe weather to the Coast Guard or the National Weather
Service.",Boston Harbor; Coastal waters east of Ipswich Bay and the Stellwagen Bank National Marine Sanctuary; Massachusetts Bay and Ipswich Bay,2020-06-07,01:35:00,"for the following areas... boston harbor... coastal waters east of ipswich bay and the stellwagen bank national marine sanctuary... massachusetts bay and ipswich bay... at 934 pm edt, a strong thunderstorm was located near quincy, moving east at 25 knots. hazard...wind gusts to 40 knots and small hail. source...radar indicated and this storm has a history of producing wind damage. impact...small craft could be damaged in briefly higher winds and suddenly higher waves. locations impacted include... quincy harbor, boston light, scituate harbor, minot light and ocean bluff-brant rock.",['radar indicated'],['934 pm edt'],[],[],"['boston harbor', 'ipswich bay', 'stellwagen bank national marine sanctuary', 'massachusetts bay', 'ipswich bay', 'quincy', 'quincy', 'boston light', 'scituate harbor', 'minot light', 'ocean bluff-brant rock']","['25 knots', '40 knots']",[],"['could', 'indicate']",[],"['small craft could be damaged', 'suddenly higher waves']"
NWS-130404-693631-480241,2014-01-03T06:10:00.000Z,Actual,Update,NWS Chicago IL,Lake Effect Snow Warning,['Avoid'],Expected,Extreme,Likely,Lake Effect Snow Warning issued January 3 at 12:09AM CST expiring January 3 at 3:00AM CST by NWS Chicago IL,"...WINTER WEATHER ADVISORY REMAINS IN EFFECT FROM 4 PM THIS
AFTERNOON TO 9 AM CST SATURDAY...

FOR THE LAKE EFFECT SNOW WARNING...

* TIMING...LAKE EFFECT SNOW SHOWERS...AT TIMES SQUALLS...THROUGH
  THIS EVENING. 

* SNOW ACCUMULATIONS...LAKE EFFECT SNOW SQUALLS RESULT IN HIGHLY 
  VARIABLE ACCUMULATIONS. AS A RESULT...SOME AREAS IN THE 
  WARNING MAY ONLY GET AN INCH OR TWO OF SNOW WHILE OTHER 
  LOCATIONS COULD SEE SIX OR MORE INCHES...POSSIBLY EVEN NEAR 
  EIGHT. 

* IMPACTS...SNOWFALL RATES AROUND TWO INCHES PER HOUR WITHIN 
  SNOW SQUALLS. THIS WILL RESULT IN NEAR ZERO VISIBILITIES AT 
  TIMES...MAKING TRAVEL VERY HAZARDOUS. 

FOR THE WINTER WEATHER ADVISORY FOR BLOWING SNOW...

* BLOWING AND DRIFTING SNOW WILL BEGIN FRIDAY AFTERNOON. 
  CONSIDERABLE BLOWING AND DRIFTING SNOW WITH BLIZZARD LIKE 
  CONDITIONS FRIDAY EVENING THROUGH EARLY SATURDAY MORNING. 

* IMPACTS...WINDS SHIFT TO THE SOUTH FRIDAY MORNING WITH SPEEDS 
  APPROACHING 20 TO 25 MPH AND GUSTS NEAR 35 MPH. THIS WILL 
  CREATE CONSIDERABLE BLOWING AND DRIFTING OF SNOW WITH 
  VISIBILITIES REDUCED TO NEAR ZERO AT TIMES...MAINLY IN OPEN 
  AND RURAL AREAS.","A WINTER WEATHER ADVISORY FOR BLOWING SNOW MEANS THAT
VISIBILITIES WILL BE LIMITED DUE TO STRONG WINDS BLOWING SNOW
AROUND. USE CAUTION WHEN TRAVELING...ESPECIALLY IN OPEN AREAS.

A LAKE EFFECT SNOW WARNING MEANS SIGNIFICANT AMOUNTS OF LAKE-
EFFECT SNOW ARE FORECAST THAT WILL MAKE TRAVEL VERY HAZARDOUS OR
IMPOSSIBLE. LAKE-EFFECT SNOW SHOWERS TYPICALLY ALIGN THEMSELVES
IN BANDS AND WILL LIKELY BE INTENSE ENOUGH TO DROP 1 TO SEVERAL
INCHES OF SNOW PER HOUR FOR SEVERAL HOURS. VISIBILITIES VARY
GREATLY AND CAN DROP TO ZERO WITHIN MINUTES.  TRAVEL IS STRONGLY
DISCOURAGED. COMMERCE COULD BE SEVERELY IMPACTED. IF YOU MUST
TRAVEL...KEEP AN EXTRA FLASHLIGHT...FOOD...AND WATER IN YOUR
VEHICLE IN CASE OF AN EMERGENCY.

",Porter,2014-01-03,06:10:00,...winter weather advisory remains in effect from 4 pm this afternoon to 9 am cst saturday... for the lake effect snow warning... * timing...lake effect snow showers...at times squalls...through this evening. * snow accumulations...lake effect snow squalls result in highly variable accumulations. as a result...some areas in the warning may only get an inch or two of snow while other locations could see six or more inches...possibly even near eight. * impacts...snowfall rates around two inches per hour within snow squalls. this will result in near zero visibilities at times...making travel very hazardous. for the winter weather advisory for blowing snow... * blowing and drifting snow will begin friday afternoon. considerable blowing and drifting snow with blizzard like conditions friday evening through early saturday morning. * impacts...winds shift to the south friday morning with speeds approaching 20 to 25 mph and gusts near 35 mph. this will create considerable blowing and drifting of snow with visibilities reduced to near zero at times...mainly in open and rural areas.,"['winter weather advisory', 'lake effect snow warning', 'winter weather advisory']","['4 pm this afternoon', 'this evening', 'friday afternoon', 'friday evening', 'friday morning']",[],[],['mainly in open    and rural areas'],"['speeds    approaching 20 to 25 mph', 'gusts near 35 mph']",[],"['some', 'like', 'consider', 'may', 'could', 'possibly', 'around', 'mainly', 'will']",[],"['impacts', 'impacts']"
NWS-IDP-PROD-4262083-3590987,2020-06-08T00:44:00.000Z,Actual,Update,NWS Aberdeen SD,Tornado Warning,['Shelter'],Immediate,Extreme,Observed,Tornado Warning issued June 7 at 7:44PM CDT until June 7 at 8:00PM CDT by NWS Aberdeen SD,"At 744 PM CDT, a severe thunderstorm capable of producing a tornado
was located over Brentwood Colony, or 11 miles northwest of Faulkton,
moving northeast at 65 mph.

HAZARD...Tornado and quarter size hail.

SOURCE...Radar indicated rotation.

IMPACT...Flying debris will be dangerous to those caught without
shelter. Mobile homes will be damaged or destroyed. Damage
to roofs, windows, and vehicles will occur.  Tree damage is
likely.

This dangerous storm will be near...
Norbeck around 750 PM CDT.","TAKE COVER NOW! Move to a basement or an interior room on the lowest
floor of a sturdy building. Avoid windows. If you are outdoors, in a
mobile home, or in a vehicle, move to the closest substantial shelter
and protect yourself from flying debris.","Faulk, SD",2020-06-08,00:44:00,"at 744 pm cdt, a severe thunderstorm capable of producing a tornado was located over brentwood colony, or 11 miles northwest of faulkton, moving northeast at 65 mph. hazard...tornado and quarter size hail. source...radar indicated rotation. impact...flying debris will be dangerous to those caught without shelter. mobile homes will be damaged or destroyed. damage to roofs, windows, and vehicles will occur. tree damage is likely. this dangerous storm will be near... norbeck around 750 pm cdt.",['radar indicated rotation'],"['744 pm cdt', 'around 750 pm cdt']",[],[],"['brentwood colony', 'faulkton', 'norbeck']",['65 mph'],[],"['like', 'likely', 'around', 'indicate', 'will']",[],"['flying debris will be dangerous to those caught without shelter', 'mobile homes will be damaged or destroyed', 'damage to roofs, windows, and vehicles', 'tree damage is likely']"
NWS-IDP-PROD-4264747-3592941,2020-06-09T05:18:00.000Z,Actual,Alert,NWS Grand Forks ND,Severe Thunderstorm Warning,['Shelter'],Immediate,Severe,Observed,Severe Thunderstorm Warning issued June 9 at 12:18AM CDT until June 9 at 1:00AM CDT by NWS Grand Forks ND,"The National Weather Service in Grand Forks has issued a

* Severe Thunderstorm Warning for...
Southeastern Otter Tail County in west central Minnesota...

* Until 100 AM CDT.

* At 1218 AM CDT, a severe thunderstorm was located 7 miles north of
Melby, or 20 miles southeast of Fergus Falls, moving northeast at
40 mph.

HAZARD...60 mph wind gusts and quarter size hail.

SOURCE...Radar indicated.

IMPACT...Hail damage to vehicles is expected. Expect wind damage
to roofs, siding, and trees.

* Locations impacted include...
Henning, Ottertail, Deer Creek, Clitherall, Vining, Glendalough
State Park and eastern Ottertail Lake.","For your protection move to an interior room on the lowest floor of a
building.","Otter Tail, MN",2020-06-09,05:18:00,"the national weather service in grand forks has issued a * severe thunderstorm warning for... southeastern otter tail county in west central minnesota... * until 100 am cdt. * at 1218 am cdt, a severe thunderstorm was located 7 miles north of melby, or 20 miles southeast of fergus falls, moving northeast at 40 mph. hazard...60 mph wind gusts and quarter size hail. source...radar indicated. impact...hail damage to vehicles is expected. expect wind damage to roofs, siding, and trees. * locations impacted include... henning, ottertail, deer creek, clitherall, vining, glendalough state park and eastern ottertail lake.",['radar indicated'],['1218 am cdt'],['until 100 am cdt'],[],"['grand forks', 'southeastern otter tail county', 'west central minnesota', 'melby', 'fergus falls', 'henning', 'ottertail', 'deer creek', 'clitherall', 'vining', 'glendalough state park', 'eastern ottertail lake']","['40 mph', '60 mph']",[],"['expect', 'indicate']","['expect wind damage to roofs, siding, and trees']","['quarter size hail', 'hail damage to vehicles']"
NWS-IDP-PROD-4259183-3588876,2020-06-06T21:51:00.000Z,Actual,Alert,NWS Pendleton OR,Wind Advisory,['Execute'],Expected,Moderate,Likely,Wind Advisory issued June 6 at 2:51PM PDT until June 8 at 2:00AM PDT by NWS Pendleton OR,"* WHAT...Northwest winds 25 to 35 mph with gusts up to 55 mph
expected.

* WHERE...In Washington, Eastern Columbia River Gorge of
Washington and Kittitas Valley. In Oregon, East Columbia River
Gorge.

* WHEN...From 8 AM Sunday to 2 AM PDT Monday.

* IMPACTS...Gusty winds could blow around unsecured objects.
Tree limbs could be blown down and a few power outages may
result.

* ADDITIONAL DETAILS...Strong pressure gradient combined with well
mixed boundary layer will lead to strong winds mixing down to
surface Sunday. Winds shift east and ease in the late
night/early morning hours.","Consider taking a walk Saturday afternoon to ensure no lawn
furniture or other items could be blown about in Sundays winds.

Use extra caution when driving, especially if operating a high
profile or extra long vehicle. Secure outdoor objects.",Eastern Columbia River Gorge of Washington; East Columbia River Gorge; Kittitas Valley,2020-06-06,21:51:00,"* what...northwest winds 25 to 35 mph with gusts up to 55 mph expected. * where...in washington, eastern columbia river gorge of washington and kittitas valley. in oregon, east columbia river gorge. * when...from 8 am sunday to 2 am pdt monday. * impacts...gusty winds could blow around unsecured objects. tree limbs could be blown down and a few power outages may result. * additional details...strong pressure gradient combined with well mixed boundary layer will lead to strong winds mixing down to surface sunday. winds shift east and ease in the late night/early morning hours.",[],"['8 am sunday', '2 am pdt monday', 'sunday', 'late night/early morning hours']",[],[],"['washington', 'eastern columbia river gorge', 'washington', 'kittitas valley', 'in oregon', 'east columbia river gorge']","['25 to 35 mph', 'gusts up to 55 mph']",[],"['expect', 'may', 'could', 'few', 'around', 'will']",[],"['gusty winds could blow around unsecured objects', 'tree limbs could be blown down']"
NWS-130404-683491-472616,2013-12-27T16:32:59.000Z,Actual,Update,NWS Buffalo NY,Lake Effect Snow Warning,['Avoid'],Expected,Extreme,Likely,Lake Effect Snow Warning issued December 27 at 11:31AM EST expiring December 27 at 4:00PM EST by NWS Buffalo NY,"* LOCATIONS...EASTERN LAKE ONTARIO REGION...MAINLY ACROSS NORTHERN
  JEFFERSON COUNTY.

* TIMING...THROUGH LATE THIS AFTERNOON.

* ACCUMULATIONS... AN ADDITIONAL 1 TO 2 INCHES IN THE MOST
  PERSISTENT LAKE SNOWS TODAY.

* VISIBILITIES....

* IMPACTS...LOCALLY HEAVY SNOW SQUALLS WILL PRODUCE VERY POOR
  VISIBILITY AND SNOW COVERED ROADS. TRAVEL WILL BE IMPACTED ALONG
  INTERSTATE 81 NORTH OF WATERTOWN.","IF YOU LOSE POWER AND PLAN ON RUNNING A GENERATOR...MAKE SURE
THAT THE GENERATOR IS LOCATED OUTDOORS AND IS PROPERLY
VENTILATED. SPACE HEATERS SHOULD ALSO BE PROPERLY VENTILATED AND
USED ONLY IF THEY ARE OPERATING PROPERLY. MAKE SURE SNOW DOES NOT
BLOCK EXHAUSTS AND FRESH AIR INTAKES FOR HIGH EFFICIENCY FURNACES
AND WATER HEATERS.

STAY TUNED TO NOAA WEATHER RADIO OR YOUR FAVORITE SOURCE OF
WEATHER INFORMATION FOR THE LATEST UPDATES. ADDITIONAL DETAILS
CAN ALSO BE FOUND AT WWW.WEATHER.GOV/BUFFALO.

REPORT SNOW ACCUMULATION TO THE NATIONAL WEATHER SERVICE IN
BUFFALO BY SENDING AN EMAIL TO BUFSTORM.REPORT@NOAA.GOV...POSTING
TO THE NWS BUFFALO FACEBOOK PAGE...OR TWEET...USING THE HASHTAG
BUFWX

IN LAKE EFFECT SNOW THE WEATHER CAN VARY FROM LOCALLY HEAVY SNOW
IN NARROW BANDS TO CLEAR SKIES JUST A FEW MILES AWAY. IF YOU WILL
BE TRAVELING ACROSS THE REGION BE PREPARED FOR RAPID CHANGES IN
ROAD AND VISIBILITY CONDITIONS.

",Jefferson,2013-12-27,16:32:59,* locations...eastern lake ontario region...mainly across northern jefferson county. * timing...through late this afternoon. * accumulations... an additional 1 to 2 inches in the most persistent lake snows today. * visibilities.... * impacts...locally heavy snow squalls will produce very poor visibility and snow covered roads. travel will be impacted along interstate 81 north of watertown.,[],['today'],['through late this afternoon'],[],"['eastern lake ontario region', 'northern   jefferson county', 'along   interstate 81 north of watertown']",[],"['accumulations', 'an additional 1 to 2 inches', 'visibilities']","['most', 'mainly', 'will']",[],['impacts']
NWS-IDP-PROD-4259552-3589132,2020-06-07T00:14:00.000Z,Actual,Alert,NWS Tampa Bay Ruskin FL,Flood Warning,['Avoid'],Expected,Severe,Likely,Flood Warning issued June 6 at 8:14PM EDT until June 6 at 9:30PM EDT by NWS Tampa Bay Ruskin FL,"The National Weather Service in Tampa Bay Ruskin has issued a

* Flood Warning for...
Manatee County in west central Florida...
Western Sarasota County in west central Florida...

* Until 930 PM EDT.

* At 814 PM EDT, emergency management reported street and stream
flooding in the warned area due to continued heavy rainfall.
Flooding is ongoing. Between 5 and 10 inches of rain have fallen.

Reports of vehicles stalled in floodwaters have come in from Bee
Ridge Road in Sarasota County and also the Bayshore Gardens and
Whitfield Estates regions of Manatee County.

Some locations that will experience flooding include...
North Port, Sarasota, Bradenton, Palmetto, Lakewood Ranch, The
Meadows, Lake Sarasota, Kensington Park, Sarasota Springs, North
Sarasota, Southgate, South Gate Ridge, Myakka River State Park,
Ridge Wood Heights, Gulf Gate Estates, South Sarasota, Sarasota
Bradenton Airport, Saint Armands Key, West Samoset and Ellenton.","A Flood Warning means that flooding is imminent or occurring. All
interested parties should take necessary precautions immediately.

Turn around, don't drown when encountering flooded roads. Most flood
deaths occur in vehicles.","Sarasota, FL; Manatee, FL",2020-06-07,00:14:00,"the national weather service in tampa bay ruskin has issued a * flood warning for... manatee county in west central florida... western sarasota county in west central florida... * until 930 pm edt. * at 814 pm edt, emergency management reported street and stream flooding in the warned area due to continued heavy rainfall. flooding is ongoing. between 5 and 10 inches of rain have fallen. reports of vehicles stalled in floodwaters have come in from bee ridge road in sarasota county and also the bayshore gardens and whitfield estates regions of manatee county. some locations that will experience flooding include... north port, sarasota, bradenton, palmetto, lakewood ranch, the meadows, lake sarasota, kensington park, sarasota springs, north sarasota, southgate, south gate ridge, myakka river state park, ridge wood heights, gulf gate estates, south sarasota, sarasota bradenton airport, saint armands key, west samoset and ellenton.",[],['814 pm edt'],['until 930 pm edt'],[],"['tampa bay ruskin', 'manatee county', 'west central florida', 'sarasota', 'west central florida', 'bee ridge road', 'sarasota', 'manatee county', 'north port', 'sarasota', 'bradenton', 'palmetto', 'lakewood ranch', 'the meadows', 'lake sarasota', 'kensington park', 'sarasota', 'north sarasota', 'southgate', 'south gate ridge', 'myakka river state park', 'ridge wood heights', 'gulf gate estates', 'sarasota', 'sarasota bradenton', 'saint armands key', 'west samoset', 'ellenton']",[],[],"['some', 'will']",[],[]
NWS-IDP-PROD-4260184-3589631,2020-06-07T04:14:00.000Z,Actual,Update,NWS Mobile AL,Coastal Flood Advisory,['Monitor'],Expected,Minor,Likely,Coastal Flood Advisory issued June 6 at 11:14PM CDT until June 8 at 7:00PM CDT by NWS Mobile AL,"* WHAT...Minor coastal flooding of 2 to 3 feet expected in the
northern end of Mobile Bay.

* WHERE...Coastal portions of Baldwin Central and Mobile Central
Counties.

* WHEN...Until 7 PM CDT Monday.

* IMPACTS...Flooding of parking lots, parks, and roads with only
isolated road closures expected. The most impacted areas will
be over northern portions of Mobile Bay, especially at the
times of high tide Sunday and Monday.","If travel is required, allow extra time as some roads may be
closed. Do not drive around barricades or through water of
unknown depth. Take the necessary actions to protect flood-prone
property.",Mobile Central; Baldwin Central,2020-06-07,04:14:00,"* what...minor coastal flooding of 2 to 3 feet expected in the northern end of mobile bay. * where...coastal portions of baldwin central and mobile central counties. * when...until 7 pm cdt monday. * impacts...flooding of parking lots, parks, and roads with only isolated road closures expected. the most impacted areas will be over northern portions of mobile bay, especially at the times of high tide sunday and monday.",[],[],[],[],"['northern end of mobile bay', 'coastal portions of baldwin central and mobile central counties', 'northern portions of mobile bay']",['the most impacted areas'],['2 to 3 feet'],"['expect', 'most', 'will']",[],"['flooding of parking lots, parks, and roads']"
NWS-IDP-PROD-4264481,2020-06-09T02:32:00.000Z,Actual,Alert,NWS Duluth MN,Special Weather Statement,['Execute'],Expected,Moderate,Observed,Special Weather Statement issued June 8 at 9:32PM CDT by NWS Duluth MN,"At 930 PM CDT, a strong thunderstorm was over Baudette, moving east
at 35 mph.

Wind gusts up to 40 mph, dime size hail, torrential rainfall, and
frequent cloud to ground lightning can be expected with this storm.

This storm will remain over mainly rural areas of northwestern
Koochiching County, including State Highway 11 between Clementson
and Birchdale.

Seek shelter inside a sturdy building and away from windows until
this storm passes. Get off area lakes and seek shelter on shore in a
sturdy shelter or a hard topped vehicle.

This storm may intensify, please monitor local media outlets for
additional information and possible warnings from the National
Weather Service.",,Koochiching,2020-06-09,02:32:00,"at 930 pm cdt, a strong thunderstorm was over baudette, moving east at 35 mph. wind gusts up to 40 mph, dime size hail, torrential rainfall, and frequent cloud to ground lightning can be expected with this storm. this storm will remain over mainly rural areas of northwestern koochiching county, including state highway 11 between clementson and birchdale. seek shelter inside a sturdy building and away from windows until this storm passes. get off area lakes and seek shelter on shore in a sturdy shelter or a hard topped vehicle. this storm may intensify, please monitor local media outlets for additional information and possible warnings from the national weather service.",[],['at 930 pm cdt'],['until this storm passes'],['frequent cloud to ground lightning'],"['baudette', 'northwestern koochiching county', 'including state highway 11 between clementson and birchdale']",[],"['wind gusts up to 40 mph', 'dime size hail', 'torrential rainfall']","['expect', 'may', 'possible', 'can', 'mainly', 'will']",['seek shelter inside a sturdy building and away from windows'],[]
NWS-130404-683618,2013-12-27T19:28:15.000Z,Actual,Alert,NWS Springfield MO,Extreme Fire Danger,['Prepare'],Expected,Moderate,Likely,Extreme Fire Danger issued December 27 at 1:27PM CST by NWS Springfield MO,"THE GFDI DOES NOT ACCOUNT FOR PRECIPITATION THAT OCCURS WITHIN
THE HOUR PRECEDING ANY GIVEN FORECAST HOUR BELOW OR ANY SNOW ON
THE GROUND AT THE FORECAST HOUR. PLEASE MAKE APPROPRIATE ADJUSTMENTS.(ALL TIME REFERENCES ARE IN CST)

DAY/DATE      24HR INDEX   *  MID  3AM  6AM  9AM NOON  3PM  6PM  9PM
FRI DEC 27  MODERATE    4  *   L    L    L    L    M    M    L    L  
SAT DEC 28  MODERATE    5  *   L    L    L    L    M    M    L    L  
SUN DEC 29  MODERATE    6  *   L    L    L    M    M    M    M    M  
MON DEC 30  LOW         2  *   L    L    L    L    L    L    L    L  
TUE DEC 31  MODERATE    3  *   L    L    L    L    L    M    L    L  
WED JAN 01  LOW         1  *   L    L    L    L    L    L    L    L",,Stone,2013-12-27,19:28:15,the gfdi does not account for precipitation that occurs within the hour preceding any given forecast hour below or any snow on the ground at the forecast hour. please make appropriate adjustments.(all time references are in cst) day/date 24hr index * mid 3am 6am 9am noon 3pm 6pm 9pm fri dec 27 moderate 4 * l l l l m m l l sat dec 28 moderate 5 * l l l l m m l l sun dec 29 moderate 6 * l l l m m m m m mon dec 30 low 2 * l l l l l l l l tue dec 31 moderate 3 * l l l l l m l l wed jan 01 low 1 * l l l l l l l l,[],"['mid', 'noon']",[],[],[],"['moderate', 'moderate', 'moderate', 'low', 'moderate', 'low']",[],[],['please make appropriate adjustments'],[]
NWS-IDP-PROD-4263761-3592230,2020-06-08T19:34:00.000Z,Actual,Update,NWS Brownsville TX,Coastal Flood Advisory,['Monitor'],Expected,Minor,Likely,Coastal Flood Advisory issued June 8 at 2:34PM CDT until June 8 at 7:00PM CDT by NWS Brownsville TX,"* WHAT...Minor coastal flooding.

* WHERE...Coastal Kenedy, Coastal Cameron and Coastal Willacy
Counties.

* WHEN...Until 7 PM CDT this evening.

* IMPACTS...Gulf water will briefly cross public beach access
points, not enough to close the highway for any extended
period of time. Gulf water will reach the dune line. Expect
minor or moderate beach erosion along the lower Texas coast.

* ADDITIONAL DETAILS...High tide occurred at 9:14 AM this morning
with the highest inundation of 1 to 1.5 feet above the ground.","If travel is required, allow extra time as some roads may be
closed. Do not drive around barricades or through water of
unknown depth. Take the necessary actions to protect flood-prone
property.",Coastal Cameron; Coastal Kenedy; Coastal Willacy,2020-06-08,19:34:00,"* what...minor coastal flooding. * where...coastal kenedy, coastal cameron and coastal willacy counties. * when...until 7 pm cdt this evening. * impacts...gulf water will briefly cross public beach access points, not enough to close the highway for any extended period of time. gulf water will reach the dune line. expect minor or moderate beach erosion along the lower texas coast. * additional details...high tide occurred at 9:14 am this morning with the highest inundation of 1 to 1.5 feet above the ground.",[],['9:14 am this morning'],['until 7 pm cdt this evening'],[],"['coastal kenedy', 'coastal cameron', 'coastal willacy counties', 'public beach access points', 'lower texas coast']",[],[],"['expect', 'tend', 'will']",[],['expect minor or moderate beach erosion']
NWS-130404-695513-482028,2014-01-04T04:13:25.000Z,Actual,Update,NWS Denver CO,Winter Storm Warning,['Prepare'],Expected,Severe,Likely,Winter Storm Warning issued January 3 at 9:12PM MST expiring January 5 at 5:00AM MST by NWS Denver CO,".A STORM SYSTEM NOW OVER MONTANA AND NORTHERN WYOMING WILL SPREAD
SNOW ACROSS THE NORTHERN MOUNTAINS OF COLORADO TONIGHT AND
CONTINUE ON SATURDAY. THE SNOW WILL BE HEAVY AT TIMES LATE TONIGHT
THROUGH MIDDAY SATURDAY. GUSTY WEST WINDS WILL PRODUCE AREAS OF
BLOWING SNOW ALONG WITH POOR VISIBILITIES OVER THE HIGHER MOUNTAIN
PASSES.* TIMING...SNOW WILL INCREASE TOWARDS MIDNIGHT AND CONTINUE
  THROUGH SATURDAY NIGHT.

* SNOW ACCUMULATIONS...10 TO 16 INCHES.

* WIND/VISIBILITY...WEST 15 TO 25 MPH WITH GUSTS TO 35 MPH. 
  VISIBILITIES WILL DROP BELOW ONE QUARTER MILE AT TIMES DUE TO 
  BLOWING SNOW. 

* IMPACTS...TRAVEL WILL BE HAZARDOUS WITH SNOW COVERED ROADS AND 
  REDUCED VISIBILITIES. CHAIN LAWS WILL LIKELY BE IN EFFECT LATE 
  TONIGHT AND SATURDAY OVER THE HIGHER PASSES.","A WINTER STORM WARNING FOR HEAVY SNOW MEANS SEVERE WINTER WEATHER
CONDITIONS ARE EXPECTED OR OCCURRING.  SIGNIFICANT AMOUNTS OF
SNOW ARE FORECAST THAT WILL MAKE TRAVEL DANGEROUS. ONLY TRAVEL IN
AN EMERGENCY. IF YOU MUST TRAVEL...KEEP AN EXTRA FLASHLIGHT...
FOOD...AND WATER IN YOUR VEHICLE IN CASE OF AN EMERGENCY.

",Grand; Jackson,2014-01-04,04:13:25,.a storm system now over montana and northern wyoming will spread snow across the northern mountains of colorado tonight and continue on saturday. the snow will be heavy at times late tonight through midday saturday. gusty west winds will produce areas of blowing snow along with poor visibilities over the higher mountain passes.* timing...snow will increase towards midnight and continue through saturday night. * snow accumulations...10 to 16 inches. * wind/visibility...west 15 to 25 mph with gusts to 35 mph. visibilities will drop below one quarter mile at times due to blowing snow. * impacts...travel will be hazardous with snow covered roads and reduced visibilities. chain laws will likely be in effect late tonight and saturday over the higher passes.,[],"['tonight', 'late tonight', 'midnight', 'late    tonight']",[],[],"['montana', 'northern wyoming', 'northern mountains of colorado', 'higher mountain passes']","['15 to 25 mph', 'gusts to 35 mph']",['10 to 16 inches'],"['like', 'likely', 'read', 'will']",[],['impacts']
NWS-IDP-PROD-4265429-3593370,2020-06-09T15:15:00.000Z,Actual,Update,NWS Lake Charles LA,Coastal Flood Advisory,['Monitor'],Expected,Minor,Likely,Coastal Flood Advisory issued June 9 at 10:15AM CDT until June 9 at 1:00PM CDT by NWS Lake Charles LA,"* WHAT...Minor coastal flooding expected.

* WHERE...Cameron, St. Mary, Vermilion and Iberia Parishes and
Jefferson County.

* WHEN...Until 1 PM CDT Tuesday.

* IMPACTS...Flooding of lots, parks, and roads with only
isolated road closures expected.

* ADDITIONAL DETAILS...Actual tide heights will be between 1.5 and
2.0 feet mean higher high water for the remainder of the morning.
This may cause inundation of around 1 feet above ground level
in some spots.","If travel is required, allow extra time as some roads may be
closed. Do not drive around barricades or through water of
unknown depth. Take the necessary actions to protect flood-prone
property.",St. Mary; Iberia; Vermilion,2020-06-09,15:15:00,"* what...minor coastal flooding expected. * where...cameron, st. mary, vermilion and iberia parishes and jefferson county. * when...until 1 pm cdt tuesday. * impacts...flooding of lots, parks, and roads with only isolated road closures expected. * additional details...actual tide heights will be between 1.5 and 2.0 feet mean higher high water for the remainder of the morning. this may cause inundation of around 1 feet above ground level in some spots.",[],['tuesday'],['for the remainder of the morning'],[],"['cameron', 'st. mary', 'vermilion', 'jefferson county']",[],"['actual tide heights', 'between 1.5 and 2.0 feet mean higher high water']","['expect', 'some', 'may', 'around', 'will']",[],"['flooding of lots, parks, and roads']"
NWS-130404-689247,2013-12-31T19:56:46.000Z,Actual,Alert,NWS Wichita KS,Extreme Fire Danger,['Prepare'],Expected,Moderate,Likely,Extreme Fire Danger issued December 31 at 1:56PM CST by NWS Wichita KS,"THE GFDI DOES NOT ACCOUNT FOR PRECIPITATION THAT OCCURS WITHIN
THE HOUR PRECEDING ANY GIVEN FORECAST HOUR BELOW OR ANY SNOW ON
THE GROUND AT THE FORECAST HOUR. PLEASE MAKE APPROPRIATE ADJUSTMENTS.(ALL TIME REFERENCES ARE IN CST)

DAY/DATE      24HR INDEX   *  MID  3AM  6AM  9AM NOON  3PM  6PM  9PM
TUE DEC 31  VERY HIGH  24  *                            H    M    M  
WED JAN 01  MODERATE    5  *   L    L    L    L    M    M    M    L  
THU JAN 02  LOW         1  *   L    L    L    L    L    L    L    L  
FRI JAN 03  HIGH       12  *   L    L    L    M    M    H    M    M  
SAT JAN 04  MODERATE    5  *   M    M    L    L    L    L    L    L  
SUN JAN 05  LOW         1  *   L    L    L    L    L    L    L    L",,Chase,2013-12-31,19:56:46,the gfdi does not account for precipitation that occurs within the hour preceding any given forecast hour below or any snow on the ground at the forecast hour. please make appropriate adjustments.(all time references are in cst) day/date 24hr index * mid 3am 6am 9am noon 3pm 6pm 9pm tue dec 31 very high 24 * h m m wed jan 01 moderate 5 * l l l l m m m l thu jan 02 low 1 * l l l l l l l l fri jan 03 high 12 * l l l m m h m m sat jan 04 moderate 5 * m m l l l l l l sun jan 05 low 1 * l l l l l l l l,[],"['mid', 'noon']",[],[],[],"['high', 'moderate', 'high', 'moderate']",[],[],['please make appropriate adjustments'],[]
NWS-130404-689641-476796,2014-01-01T02:34:26.000Z,Actual,Update,NWS Cleveland OH,Lake Effect Snow Warning,['Avoid'],Expected,Extreme,Likely,Lake Effect Snow Warning issued December 31 at 9:33PM EST expiring January 1 at 4:00AM EST by NWS Cleveland OH,".LAKE EFFECT SNOW WILL CONTINUE ACROSS NORTHERN ASHTABULA COUNTY
INTO THE NIGHT BEFORE TAPERING OFF.

LOW PRESSURE WILL MOVE EAST OUT OF THE CENTRAL PLAINS AND MOVE
ACROSS THE OHIO VALLEY WEDNESDAY NIGHT AND EARLY THURSDAY. THE
SYSTEM WILL SPREAD SNOW ACROSS NORTHERN OHIO AND NORTHWEST
PENNSYLVANIA WITH LIGHT SNOW STARTING OVERNIGHT. THE SNOW COULD
SHIFT NORTH OF MUCH OF THE REGION WEDNESDAY AFTERNOON BEFORE
DROPPING BACK SOUTH ACROSS THE AREA WEDNESDAY NIGHT AND THURSDAY.
IN ADDITION...WINDS WILL BECOME GUSTY FROM THE NORTH AND NORTHEAST
CAUSING BLOWING AND DRIFTING....WINTER STORM WATCH REMAINS IN EFFECT FROM WEDNESDAY AFTERNOON
THROUGH THURSDAY EVENING...

* ACCUMULATIONS...4 TO LOCALLY 8 INCHES WHERE SQUALLS PERSIST 
  TONIGHT. AN ADDITIONAL 6 TO 8 INCHES ARE EXPECTED WEDNESDAY 
  THROUGH THURSDAY.

* TIMING...LAKE EFFECT SNOW WILL OCCUR TONIGHT. LIGHT SNOW WILL 
  OCCUR ON WEDNESDAY BECOMING HEAVIER WEDNESDAY NIGHT AND 
  THURSDAY.

* WINDS...WESTERLY WINDS OF 15 TO 25 MPH WITH GUSTS UP TO 35 MPH 
  POSSIBLE WILL OCCUR TONIGHT. NORTH TO NORTHEAST WINDS 15 TO 25 
  MPH WITH GUSTS TO 35 MPH WILL OCCUR WEDNESDAY NIGHT AND 
  THURSDAY.

* IMPACTS...TRAVEL WILL REMAIN HAZARDOUS ACROSS ERIE COUNTY 
  TONIGHT AS HEAVY SQUALLS MOVE ACROSS THE REGION. TRAVEL WILL 
  LIKELY CONTINUE HAZARDOUS WEDNESDAY NIGHT THROUGH THURSDAY.","IN LAKE EFFECT SNOW THE WEATHER CAN VARY FROM LOCALLY HEAVY SNOW
IN NARROW BANDS TO CLEAR SKIES JUST A FEW MILES AWAY. IF YOU WILL
BE TRAVELING ACROSS THE REGION BE PREPARED FOR RAPID CHANGES IN
ROAD AND VISIBILITY CONDITIONS. STAY TUNED TO NOAA WEATHER RADIO
FOR FURTHER DETAILS OR UPDATES.

A WINTER STORM WATCH MEANS THAT HEAVY SNOW IS POSSIBLE. IF YOU
ARE WITHIN THE WATCH AREA...REMAIN ALERT TO RAPIDLY CHANGING
WEATHER CONDITIONS. STAY TUNED TO THE NATIONAL WEATHER SERVICE OR
THE LOCAL NEWS MEDIA FOR THE LATEST UPDATES AND POSSIBLE
WARNINGS.

",Erie,2014-01-01,02:34:26,.lake effect snow will continue across northern ashtabula county into the night before tapering off. low pressure will move east out of the central plains and move across the ohio valley wednesday night and early thursday. the system will spread snow across northern ohio and northwest pennsylvania with light snow starting overnight. the snow could shift north of much of the region wednesday afternoon before dropping back south across the area wednesday night and thursday. in addition...winds will become gusty from the north and northeast causing blowing and drifting....winter storm watch remains in effect from wednesday afternoon through thursday evening... * accumulations...4 to locally 8 inches where squalls persist tonight. an additional 6 to 8 inches are expected wednesday through thursday. * timing...lake effect snow will occur tonight. light snow will occur on wednesday becoming heavier wednesday night and thursday. * winds...westerly winds of 15 to 25 mph with gusts up to 35 mph possible will occur tonight. north to northeast winds 15 to 25 mph with gusts to 35 mph will occur wednesday night and thursday. * impacts...travel will remain hazardous across erie county tonight as heavy squalls move across the region. travel will likely continue hazardous wednesday night through thursday.,['winter storm watch'],"['wednesday night', 'wednesday afternoon', 'wednesday night', 'tonight', 'tonight', 'wednesday night', 'tonight', 'wednesday night', 'tonight', 'wednesday night']",['wednesday afternoon through thursday evening'],[],"['northern ashtabula county', 'central plains', 'ohio valley', 'northern ohio', 'northwest pennsylvania', 'erie county']","['15 to 25 mph', 'gusts up to 35 mph', '15 to 25    mph', 'gusts to 35 mph']",['4 to locally 8 inches'],"['expect', 'like', 'could', 'likely', 'possible', 'read', 'much', 'will']",[],['impacts']
NWS-IDP-PROD-4253953,2020-06-04T23:14:00.000Z,Actual,Alert,NWS Greenville-Spartanburg SC,Special Weather Statement,['Execute'],Expected,Moderate,Observed,Special Weather Statement issued June 4 at 7:14PM EDT by NWS Greenville-Spartanburg SC,"At 714 PM EDT, Doppler radar was tracking a thunderstorm with
torrential rainfall 13 miles southwest of Columbus, or near
Tigerville, moving northeast at 15 mph.

Locations to be impacted include...
Columbus, Flat Rock, Landrum, Tryon, Saluda, Tigerville, Lake
Robinson, Pleasant Ridge State Park, Jones Gap State Park and
Slater-Marietta.

Wind gusts up to 50 mph and dime size hail will be possible in these
areas.","Torrential rainfall may flood areas with poor drainage, such as
ditches and underpasses. Avoid these areas and do not cross flooded
roads. Water levels of small streams may also rise rapidly. Seek
higher ground if threatened by flood waters.

This storm may intensify, so be certain to monitor local radio and tv
stations, as well as local cable tv outlets for additional
information and possible warnings from the National Weather Service.",Henderson; Spartanburg; Greenville Mountains; Polk Mountains; Greater Greenville; Eastern Polk,2020-06-04,23:14:00,"at 714 pm edt, doppler radar was tracking a thunderstorm with torrential rainfall 13 miles southwest of columbus, or near tigerville, moving northeast at 15 mph. locations to be impacted include... columbus, flat rock, landrum, tryon, saluda, tigerville, lake robinson, pleasant ridge state park, jones gap state park and slater-marietta. wind gusts up to 50 mph and dime size hail will be possible in these areas.",[],['714 pm edt'],[],[],"['columbus', 'tigerville', 'columbus', 'flat rock', 'landrum', 'tryon', 'saluda', 'tigerville', 'lake robinson', 'pleasant ridge state park', 'jones gap state park', 'slater-marietta']",['wind gusts up to 50 mph'],[],"['possible', 'will']",[],['locations to be impacted include']
NWS-IDP-PROD-4261687-3590646,2020-06-07T21:39:00.000Z,Actual,Update,NWS Seattle WA,Small Craft Advisory,['Avoid'],Expected,Minor,Likely,Small Craft Advisory issued June 7 at 2:39PM PDT until June 8 at 11:00AM PDT by NWS Seattle WA,"* WHAT...West winds 15 to 30 kt.

* WHERE...Northern Inland Waters Including The San Juan Islands
and Admiralty Inlet.

* WHEN...Until 11 AM PDT Monday.

* IMPACTS...Conditions will be hazardous to small craft.","A Small Craft Advisory means that wind speeds of 21 to 33 knots
and/or seas 10 feet or higher are expected to produce hazardous
wave conditions to small craft. Inexperienced mariners,
especially those operating smaller vessels should avoid
navigating in these conditions.",Admiralty Inlet; Northern Inland Waters Including The San Juan Islands,2020-06-07,21:39:00,* what...west winds 15 to 30 kt. * where...northern inland waters including the san juan islands and admiralty inlet. * when...until 11 am pdt monday. * impacts...conditions will be hazardous to small craft.,[],[],['until 11 am pdt monday'],[],"['northern inland waters', 'san juan islands', 'admiralty inlet']",['15 to 30 kt'],[],['will'],['conditions will be hazardous to small craft'],['impacts']
NWS-IDP-PROD-4255485-3586553,2020-06-05T10:31:00.000Z,Actual,Update,NWS Baltimore MD/Washington DC,Coastal Flood Advisory,['Monitor'],Expected,Minor,Likely,Coastal Flood Advisory issued June 5 at 6:31AM EDT until June 5 at 7:00AM EDT by NWS Baltimore MD/Washington DC,Water levels have declined.,,Anne Arundel,2020-06-05,10:31:00,water levels have declined.,[],[],[],[],[],[],['water levels'],[],[],[]
NWS-IDP-PROD-4256716-3587288,2020-06-05T23:23:00.000Z,Actual,Alert,NWS Little Rock AR,Severe Thunderstorm Warning,['Shelter'],Immediate,Severe,Observed,Severe Thunderstorm Warning issued June 5 at 6:23PM CDT until June 5 at 7:00PM CDT by NWS Little Rock AR,"The National Weather Service in Little Rock has issued a

* Severe Thunderstorm Warning for...
South central Prairie County in central Arkansas...
Southeastern Lonoke County in central Arkansas...
Northwestern Arkansas County in southeastern Arkansas...

* Until 700 PM CDT.

* At 622 PM CDT, a severe thunderstorm was located 5 miles north of
Stuttgart, moving south at 15 mph.

HAZARD...60 mph wind gusts and quarter size hail.

SOURCE...Radar indicated.

IMPACT...Hail damage to vehicles is expected. Expect wind damage
to roofs, siding, and trees.

* Locations impacted include...
Stuttgart...                      Humphrey...
Stuttgart Municipal Airport...    Brummitt...
Almyra Airport...                 Bayou Meteo State Game Area...","For your protection move to an interior room on the lowest floor of a
building.","Lonoke, AR; Arkansas, AR; Prairie, AR",2020-06-05,23:23:00,"the national weather service in little rock has issued a * severe thunderstorm warning for... south central prairie county in central arkansas... southeastern lonoke county in central arkansas... northwestern arkansas county in southeastern arkansas... * until 700 pm cdt. * at 622 pm cdt, a severe thunderstorm was located 5 miles north of stuttgart, moving south at 15 mph. hazard...60 mph wind gusts and quarter size hail. source...radar indicated. impact...hail damage to vehicles is expected. expect wind damage to roofs, siding, and trees. * locations impacted include... stuttgart... humphrey... stuttgart municipal airport... brummitt... almyra airport... bayou meteo state game area...",['radar indicated'],['622 pm cdt'],['until 700 pm cdt'],[],"['little rock', 'south central prairie county', 'central arkansas', 'southeastern lonoke county', 'central arkansas', 'northwestern arkansas', 'southeastern arkansas', 'stuttgart', 'stuttgart', 'humphrey', 'stuttgart', 'brummitt', 'almyra airport', 'bayou meteo state game area']","['15 mph', '60 mph']",[],"['expect', 'little', 'indicate']","['expect wind damage to roofs, siding, and trees']","['quarter size hail', 'hail damage to vehicles']"
NWS-IDP-PROD-4264974-3593071,2020-06-09T08:17:00.000Z,Actual,Alert,NWS Gaylord MI,Small Craft Advisory,['Avoid'],Expected,Minor,Likely,Small Craft Advisory issued June 9 at 4:17AM EDT until June 10 at 8:00PM EDT by NWS Gaylord MI,"* WHAT...Highest gusts up to 30 kt expected.

* WHERE...St. Marys River Point Iroquois to E. Potagannissing
Bay.

* WHEN...From 1 AM to 8 PM EDT Wednesday.

* IMPACTS...Conditions will be hazardous to small craft.","Inexperienced mariners, especially those operating smaller
vessels, should avoid navigating in hazardous conditions.",St. Marys River Point Iroquois to E. Potagannissing Bay,2020-06-09,08:17:00,* what...highest gusts up to 30 kt expected. * where...st. marys river point iroquois to e. potagannissing bay. * when...from 1 am to 8 pm edt wednesday. * impacts...conditions will be hazardous to small craft.,[],[],['from 1 am to 8 pm edt wednesday'],[],"['st. marys river point iroquois', 'e. potagannissing bay']",['highest gusts up to 30 kt'],[],"['expect', 'will']",['conditions will be hazardous to small craft'],['impacts']
urn:oid:2.49.0.1.840.0.dbf49383470d9683d23b81d2c3fc1fa935c21bd6.001.1,2022-12-22T11:24:00.000Z,Actual,Alert,NWS Wilmington NC,Coastal Flood Advisory,['Monitor'],Expected,Minor,Likely,Coastal Flood Advisory issued December 22 at 6:24AM EST until December 22 at 12:00PM EST by NWS Wilmington NC,"* WHAT...Up to one foot of inundation above ground level
expected in low-lying areas near shorelines and tidal
waterways.

* WHERE...The lower Cape Fear River including downtown
Wilmington.

* WHEN...From 7 AM to noon EST Thursday.

* IMPACTS...Portions of Battleship Road and USS North Carolina
Road observe minor coastal flooding up to one foot in depth.
In downtown Wilmington, sections of Water Street observe minor
flooding up to one half foot in depth. Check with local
officials for any road closures or impacts.

* ADDITIONAL DETAILS...Affected areas listed are based on
average tide conditions. Additional locations may experience
flooding during periods of heavy rainfall, high winds, or
other factors.
","If travel is required, allow extra time as some roads may be
closed. Do not drive around barricades or through water of
unknown depth. Take the necessary actions to protect flood-prone
property.",,2022-12-22,11:24:00,"* what...up to one foot of inundation above ground level expected in low-lying areas near shorelines and tidal waterways. * where...the lower cape fear river including downtown wilmington. * when...from 7 am to noon est thursday. * impacts...portions of battleship road and uss north carolina road observe minor coastal flooding up to one foot in depth. in downtown wilmington, sections of water street observe minor flooding up to one half foot in depth. check with local officials for any road closures or impacts. * additional details...affected areas listed are based on average tide conditions. additional locations may experience flooding during periods of heavy rainfall, high winds, or other factors.",[],[],['from 7 am to noon est thursday'],[],"['low-lying areas near shorelines and tidal waterways', 'the lower cape fear river', 'downtown wilmington', 'portions of battleship road and uss north carolina road', 'downtown wilmington', 'sections of water street']",[],"['up to one foot of inundation above ground level', 'up to one half foot in depth']","['expect', 'may']",['check with local officials for any road closures or impacts'],['impacts']
NWS-130404-679204-470506,2013-12-24T14:10:20.000Z,Actual,Alert,NWS Blacksburg VA,Flood Warning,['Avoid'],Expected,Severe,Likely,Flood Warning issued December 24 at 9:10AM EST expiring December 25 at 5:48PM EST by NWS Blacksburg VA,"...THE NATIONAL WEATHER SERVICE IN BLACKSBURG VA HAS ISSUED
A FLOOD WARNING FOR THE FOLLOWING RIVERS IN VIRGINIA...

  DAN RIVER AT SOUTH BOSTON AFFECTING HALIFAX COUNTY

FOR THE DAN RIVER...INCLUDING SOUTH BOSTON DO NOT DRIVE THROUGH FLOODED AREAS...THE WATER MAY BE MUCH DEEPER 
THAN YOU THINK.

LISTEN TO NOAA WEATHER RADIO OR YOUR FAVORITE MEDIA OUTLET FOR LATER 
STATEMENTS OR WARNINGS.VAC083-250210-
/O.NEW.KRNK.FL.W.0043.131224T1425Z-131225T2248Z/
/SBNV2.1.ER.131224T1425Z.131225T0000Z.131225T1048Z.NO/
910 AM EST TUE DEC 24 2013

THE NATIONAL WEATHER SERVICE IN BLACKSBURG VA HAS ISSUED A 

* FLOOD WARNING FOR 
  THE DAN RIVER AT SOUTH BOSTON.
* FROM THIS MORNING UNTIL WEDNESDAY AFTERNOON.
* AT 08AM TUESDAY THE STAGE WAS...18.7 FEET.
* MINOR FLOODING IS FORECAST.
* FLOOD STAGE IS 19.0 FEET. 
* FORECAST...RISE ABOVE FLOOD STAGE BY LATE THIS MORNING AND CONTINUE
  TO RISE TO NEAR 20.0 FEET BY THIS EVENING. THE RIVER WILL FALL 
  BELOW FLOOD STAGE BY EARLY TOMORROW.
* AT 19.0 FEET...THERE IS FLOODING OF LOW-LYING AGRICULTURAL LAND AND 
  WOODLANDS.
* THIS CREST COMPARES TO A PREVIOUS CREST OF 20.1 FEET ON MAY 8 2013.",,Halifax,2013-12-24,14:10:20,...the national weather service in blacksburg va has issued a flood warning for the following rivers in virginia... dan river at south boston affecting halifax county for the dan river...including south boston do not drive through flooded areas...the water may be much deeper than you think. listen to noaa weather radio or your favorite media outlet for later statements or warnings.vac083-250210- /o.new.krnk.fl.w.0043.131224t1425z-131225t2248z/ /sbnv2.1.er.131224t1425z.131225t0000z.131225t1048z.no/ 910 am est tue dec 24 2013 the national weather service in blacksburg va has issued a * flood warning for the dan river at south boston. * from this morning until wednesday afternoon. * at 08am tuesday the stage was...18.7 feet. * minor flooding is forecast. * flood stage is 19.0 feet. * forecast...rise above flood stage by late this morning and continue to rise to near 20.0 feet by this evening. the river will fall below flood stage by early tomorrow. * at 19.0 feet...there is flooding of low-lying agricultural land and woodlands. * this crest compares to a previous crest of 20.1 feet on may 8 2013.,[],"['late this morning', 'this evening', 'early tomorrow']",[],[],"['blacksburg va', 'dan river', 'south boston', 'halifax county', 'dan river', 'south boston', 'blacksburg va', 'dan river', 'south boston']",[],"['18.7 feet', 'stage', '19.0 feet', 'flood stage', 'flood stage', '19.0 feet']","['think', 'may', 'much', 'will']",['do not drive through flooded areas'],[]
NWS-IDP-PROD-4264204-3592505,2020-06-09T00:29:00.000Z,Actual,Alert,NWS Grand Forks ND,Tornado Warning,['Shelter'],Immediate,Extreme,Observed,Tornado Warning issued June 8 at 7:29PM CDT until June 8 at 8:00PM CDT by NWS Grand Forks ND,"The National Weather Service in Grand Forks has issued a

* Tornado Warning for...
Northeastern Marshall County in northwestern Minnesota...
South central Roseau County in northwestern Minnesota...

* Until 800 PM CDT.

* At 729 PM CDT, a confirmed tornado was located near Middle River,
or 24 miles north of Thief River Falls, moving northeast at 40 mph.

HAZARD...Tornado and quarter size hail.

SOURCE...Weather spotters confirmed tornado.

IMPACT...Expect damage to mobile homes, roofs, and vehicles.

* The tornado will be near...
Wannaska, Torfin and Casperson around 755 PM CDT.
Pencer, Malung and northwestern Hayes Lake State Park around 800
PM CDT.","To repeat, a tornado is on the ground. TAKE COVER NOW! Move to a
basement or an interior room on the lowest floor of a sturdy
building. Avoid windows. If you are outdoors, in a mobile home, or in
a vehicle, move to the closest substantial shelter and protect
yourself from flying debris.","Roseau, MN; Marshall, MN",2020-06-09,00:29:00,"the national weather service in grand forks has issued a * tornado warning for... northeastern marshall county in northwestern minnesota... south central roseau county in northwestern minnesota... * until 800 pm cdt. * at 729 pm cdt, a confirmed tornado was located near middle river, or 24 miles north of thief river falls, moving northeast at 40 mph. hazard...tornado and quarter size hail. source...weather spotters confirmed tornado. impact...expect damage to mobile homes, roofs, and vehicles. * the tornado will be near... wannaska, torfin and casperson around 755 pm cdt. pencer, malung and northwestern hayes lake state park around 800 pm cdt.",[],"['729 pm cdt', 'around 755 pm cdt', 'around 800 pm cdt']",['until 800 pm cdt'],[],"['grand forks', 'northeastern marshall county', 'northwestern minnesota', 'south central roseau county', 'northwestern minnesota', 'middle river', 'thief river', 'wannaska', 'torfin', 'casperson', 'pencer', 'malung', 'northwestern hayes lake state park']",['40 mph'],[],"['expect', 'around', 'will']",[],[]
NWS-IDP-PROD-4258009-3588090,2020-06-06T14:59:00.000Z,Actual,Update,NWS New Orleans LA,Storm Surge Warning,['Avoid'],Expected,Extreme,Likely,Storm Surge Warning issued June 6 at 9:59AM CDT by NWS New Orleans LA,"* LOCATIONS AFFECTED
- Gulfport
- Biloxi
- Pass Christian

* WIND
- LATEST LOCAL FORECAST: Equivalent Tropical Storm force wind
- Peak Wind Forecast: 30-40 mph with gusts to 55 mph

- THREAT TO LIFE AND PROPERTY THAT INCLUDES TYPICAL FORECAST
UNCERTAINTY IN TRACK, SIZE AND INTENSITY: Potential for wind 39
to 57 mph
- The wind threat has remained nearly steady from the
previous assessment.
- PLAN: Plan for hazardous wind of equivalent tropical storm
force.
- PREPARE: Remaining efforts to protect property should be
completed as soon as possible. Prepare for limited wind
damage.
- ACT: Move to safe shelter before the wind becomes hazardous.

- POTENTIAL IMPACTS: Limited
- Damage to porches, awnings, carports, sheds, and unanchored
mobile homes. Unsecured lightweight objects blown about.
- Many large tree limbs broken off. A few trees snapped or
uprooted, but with greater numbers in places where trees
are shallow rooted. Some fences and roadway signs blown
over.
- A few roads impassable from debris, particularly within
urban or heavily wooded places. Hazardous driving
conditions on bridges and other elevated roadways.
- Scattered power and communications outages.

* STORM SURGE
- LATEST LOCAL FORECAST: Life-threatening storm surge possible
- Peak Storm Surge Inundation: The potential for 3-5 feet
above ground somewhere within surge prone areas
- Window of concern: early Sunday morning until Monday evening

- THREAT TO LIFE AND PROPERTY THAT INCLUDES TYPICAL FORECAST
UNCERTAINTY IN TRACK, SIZE AND INTENSITY: Potential for storm
surge flooding greater than 3 feet above ground
- The storm surge threat has remained nearly steady from the
previous assessment.
- PLAN: Plan for life-threatening storm surge flooding of
greater than 3 feet above ground.
- PREPARE: Evacuation efforts and flood preparations should
soon be brought to completion before conditions become
unsafe.
- ACT: Leave immediately if evacuation orders are given for
your area to avoid being cut off from emergency services or
needlessly risk lives.

- POTENTIAL IMPACTS: Significant
- Areas of inundation from storm surge flooding. Damage to
several buildings, mainly near the coast.
- Sections of near-shore escape routes and secondary roads
become weakened or washed out, especially in usually
vulnerable low spots.
- Major beach erosion. Strong and numerous rip currents.
- Moderate damage to marinas, docks, boardwalks, and piers.
Several small craft broken away from moorings, especially
in unprotected anchorages.

* FLOODING RAIN
- LATEST LOCAL FORECAST: Flood Watch is in effect
- Peak Rainfall Amounts: Additional 4-8 inches, with locally
higher amounts

- THREAT TO LIFE AND PROPERTY THAT INCLUDES TYPICAL FORECAST
UNCERTAINTY IN TRACK, SIZE AND INTENSITY: Potential for major
flooding rain
- The flooding rain threat has remained nearly steady from
the previous assessment.
- PLAN: Emergency plans should include the potential for
major flooding from heavy rain. Evacuations and rescues are
likely.
- PREPARE: Strongly consider protective actions, especially
if you are in an area vulnerable to flooding.
- ACT: Heed any flood watches and warnings. Failure to take
action will likely result in serious injury or loss of life.

- POTENTIAL IMPACTS: Extensive
- Major rainfall flooding may prompt many evacuations and
rescues.
- Rivers and tributaries may rapidly overflow their banks in
multiple places. Small streams, creeks, canals, bayous, and
ditches may become dangerous rivers. Flood control systems
and barriers may become stressed.
- Flood waters can enter many structures within multiple
communities, some structures becoming uninhabitable or
washed away. Many places where flood waters may cover
escape routes. Streets and parking lots become rivers of
moving water with underpasses submerged. Driving conditions
become dangerous. Many road and bridge closures with some
weakened or washed out.

* TORNADO
- LATEST LOCAL FORECAST:
- Situation is somewhat favorable for tornadoes

- THREAT TO LIFE AND PROPERTY THAT INCLUDES TYPICAL FORECAST
UNCERTAINTY IN TRACK, SIZE AND INTENSITY: Potential for a few
tornadoes
- The tornado threat has remained nearly steady from the
previous assessment.
- PLAN: Emergency plans should include the potential for a
few tornadoes.
- PREPARE: If your shelter is particularly vulnerable to
tornadoes, prepare to relocate to safe shelter before
hazardous weather arrives.
- ACT: If a tornado warning is issued, be ready to shelter
quickly.

- POTENTIAL IMPACTS: Limited
- The occurrence of isolated tornadoes can hinder the
execution of emergency plans during tropical events.
- A few places may experience tornado damage, along with
power and communications disruptions.
- Locations could realize roofs peeled off buildings,
chimneys toppled, mobile homes pushed off foundations or
overturned, large tree tops and branches snapped off,
shallow-rooted trees knocked over, moving vehicles blown
off roads, and small boats pulled from moorings.

* FOR MORE INFORMATION:
- http://www.msema.org",,Harrison,2020-06-06,14:59:00,"* locations affected - gulfport - biloxi - pass christian * wind - latest local forecast: equivalent tropical storm force wind - peak wind forecast: 30-40 mph with gusts to 55 mph - threat to life and property that includes typical forecast uncertainty in track, size and intensity: potential for wind 39 to 57 mph - the wind threat has remained nearly steady from the previous assessment. - plan: plan for hazardous wind of equivalent tropical storm force. - prepare: remaining efforts to protect property should be completed as soon as possible. prepare for limited wind damage. - act: move to safe shelter before the wind becomes hazardous. - potential impacts: limited - damage to porches, awnings, carports, sheds, and unanchored mobile homes. unsecured lightweight objects blown about. - many large tree limbs broken off. a few trees snapped or uprooted, but with greater numbers in places where trees are shallow rooted. some fences and roadway signs blown over. - a few roads impassable from debris, particularly within urban or heavily wooded places. hazardous driving conditions on bridges and other elevated roadways. - scattered power and communications outages. * storm surge - latest local forecast: life-threatening storm surge possible - peak storm surge inundation: the potential for 3-5 feet above ground somewhere within surge prone areas - window of concern: early sunday morning until monday evening - threat to life and property that includes typical forecast uncertainty in track, size and intensity: potential for storm surge flooding greater than 3 feet above ground - the storm surge threat has remained nearly steady from the previous assessment. - plan: plan for life-threatening storm surge flooding of greater than 3 feet above ground. - prepare: evacuation efforts and flood preparations should soon be brought to completion before conditions become unsafe. - act: leave immediately if evacuation orders are given for your area to avoid being cut off from emergency services or needlessly risk lives. - potential impacts: significant - areas of inundation from storm surge flooding. damage to several buildings, mainly near the coast. - sections of near-shore escape routes and secondary roads become weakened or washed out, especially in usually vulnerable low spots. - major beach erosion. strong and numerous rip currents. - moderate damage to marinas, docks, boardwalks, and piers. several small craft broken away from moorings, especially in unprotected anchorages. * flooding rain - latest local forecast: flood watch is in effect - peak rainfall amounts: additional 4-8 inches, with locally higher amounts - threat to life and property that includes typical forecast uncertainty in track, size and intensity: potential for major flooding rain - the flooding rain threat has remained nearly steady from the previous assessment. - plan: emergency plans should include the potential for major flooding from heavy rain. evacuations and rescues are likely. - prepare: strongly consider protective actions, especially if you are in an area vulnerable to flooding. - act: heed any flood watches and warnings. failure to take action will likely result in serious injury or loss of life. - potential impacts: extensive - major rainfall flooding may prompt many evacuations and rescues. - rivers and tributaries may rapidly overflow their banks in multiple places. small streams, creeks, canals, bayous, and ditches may become dangerous rivers. flood control systems and barriers may become stressed. - flood waters can enter many structures within multiple communities, some structures becoming uninhabitable or washed away. many places where flood waters may cover escape routes. streets and parking lots become rivers of moving water with underpasses submerged. driving conditions become dangerous. many road and bridge closures with some weakened or washed out. * tornado - latest local forecast: - situation is somewhat favorable for tornadoes - threat to life and property that includes typical forecast uncertainty in track, size and intensity: potential for a few tornadoes - the tornado threat has remained nearly steady from the previous assessment. - plan: emergency plans should include the potential for a few tornadoes. - prepare: if your shelter is particularly vulnerable to tornadoes, prepare to relocate to safe shelter before hazardous weather arrives. - act: if a tornado warning is issued, be ready to shelter quickly. - potential impacts: limited - the occurrence of isolated tornadoes can hinder the execution of emergency plans during tropical events. - a few places may experience tornado damage, along with power and communications disruptions. - locations could realize roofs peeled off buildings, chimneys toppled, mobile homes pushed off foundations or overturned, large tree tops and branches snapped off, shallow-rooted trees knocked over, moving vehicles blown off roads, and small boats pulled from moorings. * for more information: - http://www.msema.org",[],['early sunday morning until monday evening'],[],[],"['gulfport', 'biloxi', 'pass christian', 'somewhere within surge prone areas']","['equivalent tropical storm force', '30-40 mph', 'equivalent tropical storm force']",[],"['usually', 'several', 'some', 'somewhat', 'like', 'somewhere', 'consider', 'found', 'may', 'could', 'should', 'likely', 'possible', 'read', 'few', 'about', 'can', 'mainly', 'will', 'certain', 'many']",['act'],"['limited wind damage', 'potential impacts', 'unsecured lightweight objects blown about', 'many large tree limbs broken off', 'a few trees snapped or uprooted', 'some fences and roadway signs blown over', 'a few roads impassable from debris', 'scattered power and communications outages', 'potential impacts', 'damage to several buildings']"
NWS-IDP-PROD-4264734-3592929,2020-06-09T05:05:00.000Z,Actual,Update,NWS Sioux Falls SD,Tornado Warning,['Shelter'],Immediate,Extreme,Observed,Tornado Warning issued June 9 at 12:05AM CDT until June 9 at 12:15AM CDT by NWS Sioux Falls SD,"The storm which prompted the warning has weakened below severe
limits, and no longer appears capable of producing a tornado.
Therefore, the warning will be allowed to expire.

A Severe Thunderstorm Watch remains in effect until 200 AM CDT for
southeastern and east central South Dakota.",,"Miner, SD; McCook, SD",2020-06-09,05:05:00,"the storm which prompted the warning has weakened below severe limits, and no longer appears capable of producing a tornado. therefore, the warning will be allowed to expire. a severe thunderstorm watch remains in effect until 200 am cdt for southeastern and east central south dakota.","['the storm which prompted the warning', 'a severe thunderstorm watch']",['200 am cdt'],[],[],['southeastern and east central south dakota'],['severe limits'],[],"['appear', 'appears', 'will']",[],[]
NWS-130404-689154-476495,2013-12-31T18:49:54.000Z,Actual,Update,NWS Buffalo NY,Lake Effect Snow Warning,['Avoid'],Expected,Extreme,Likely,Lake Effect Snow Warning issued December 31 at 1:48PM EST expiring January 1 at 1:00AM EST by NWS Buffalo NY,"* LOCATIONS...CHAUTAUQUA AND CATTARAUGUS COUNTIES.

* TIMING...THROUGH TONIGHT.

* ACCUMULATIONS...2 TO 4 INCHES THIS AFTERNOON AND 4 TO 8 INCHES 
  TONIGHT.

* WINDS...WEST 20 TO 30 MPH.

* VISIBILITIES...UNDER A QUARTER MILE AT TIMES.

* IMPACTS...TRAVEL WILL BE VERY DIFFICULT AT TIMES WITH SNOW 
  COVERED ROADS AND POOR VISIBILITY DUE TO SNOW AND BLOWING 
  SNOW.","IF YOU LOSE POWER AND PLAN ON RUNNING A GENERATOR...MAKE SURE
THAT THE GENERATOR IS LOCATED OUTDOORS AND IS PROPERLY
VENTILATED. SPACE HEATERS SHOULD ALSO BE PROPERLY VENTILATED AND
USED ONLY IF THEY ARE OPERATING PROPERLY. MAKE SURE SNOW DOES NOT
BLOCK EXHAUSTS AND FRESH AIR INTAKES FOR HIGH EFFICIENCY FURNACES
AND WATER HEATERS.

STAY TUNED TO NOAA WEATHER RADIO OR YOUR FAVORITE SOURCE OF
WEATHER INFORMATION FOR THE LATEST UPDATES. ADDITIONAL DETAILS
CAN ALSO BE FOUND AT WWW.WEATHER.GOV/BUFFALO.

IN LAKE EFFECT SNOW THE WEATHER CAN VARY FROM LOCALLY HEAVY SNOW
IN NARROW BANDS TO CLEAR SKIES JUST A FEW MILES AWAY. IF YOU WILL
BE TRAVELING ACROSS THE REGION BE PREPARED FOR RAPID CHANGES IN
ROAD AND VISIBILITY CONDITIONS.

REPORT SNOW ACCUMULATION TO THE NATIONAL WEATHER SERVICE IN
BUFFALO BY SENDING AN EMAIL TO BUFSTORM.REPORT@NOAA.GOV...POSTING
TO THE NWS BUFFALO FACEBOOK PAGE...OR TWEET...USING THE HASHTAG
BUFWX

",Chautauqua; Cattaraugus,2013-12-31,18:49:54,* locations...chautauqua and cattaraugus counties. * timing...through tonight. * accumulations...2 to 4 inches this afternoon and 4 to 8 inches tonight. * winds...west 20 to 30 mph. * visibilities...under a quarter mile at times. * impacts...travel will be very difficult at times with snow covered roads and poor visibility due to snow and blowing snow.,[],"['tonight', 'this afternoon', 'tonight']",[],[],['chautauqua and cattaraugus counties'],['20 to 30 mph'],"['accumulations', '2 to 4 inches', '4 to 8 inches', 'visibilities', 'under a quarter mile']",['will'],[],['impacts']
NWS-IDP-PROD-4252980-3584797,2020-06-04T15:24:00.000Z,Actual,Update,NWS Lincoln IL,Flood Warning,['Avoid'],Immediate,Severe,Observed,Flood Warning issued June 4 at 10:24AM CDT by NWS Lincoln IL,"...The Flood Warning continues for the following river in Illinois...

Illinois River at Henry affecting Marshall and Putnam Counties
Illinois River at Peoria affecting Peoria...Tazewell and Woodford
Counties
Illinois River near Havana affecting Cass...Fulton and Mason
Counties
Illinois River at Beardstown affecting Brown...Cass...Morgan and
Schuyler Counties

.The following forecasts are based on observed precipitation, soil
moisture conditions, and forecast precipitation.

The Flood Warning continues for
The Illinois River near Havana.
* Until further notice.
* At  945 AM Thursday the stage was 21.4 feet.
* Flood stage is 14.0 feet.
* Moderate flooding is occurring and Moderate flooding is forecast.
* Forecast...The river will continue to fall to a stage of 20.9 feet
by tomorrow morning.
* Impact...At 22.0 feet...Riverfront Park in Havana is inundated.","If you encounter a flooded roadway, turn around and find an alternate
route. Turn around, don't drown.

Additional river and weather information is available at
www.weather.gov/ilx.","Mason, IL; Fulton, IL; Cass, IL",2020-06-04,15:24:00,"...the flood warning continues for the following river in illinois... illinois river at henry affecting marshall and putnam counties illinois river at peoria affecting peoria...tazewell and woodford counties illinois river near havana affecting cass...fulton and mason counties illinois river at beardstown affecting brown...cass...morgan and schuyler counties .the following forecasts are based on observed precipitation, soil moisture conditions, and forecast precipitation. the flood warning continues for the illinois river near havana. * until further notice. * at 945 am thursday the stage was 21.4 feet. * flood stage is 14.0 feet. * moderate flooding is occurring and moderate flooding is forecast. * forecast...the river will continue to fall to a stage of 20.9 feet by tomorrow morning. * impact...at 22.0 feet...riverfront park in havana is inundated.",[],"['945 am thursday', 'tomorrow morning']",['until further notice'],[],"['illinois river at henry', 'illinois river at peoria', 'peoria', 'illinois river near havana', 'cass', 'illinois river at beardstown', 'cass', 'illinois river near havana', 'riverfront park in havana']","['moderate flooding', 'moderate flooding']",['stage'],['will'],[],['impact']
NWS-IDP-PROD-4260246-3589678,2020-06-07T05:29:00.000Z,Actual,Update,NWS Duluth MN,Small Craft Advisory,['Avoid'],Expected,Minor,Likely,Small Craft Advisory issued June 7 at 12:29AM CDT until June 8 at 4:00AM CDT by NWS Duluth MN,"* WHAT...Northeast winds 10 to 20 knots with gusts up to 25
knots and waves 3 to 5 feet expected.

* WHERE...Port Wing to Sand Island WI and Silver Bay Harbor to
Two Harbors MN.

* WHEN...From 10 AM this morning to 4 AM CDT Monday.

* IMPACTS...Conditions will be hazardous to small craft.","Anyone operating a smaller vessel should avoid navigating in
hazardous conditions.",Port Wing to Sand Island WI; Silver Bay Harbor to Two Harbors MN,2020-06-07,05:29:00,* what...northeast winds 10 to 20 knots with gusts up to 25 knots and waves 3 to 5 feet expected. * where...port wing to sand island wi and silver bay harbor to two harbors mn. * when...from 10 am this morning to 4 am cdt monday. * impacts...conditions will be hazardous to small craft.,[],"['10 am this morning', '4 am cdt monday']",[],[],"['port wing to sand island wi', 'silver bay harbor', 'two harbors mn']","['10 to 20 knots', 'up to 25 knots']",['3 to 5 feet'],"['expect', 'will']",['conditions will be hazardous to small craft'],['impacts']
NWS-IDP-PROD-4260930,2020-06-07T14:48:00.000Z,Actual,Alert,NWS Miami FL,Marine Weather Statement,['Monitor'],Expected,Minor,Observed,Marine Weather Statement issued June 7 at 10:48AM EDT by NWS Miami FL,"The areas affected include...
Coastal waters from Deerfield Beach to Ocean Reef FL out 20 NM...
Coastal waters from Jupiter Inlet to Deerfield Beach FL out 20
NM...
Waters from Deerfield Beach to Ocean Reef FL from 20 to 60 NM
excluding the territorial waters of Bahamas...
Waters from Jupiter Inlet to Deerfield Beach FL from 20 to 60
NM...

At 1046 AM EDT, Doppler radar indicated a line of strong showers and
thunderstorms, capable of producing winds to around 30 knots and
waterspouts. These storms were located 8 nm east of Ocean Ridge,
moving north at 25 knots.","Mariners can expect gusty winds to around 30 knots, locally higher
waves, and lightning strikes. Boaters should seek safe harbor
immediately until this storm passes.

Waterspouts are possible with this activity. Remain on the alert in
case warnings are issued for waterspout development.",Waters from Jupiter Inlet to Deerfield Beach FL from 20 to 60 NM; Coastal waters from Deerfield Beach to Ocean Reef FL out 20 NM; Waters from Deerfield Beach to Ocean Reef FL from 20 to 60 NM excluding the territorial waters of Bahamas; Coastal waters from Jupiter Inlet to Deerfield Beach FL out 20 NM,2020-06-07,14:48:00,"the areas affected include... coastal waters from deerfield beach to ocean reef fl out 20 nm... coastal waters from jupiter inlet to deerfield beach fl out 20 nm... waters from deerfield beach to ocean reef fl from 20 to 60 nm excluding the territorial waters of bahamas... waters from jupiter inlet to deerfield beach fl from 20 to 60 nm... at 1046 am edt, doppler radar indicated a line of strong showers and thunderstorms, capable of producing winds to around 30 knots and waterspouts. these storms were located 8 nm east of ocean ridge, moving north at 25 knots.",[],['1046 am edt'],[],[],"['coastal waters from deerfield beach to ocean reef', 'coastal waters from jupiter inlet to deerfield beach', 'waters from deerfield beach to ocean reef', 'excluding the territorial waters of bahamas', 'waters from jupiter inlet to deerfield beach', 'ocean ridge']",['25 knots'],[],"['around', 'indicate']",[],[]
NWS-IDP-PROD-4264711-3592904,2020-06-09T04:44:00.000Z,Actual,Alert,NWS Sioux Falls SD,Tornado Warning,['Shelter'],Immediate,Extreme,Observed,Tornado Warning issued June 8 at 11:44PM CDT until June 9 at 12:15AM CDT by NWS Sioux Falls SD,"The National Weather Service in Sioux Falls has issued a

* Tornado Warning for...
Southeastern Miner County in east central South Dakota...
Northwestern McCook County in southeastern South Dakota...
Northeastern Hanson County in southeastern South Dakota...

* Until 1215 AM CDT.

* At 1143 PM CDT, a severe thunderstorm capable of producing a
tornado was located over Spencer In McCook County, or 20 miles east
of Mitchell, moving north at 30 mph.

HAZARD...Tornado and hail up to two inches in diameter.

SOURCE...Radar indicated rotation.

IMPACT...Flying debris will be dangerous to those caught without
shelter. Mobile homes will be damaged or destroyed.
Damage to roofs, windows, and vehicles will occur.  Tree
damage is likely.

* This dangerous storm will be near...
Canova around 1205 AM CDT.","TAKE COVER NOW! Move to a basement or an interior room on the lowest
floor of a sturdy building. Avoid windows. If you are outdoors, in a
mobile home, or in a vehicle, move to the closest substantial shelter
and protect yourself from flying debris.","Miner, SD; Hanson, SD; McCook, SD",2020-06-09,04:44:00,"the national weather service in sioux falls has issued a * tornado warning for... southeastern miner county in east central south dakota... northwestern mccook county in southeastern south dakota... northeastern hanson county in southeastern south dakota... * until 1215 am cdt. * at 1143 pm cdt, a severe thunderstorm capable of producing a tornado was located over spencer in mccook county, or 20 miles east of mitchell, moving north at 30 mph. hazard...tornado and hail up to two inches in diameter. source...radar indicated rotation. impact...flying debris will be dangerous to those caught without shelter. mobile homes will be damaged or destroyed. damage to roofs, windows, and vehicles will occur. tree damage is likely. * this dangerous storm will be near... canova around 1205 am cdt.",[],"['1143 pm cdt', 'around 1205 am cdt']",['until 1215 am cdt'],[],"['sioux falls', 'southeastern miner county', 'east central south dakota', 'northwestern mccook county', 'southeastern south dakota', 'northeastern hanson county', 'southeastern south dakota', 'spencer', 'mccook county', 'mitchell', 'canova']",['up to two inches in diameter'],[],"['like', 'likely', 'around', 'can', 'indicate', 'will']",[],['mobile homes will be damaged or destroyed']
NWS-IDP-PROD-4256146-3586882,2020-06-05T19:26:00.000Z,Actual,Alert,NWS Wilmington NC,Coastal Flood Advisory,['Monitor'],Expected,Minor,Likely,Coastal Flood Advisory issued June 5 at 3:26PM EDT until June 6 at 1:00AM EDT by NWS Wilmington NC,"* WHAT...One to two feet of inundation above ground level
expected in low-lying areas near shorelines and tidal
waterways.

* WHERE...The lower Cape Fear River including downtown
Wilmington.

* WHEN...From 8 PM this evening to 1 AM EDT Saturday.

* IMPACTS...Water as deep as a foot covering potions of Battleship
Road and USS North Carolina Road with 12 to 18 inches of water
over the lowest spots on each road. Water over six inches deep
along River Road about a quarter mile south of The Cape
Boulevard. Water covering more than two blocks of Water Street
near Market Street with as much as a foot of water in the center
of Water Street just south of Market Street.","If travel is required, allow extra time as some roads may be
closed. Do not drive around barricades or through water of
unknown depth. Take the necessary actions to protect flood-prone
property.",Inland New Hanover,2020-06-05,19:26:00,* what...one to two feet of inundation above ground level expected in low-lying areas near shorelines and tidal waterways. * where...the lower cape fear river including downtown wilmington. * when...from 8 pm this evening to 1 am edt saturday. * impacts...water as deep as a foot covering potions of battleship road and uss north carolina road with 12 to 18 inches of water over the lowest spots on each road. water over six inches deep along river road about a quarter mile south of the cape boulevard. water covering more than two blocks of water street near market street with as much as a foot of water in the center of water street just south of market street.,[],"['8 pm this evening', '1 am edt saturday']",[],[],"['the lower cape fear river including downtown wilmington', 'along river road about a quarter mile south of the cape boulevard', 'near market street', 'in the center of water street just south of market street']",[],"['one to two feet', 'as deep as a foot', 'as much as a foot of water']","['expect', 'much', 'about']",[],['impacts']
NWS-IDP-PROD-4261450-3590481,2020-06-07T19:55:00.000Z,Actual,Alert,NWS Jacksonville FL,Tornado Warning,['Shelter'],Immediate,Extreme,Observed,Tornado Warning issued June 7 at 3:55PM EDT until June 7 at 4:30PM EDT by NWS Jacksonville FL,"The National Weather Service in Jacksonville has issued a

* Tornado Warning for...
East central Columbia County in northern Florida...

* Until 430 PM EDT.

* At 355 PM EDT, a severe thunderstorm capable of producing a tornado
was located over Watertown, or over Lake City, moving north at 15
mph.

HAZARD...Tornado.

SOURCE...Radar indicated rotation.

IMPACT...Flying debris will be dangerous to those caught without
shelter. Mobile homes will be damaged or destroyed.
Damage to roofs, windows, and vehicles will occur.  Tree
damage is likely.

* This dangerous storm will be near...
Five Points around 405 PM EDT.","TAKE COVER NOW! Move to an interior room on the lowest floor of a
sturdy building. Avoid windows. If you are outdoors, in a mobile
home, or in a vehicle, move to the closest substantial shelter and
protect yourself from flying debris.

Torrential rainfall is occurring with this storm, and may lead to
flash flooding. Do not drive your vehicle through flooded roadways.","Columbia, FL",2020-06-07,19:55:00,"the national weather service in jacksonville has issued a * tornado warning for... east central columbia county in northern florida... * until 430 pm edt. * at 355 pm edt, a severe thunderstorm capable of producing a tornado was located over watertown, or over lake city, moving north at 15 mph. hazard...tornado. source...radar indicated rotation. impact...flying debris will be dangerous to those caught without shelter. mobile homes will be damaged or destroyed. damage to roofs, windows, and vehicles will occur. tree damage is likely. * this dangerous storm will be near... five points around 405 pm edt.",[],"['355 pm edt', '405 pm edt']",['until 430 pm edt'],[],"['jacksonville', 'east central columbia county', 'northern florida', 'watertown', 'lake city', 'five points']",['15 mph'],[],"['like', 'likely', 'around', 'indicate', 'will']",[],"['flying debris', 'mobile homes will be damaged or destroyed', 'damage to roofs, windows, and vehicles', 'tree damage']"
NWS-130404-681182-471659,2013-12-25T18:16:01.000Z,Actual,Update,NWS Cleveland OH,Flood Statement,['Avoid'],Immediate,Severe,Observed,Flood Statement issued December 25 at 1:15PM EST by NWS Cleveland OH,"...THE FLOOD WARNING CONTINUES FOR THE FOLLOWING RIVERS IN OHIO NEVER DRIVE YOUR CAR THROUGH FLOODED ROADWAYS. THE WATER MAY BE 
DEEPER THAN IT APPEARS.  TURN AROUND...DON'T DROWN!

STAY TUNED TO NOAA WEATHER RADIO AND OTHER LOCAL MEDIA FOR FURTHER 
DETAILS AND UPDATES.THE FLOOD WARNING CONTINUES FOR
  THE SCIOTO RIVER NEAR PROSPECT.
* AT 12:00 PM WEDNESDAY THE STAGE WAS 13.8 FEET. 
* FLOOD STAGE IS 9.0 FEET. 
* MODERATE FLOODING IS OCCURRING AND MODERATE FLOODING IS FORECAST.
* FORECAST...THE RIVER WILL FALL TO 12.9 FEET BY THURSDAY 
  MORNING.
* AT 13.5 FEET...FLOODING OCCURS ALONG SEVERAL STREETS NORTH OF 
  MARKET STREET INCLUDING NORTH ELM STREET, NORTHEAST STREET, SELLERS
  STREET, AND MULBERRY STREET. EXTENSIVE CROP FLOODING. HIGHWAY 203 
  IS COVERED WITH FLOOD WATERS FOR 2 MILES.
* AT 12.0 FEET...HIGHWAY 203 INACCESSIBLE NORTH OF PROSPECT. ELM AND 
  WEST RIVER ROAD ARE FLOODED. PROSPECT AND UPPER SANDUSKY ROADS ARE 
  ALSO FLOODED.",,Marion,2013-12-25,18:16:01,"...the flood warning continues for the following rivers in ohio never drive your car through flooded roadways. the water may be deeper than it appears. turn around...don't drown! stay tuned to noaa weather radio and other local media for further details and updates.the flood warning continues for the scioto river near prospect. * at 12:00 pm wednesday the stage was 13.8 feet. * flood stage is 9.0 feet. * moderate flooding is occurring and moderate flooding is forecast. * forecast...the river will fall to 12.9 feet by thursday morning. * at 13.5 feet...flooding occurs along several streets north of market street including north elm street, northeast street, sellers street, and mulberry street. extensive crop flooding. highway 203 is covered with flood waters for 2 miles. * at 12.0 feet...highway 203 inaccessible north of prospect. elm and west river road are flooded. prospect and upper sandusky roads are also flooded.",[],"['12:00 pm wednesday', 'thursday    morning']",[],[],"['scioto river', 'prospect', 'north elm street', 'northeast street', 'sellers   street', 'mulberry street', 'highway 203', 'highway 203', 'prospect', 'prospect']",[],"['13.8 feet', 'stage', '9.0 feet', 'moderate flooding', 'moderate flooding', '12.9 feet', '12.0 feet']","['several', 'appear', 'appears', 'may', 'around', 'will']",[],[]
NWS-IDP-PROD-4262103-3591003,2020-06-08T00:55:00.000Z,Actual,Update,NWS Rapid City SD,Severe Thunderstorm Warning,['Shelter'],Immediate,Severe,Observed,Severe Thunderstorm Warning issued June 7 at 6:55PM MDT until June 7 at 7:30PM MDT by NWS Rapid City SD,"At 654 PM MDT, a severe thunderstorm was located 5 miles northwest of
Ottumwa, or 18 miles northeast of Philip, moving northeast at 55 mph.

HAZARD...60 mph wind gusts and quarter size hail.

SOURCE...Radar indicated. At 635 PM MDT quarter size hail was
reported 13 miles west of Philip.

IMPACT...Hail damage to vehicles is expected. Expect wind damage to
roofs, siding, and trees.

Locations impacted include...
Kirley, Ottumwa and Nowlin.","For your protection move to an interior room on the lowest floor of a
building.","Haakon, SD",2020-06-08,00:55:00,"at 654 pm mdt, a severe thunderstorm was located 5 miles northwest of ottumwa, or 18 miles northeast of philip, moving northeast at 55 mph. hazard...60 mph wind gusts and quarter size hail. source...radar indicated. at 635 pm mdt quarter size hail was reported 13 miles west of philip. impact...hail damage to vehicles is expected. expect wind damage to roofs, siding, and trees. locations impacted include... kirley, ottumwa and nowlin.",['radar indicated'],"['654 pm mdt', '635 pm mdt']",[],[],"['ottumwa', 'philip', 'philip', 'kirley', 'ottumwa', 'nowlin']","['55 mph', '60 mph']","['quarter size hail', 'quarter size hail']","['expect', 'indicate']",[],['hail damage to vehicles']
NWS-130404-689208-476522,2013-12-31T19:44:59.000Z,Actual,Update,NWS Buffalo NY,Lake Effect Snow Warning,['Avoid'],Expected,Extreme,Likely,Lake Effect Snow Warning issued December 31 at 2:44PM EST expiring January 1 at 1:00PM EST by NWS Buffalo NY,"* LOCATIONS...NORTHERN CAYUGA COUNTY...MAINLY ALONG AND NORTH OF 
  ROUTE 104. 

* TIMING...LATE THIS AFTERNOON THROUGH EARLY WEDNESDAY AFTERNOON.

* ACCUMULATIONS...AN INCH OR LESS THIS AFTERNOON...8 TO 12 
  INCHES TONIGHT...AND 3 TO 6 INCHES WEDNESDAY...LEADING TO 
  STORM TOTALS OF 11 TO 22 INCHES IN THE MOST PERSISTENT LAKE 
  SNOWS.

* WINDS...WEST 20 TO 30 MPH.

* VISIBILITIES...AS LOW AS A QUARTER MILE AT TIMES.

* IMPACTS...AN INTENSE LAKE EFFECT SNOW BAND IS EXPECTED TO 
  DEVELOP ACROSS THE AREA TONIGHT. TRAVEL WILL BE EXTREMELY 
  DIFFICULT AT TIMES WITH SNOW COVERED ROADS AND POOR VISIBILITY 
  DUE TO HEAVY SNOW AND BLOWING SNOW.","IF YOU LOSE POWER AND PLAN ON RUNNING A GENERATOR...MAKE SURE
THAT THE GENERATOR IS LOCATED OUTDOORS AND IS PROPERLY
VENTILATED. SPACE HEATERS SHOULD ALSO BE PROPERLY VENTILATED AND
USED ONLY IF THEY ARE OPERATING PROPERLY. MAKE SURE SNOW DOES NOT
BLOCK EXHAUSTS AND FRESH AIR INTAKES FOR HIGH EFFICIENCY FURNACES
AND WATER HEATERS.

STAY TUNED TO NOAA WEATHER RADIO OR YOUR FAVORITE SOURCE OF
WEATHER INFORMATION FOR THE LATEST UPDATES. ADDITIONAL DETAILS
CAN ALSO BE FOUND AT WWW.WEATHER.GOV/BUFFALO.

REPORT SNOW ACCUMULATION TO THE NATIONAL WEATHER SERVICE IN
BUFFALO BY SENDING AN EMAIL TO BUFSTORM.REPORT@NOAA.GOV...POSTING
TO THE NWS BUFFALO FACEBOOK PAGE...OR TWEET...USING THE HASHTAG
BUFWX

IN LAKE EFFECT SNOW THE WEATHER CAN VARY FROM LOCALLY HEAVY SNOW
IN NARROW BANDS TO CLEAR SKIES JUST A FEW MILES AWAY. IF YOU WILL
BE TRAVELING ACROSS THE REGION BE PREPARED FOR RAPID CHANGES IN
ROAD AND VISIBILITY CONDITIONS.

",Cayuga,2013-12-31,19:44:59,* locations...northern cayuga county...mainly along and north of route 104. * timing...late this afternoon through early wednesday afternoon. * accumulations...an inch or less this afternoon...8 to 12 inches tonight...and 3 to 6 inches wednesday...leading to storm totals of 11 to 22 inches in the most persistent lake snows. * winds...west 20 to 30 mph. * visibilities...as low as a quarter mile at times. * impacts...an intense lake effect snow band is expected to develop across the area tonight. travel will be extremely difficult at times with snow covered roads and poor visibility due to heavy snow and blowing snow.,[],"['this afternoon', 'this afternoon', 'tonight', 'wednesday', 'tonight']",[],[],"['northern cayuga county', 'mainly along and north of    route 104']",[],"['an inch or less', '8 to 12    inches', '3 to 6 inches', '11 to 22 inches', 'west 20 to 30 mph', 'as low as a quarter mile']","['expect', 'most', 'mainly', 'will']",[],['impacts']
NWS-130404-691603-478291,2014-01-02T09:22:16.000Z,Actual,Update,NWS Buffalo NY,Winter Storm Warning,['Prepare'],Expected,Severe,Likely,Winter Storm Warning issued January 2 at 4:20AM EST expiring January 3 at 6:00AM EST by NWS Buffalo NY,"...WIND CHILL ADVISORY REMAINS IN EFFECT FROM 4 PM THIS AFTERNOON
TO NOON EST FRIDAY...

* LOCATIONS...MONROE...WAYNE...AND NORTHERN CAYUGA COUNTIES.

* TIMING...THROUGH LATE FRIDAY MORNING.

* HAZARDS...HEAVY SNOW AND BLOWING SNOW. BITTER WIND CHILLS.

* ACCUMULATIONS...4 TO 8 INCHES TODAY...3 TO 5 INCHES
  TONIGHT...AND 1 TO 2 INCHES FRIDAY.

* WINDS...NORTHEAST 15 TO 25 MPH.

* VISIBILITIES....AS LOW AS A HALF MILE OR LESS.

* WIND CHILL VALUES...AS LOW AS 20 BELOW.

* IMPACTS...TRAVEL WILL BE VERY DIFFICULT AT TIMES WITH SNOW 
  COVERED ROADS AND POOR VISIBILITY DUE TO SNOW AND BLOWING 
  SNOW. BITTERLY COLD WIND CHILLS WILL POSE A RISK FOR FROST 
  BITE AND HYPOTHERMIA FOR ANYONE OUTSIDE FOR EVEN SHORT PERIODS 
  OF TIME.","IF YOU LOSE POWER AND PLAN ON RUNNING A GENERATOR...MAKE SURE
THAT THE GENERATOR IS LOCATED OUTDOORS AND IS PROPERLY
VENTILATED. SPACE HEATERS SHOULD ALSO BE PROPERLY VENTILATED AND
USED ONLY IF THEY ARE OPERATING PROPERLY. MAKE SURE SNOW DOES NOT
BLOCK EXHAUSTS AND FRESH AIR INTAKES FOR HIGH EFFICIENCY FURNACES
AND WATER HEATERS.

STAY TUNED TO NOAA WEATHER RADIO OR YOUR FAVORITE SOURCE OF
WEATHER INFORMATION FOR THE LATEST UPDATES. ADDITIONAL DETAILS
CAN ALSO BE FOUND AT WWW.WEATHER.GOV/BUFFALO.

A WIND CHILL ADVISORY IS ISSUED WHEN STRONG WIND WILL COMBINE
WITH COLD TEMPERATURES TO CREATE DANGEROUSLY COLD CONDITIONS FOR
EXPOSED SKIN. THE WIND WILL MAKE IT FEEL LIKE IT IS 15 DEGREES
BELOW ZERO OR COLDER FOR A PERIOD OF SEVERAL HOURS. IF YOU WILL
BE OUTDOORS USE COMMON SENSE AND DRESS WARMLY...MAKING SURE THAT
ALL EXPOSED SKIN IS COVERED. IF POSSIBLE...AVOID PROLONGED
EXPOSURE TO THE COLD TO PREVENT FROSTBITE AND HYPOTHERMIA.

REPORT SNOW ACCUMULATION TO THE NATIONAL WEATHER SERVICE IN
BUFFALO BY SENDING AN EMAIL TO BUFSTORM.REPORT@NOAA.GOV...POSTING
TO THE NWS BUFFALO FACEBOOK PAGE...OR TWEET...USING THE HASHTAG
BUFWX

A WINTER STORM WARNING IS ISSUED WHEN SEVERE WINTER WEATHER IS
EXPECTED. HEAVY SNOW AND/OR ICE WILL CAUSE HAZARDOUS DRIVING
CONDITIONS. IF YOU WILL BE TRAVELING IN THE WARNING AREA YOU
SHOULD CHOOSE AN ALTERNATE ROUTE IF POSSIBLE...OR YOU SHOULD USE
EXTREME CAUTION IF TRAVEL IS UNAVOIDABLE.

",Wayne; Cayuga; Monroe,2014-01-02,09:22:16,...wind chill advisory remains in effect from 4 pm this afternoon to noon est friday... * locations...monroe...wayne...and northern cayuga counties. * timing...through late friday morning. * hazards...heavy snow and blowing snow. bitter wind chills. * accumulations...4 to 8 inches today...3 to 5 inches tonight...and 1 to 2 inches friday. * winds...northeast 15 to 25 mph. * visibilities....as low as a half mile or less. * wind chill values...as low as 20 below. * impacts...travel will be very difficult at times with snow covered roads and poor visibility due to snow and blowing snow. bitterly cold wind chills will pose a risk for frost bite and hypothermia for anyone outside for even short periods of time.,['wind chill advisory'],"['friday', 'late friday morning', 'today', 'tonight', 'friday']",[],[],"['monroe', 'wayne', 'northern cayuga counties']","['15 to 25 mph', 'as low as 20 below']","['4 to 8 inches', '3 to 5 inches', '1 to 2 inches', 'as low as a half mile or less', 'bitterly cold wind chills']",['will'],[],[]
NWS-130404-689576-476737,2014-01-01T01:02:44.000Z,Actual,Alert,NWS Buffalo NY,Lake Effect Snow Warning,['Avoid'],Expected,Extreme,Likely,Lake Effect Snow Warning issued December 31 at 8:01PM EST expiring January 1 at 7:00AM EST by NWS Buffalo NY,"THE NATIONAL WEATHER SERVICE IN BUFFALO HAS ISSUED A LAKE EFFECT
SNOW WARNING...WHICH IS IN EFFECT UNTIL 7 AM EST WEDNESDAY. THE
LAKE EFFECT SNOW ADVISORY IS NO LONGER IN EFFECT. 

* LOCATIONS...SOUTHERN ERIE MAINLY ACROSS THE BOSTON HILLS. 

* TIMING...THROUGH EARLY WEDNESDAY MORNING.

* ACCUMULATIONS...5 TO 9 INCHES TONIGHT...AND UP TO TO 2 INCHES
  WEDNESDAY.

* VISIBILITIES...AS LOW AS A QUARTER OF MILE AT TIMES. 

* IMPACTS...TRAVEL WILL BE VERY DIFFICULT AT TIMES WITH SNOW 
  COVERED ROADS AND POOR VISIBILITY DUE TO SNOW AND BLOWING 
  SNOW.","IF YOU LOSE POWER AND PLAN ON RUNNING A GENERATOR...MAKE SURE
THAT THE GENERATOR IS LOCATED OUTDOORS AND IS PROPERLY
VENTILATED. SPACE HEATERS SHOULD ALSO BE PROPERLY VENTILATED AND
USED ONLY IF THEY ARE OPERATING PROPERLY. MAKE SURE SNOW DOES NOT
BLOCK EXHAUSTS AND FRESH AIR INTAKES FOR HIGH EFFICIENCY FURNACES
AND WATER HEATERS.

STAY TUNED TO NOAA WEATHER RADIO OR YOUR FAVORITE SOURCE OF
WEATHER INFORMATION FOR THE LATEST UPDATES. ADDITIONAL DETAILS
CAN ALSO BE FOUND AT WWW.WEATHER.GOV/BUFFALO.

IN LAKE EFFECT SNOW THE WEATHER CAN VARY FROM LOCALLY HEAVY SNOW
IN NARROW BANDS TO CLEAR SKIES JUST A FEW MILES AWAY. IF YOU WILL
BE TRAVELING ACROSS THE REGION BE PREPARED FOR RAPID CHANGES IN
ROAD AND VISIBILITY CONDITIONS.

REPORT SNOW ACCUMULATION TO THE NATIONAL WEATHER SERVICE IN
BUFFALO BY SENDING AN EMAIL TO BUFSTORM.REPORT@NOAA.GOV...POSTING
TO THE NWS BUFFALO FACEBOOK PAGE...OR TWEET...USING THE HASHTAG
BUFWX

",Erie,2014-01-01,01:02:44,the national weather service in buffalo has issued a lake effect snow warning...which is in effect until 7 am est wednesday. the lake effect snow advisory is no longer in effect. * locations...southern erie mainly across the boston hills. * timing...through early wednesday morning. * accumulations...5 to 9 inches tonight...and up to to 2 inches wednesday. * visibilities...as low as a quarter of mile at times. * impacts...travel will be very difficult at times with snow covered roads and poor visibility due to snow and blowing snow.,"['lake effect snow warning', 'lake effect snow advisory']","['7 am est wednesday', 'early wednesday morning', 'tonight', 'wednesday']",[],[],"['buffalo', 'southern erie mainly across the boston hills']",[],"['accumulations', '5 to 9 inches', 'up to to 2 inches', 'visibilities', 'as low as a quarter of mile']","['mainly', 'will']",[],"['impacts', 'travel will be very difficult']"
NWS-130404-689000-476418,2013-12-31T16:27:36.000Z,Actual,Update,NWS Twin Cities/Chanhassen MN,Winter Weather Advisory,['Execute'],Expected,Moderate,Likely,Winter Weather Advisory issued December 31 at 10:26AM CST expiring December 31 at 7:00PM CST by NWS Twin Cities/Chanhassen MN,".A REINFORCING SURGE OF ARCTIC AIR WILL COVER THE REGION THIS
MORNING. NORTHWEST WINDS COMBINED WITH CONTINUED COLD
TEMPERATURES WILL PRODUCE WIND CHILL VALUES OF 25 BELOW TO
35 BELOW ZERO AT TIMES THIS MORNING. MUCH OF CENTRAL MINNESOTA
INTO WEST CENTRAL WISCONSIN IS UNDER A WIND CHILL ADVISORY OR
WARNING THROUGH NOON.

ALONG WITH THE COLD AIR...SNOW IS EXPECTED TO DEVELOP ACROSS
SOUTH CENTRAL MINNESOTA THIS MORNING...GENERATING A 2 TO 3 INCH
ACCUMULATION...MAINLY ALONG THE INTERSTATE 90 CORRIDOR. THE SNOW
WILL CONTINUE THROUGH THE DAY...ENDING AROUND 7 PM. THE EVENING
COMMUTE WILL LIKELY BE IMPACTED. A WINTER WEATHER ADVISORY IS IN
EFFECT FOR THIS PORTION OF SOUTH CENTRAL MINNESOTA TODAY.A WINTER WEATHER ADVISORY REMAINS IN EFFECT UNTIL 7 PM CST THIS
EVENING. 

* TIMING: SNOW WILL CONTINUE THROUGH MOST OF THE DAY...ENDING BY
  7 PM.

* MAIN IMPACT: 2 TO 3 INCHES ACCUMULATION.

* OTHER IMPACTS: PREPARE FOR SNOW COVERED AND SLICK ROADWAYS. 
  THE LATE MORNING AND EVENING COMMUTE WILL BE IMPACTED.","A WINTER WEATHER ADVISORY FOR SNOW MEANS THAT PERIODS OF SNOW
WILL CAUSE PRIMARILY TRAVEL DIFFICULTIES. BE PREPARED FOR SNOW
COVERED ROADS AND LIMITED VISIBILITIES...AND USE CAUTION WHILE
DRIVING.

",Martin; Faribault; Freeborn; Watonwan,2013-12-31,16:27:36,.a reinforcing surge of arctic air will cover the region this morning. northwest winds combined with continued cold temperatures will produce wind chill values of 25 below to 35 below zero at times this morning. much of central minnesota into west central wisconsin is under a wind chill advisory or warning through noon. along with the cold air...snow is expected to develop across south central minnesota this morning...generating a 2 to 3 inch accumulation...mainly along the interstate 90 corridor. the snow will continue through the day...ending around 7 pm. the evening commute will likely be impacted. a winter weather advisory is in effect for this portion of south central minnesota today.a winter weather advisory remains in effect until 7 pm cst this evening. * timing: snow will continue through most of the day...ending by 7 pm. * main impact: 2 to 3 inches accumulation. * other impacts: prepare for snow covered and slick roadways. the late morning and evening commute will be impacted.,"['wind chill advisory or warning', 'winter weather advisory', 'winter weather advisory']","['noon', 'ending around 7 pm', 'evening commute', 'ending by   7 pm']",[],[],"['much of central minnesota', 'west central wisconsin', 'south central minnesota', 'interstate 90 corridor', 'south central minnesota']",['25 below to 35 below zero'],[],"['expect', 'most', 'like', 'likely', 'much', 'around', 'mainly', 'will']",['prepare for snow covered and slick roadways'],[]
NWS-IDP-PROD-4261660-3590620,2020-06-07T21:19:00.000Z,Actual,Update,NWS San Francisco CA,Small Craft Advisory,['Avoid'],Expected,Minor,Likely,Small Craft Advisory issued June 7 at 2:19PM PDT until June 8 at 3:00AM PDT by NWS San Francisco CA,"* WHAT...For the first Small Craft Advisory, northwest winds 20
to 30 kt with gusts up to 35 kt and seas 9 to 12 feet at 9
seconds. For the second Small Craft Advisory, northwest winds
15 to 25 kt with gusts up to 30 kt and seas 8 to 10 feet at 10
seconds expected.

* WHERE...Coastal Waters from Pigeon Point to Point Pinos
California out to 10 nm.

* WHEN...For the Small Craft Advisory, until 3 AM PDT Monday.
For the Small Craft Advisory, from noon to 9 PM PDT Monday.

* IMPACTS...Conditions will be hazardous to small craft.","Inexperienced mariners, especially those operating smaller
vessels, should avoid navigating in hazardous conditions.",Coastal Waters from Pigeon Point to Point Pinos California out to 10 nm,2020-06-07,21:19:00,"* what...for the first small craft advisory, northwest winds 20 to 30 kt with gusts up to 35 kt and seas 9 to 12 feet at 9 seconds. for the second small craft advisory, northwest winds 15 to 25 kt with gusts up to 30 kt and seas 8 to 10 feet at 10 seconds expected. * where...coastal waters from pigeon point to point pinos california out to 10 nm. * when...for the small craft advisory, until 3 am pdt monday. for the small craft advisory, from noon to 9 pm pdt monday. * impacts...conditions will be hazardous to small craft.","['small craft advisory', 'small craft advisory', 'small craft advisory', 'small craft advisory']",['noon to 9 pm pdt monday'],['until 3 am pdt monday'],[],"['coastal waters', 'pigeon point to point pinos california out to 10 nm']","['20 to 30 kt', 'gusts up to 35 kt', '15 to 25 kt', 'gusts up to 30 kt']",[],"['expect', 'will']",['conditions will be hazardous to small craft'],['impacts']
NWS-IDP-PROD-4254028-3585452,2020-06-04T23:43:00.000Z,Actual,Alert,NWS Memphis TN,Tornado Warning,['Shelter'],Immediate,Extreme,Observed,Tornado Warning issued June 4 at 6:43PM CDT until June 4 at 7:15PM CDT by NWS Memphis TN,"The National Weather Service in Memphis has issued a

* Tornado Warning for...
Northeastern Henderson County in western Tennessee...
Southwestern Benton County in western Tennessee...
Southeastern Carroll County in western Tennessee...
Northwestern Decatur County in western Tennessee...

* Until 715 PM CDT.

* At 642 PM CDT, doppler radar indicated a severe thunderstorm
producing a tornado was located 8 miles northwest of Parkers
Crossroads, or 9 miles southwest of Huntingdon, moving east at 30
mph.

HAZARD...Tornado.

SOURCE...Radar indicated rotation.

IMPACT...Flying debris will be dangerous to those caught without
shelter. Mobile homes will be damaged or destroyed.
Damage to roofs, windows, and vehicles will occur.  Tree
damage is likely.

* Locations impacted include...
Natchez Trace State Park, Natchez Trace State Forest, Wildersville,
Parkers Crossroads, Clarksburg, Howley, Westport, Hillard, Parker's
Cross Roads, Dollar, Jumbo, Scott Hill, Holladay, Leach, Tate,
Palmer Shelter and Yuma.","TAKE COVER NOW! Move to a storm shelter or an interior room on the
lowest floor of a sturdy building. Avoid windows. If you are
outdoors, in a mobile home, or in a vehicle, move to the closest
substantial shelter and protect yourself from flying debris.","Benton, TN; Carroll, TN; Decatur, TN; Henderson, TN",2020-06-04,23:43:00,"the national weather service in memphis has issued a * tornado warning for... northeastern henderson county in western tennessee... southwestern benton county in western tennessee... southeastern carroll county in western tennessee... northwestern decatur county in western tennessee... * until 715 pm cdt. * at 642 pm cdt, doppler radar indicated a severe thunderstorm producing a tornado was located 8 miles northwest of parkers crossroads, or 9 miles southwest of huntingdon, moving east at 30 mph. hazard...tornado. source...radar indicated rotation. impact...flying debris will be dangerous to those caught without shelter. mobile homes will be damaged or destroyed. damage to roofs, windows, and vehicles will occur. tree damage is likely. * locations impacted include... natchez trace state park, natchez trace state forest, wildersville, parkers crossroads, clarksburg, howley, westport, hillard, parker's cross roads, dollar, jumbo, scott hill, holladay, leach, tate, palmer shelter and yuma.",[],['642 pm cdt'],['until 715 pm cdt'],[],"['memphis', 'northeastern henderson county', 'western tennessee', 'southwestern benton county', 'western tennessee', 'southeastern carroll county', 'western tennessee', 'northwestern decatur county', 'western tennessee', 'parkers crossroads', 'huntingdon', 'natchez trace state park', 'natchez trace state forest', 'wildersville', 'parkers crossroads', 'clarksburg', 'howley', 'westport', 'hillard', 'dollar', 'jumbo', 'scott hill', 'holladay', 'leach', 'tate', 'palmer shelter', 'yuma']",[],[],"['like', 'likely', 'indicate', 'will']",[],"['flying debris will be dangerous to those caught without shelter', 'mobile homes will be damaged or destroyed', 'damage to roofs, windows, and vehicles', 'tree damage is likely']"
NWS-IDP-PROD-4255926-3586793,2020-06-05T16:28:00.000Z,Actual,Update,NWS Missoula MT,Flood Advisory,['Avoid'],Expected,Minor,Likely,Flood Advisory issued June 5 at 10:28AM MDT until June 7 at 1:00PM MDT by NWS Missoula MT,"The National Weather Service in Missoula has extended the

* Flood Advisory for...
Central Flathead County in northwestern Montana...

Flooding near the Flathead River at Columbia Falls.

* Until 100 PM MDT Sunday.

* At 1028 AM MDT, minor flooding is ongoing or expected to continue.","Motorists should not attempt to drive around barricades or drive
cars through flooded areas.","Flathead, MT",2020-06-05,16:28:00,"the national weather service in missoula has extended the * flood advisory for... central flathead county in northwestern montana... flooding near the flathead river at columbia falls. * until 100 pm mdt sunday. * at 1028 am mdt, minor flooding is ongoing or expected to continue.",['flood advisory'],"['100 pm mdt', '1028 am mdt']",[],[],"['missoula', 'central flathead county', 'northwestern montana', 'flathead river', 'columbia falls']",[],[],"['expect', 'tend']",[],[]
NWS-IDP-PROD-4261553-3590529,2020-06-07T20:39:00.000Z,Actual,Alert,NWS San Juan PR,Flood Advisory,['Avoid'],Expected,Minor,Likely,Flood Advisory issued June 7 at 3:39PM AST until June 7 at 5:30PM AST by NWS San Juan PR,"The National Weather Service in San Juan has issued a

* Urban Flood Advisory for...
Florida Municipality in Puerto Rico...
Barceloneta Municipality in Puerto Rico...
Arecibo Municipality in Puerto Rico...
Jayuya Municipality in Puerto Rico...
Ciales Municipality in Puerto Rico...

* Until 530 PM AST

* At 437 PM AST, Doppler radar indicated heavy rain due to
thunderstorms. This will cause urban and small stream flooding in
the advisory area. Up to two inches of rain have already fallen
from the border between Arecibo and Florida southward to northern
Jayuya, including portions of western Ciales.

Additional rainfall of one to two inches is expected over the area.
This additional rain will create or aggravate any ongoing flooding.
Mudslides are possible near areas of steep terrain.","Turn around, don't drown when encountering flooded roads. Most flood
deaths occur in vehicles.

A Flood Advisory means river or stream flows are elevated, or ponding
of water in urban or other areas is occurring or is imminent.","Barceloneta, PR; Ciales, PR; Arecibo, PR; Florida, PR; Jayuya, PR",2020-06-07,20:39:00,"the national weather service in san juan has issued a * urban flood advisory for... florida municipality in puerto rico... barceloneta municipality in puerto rico... arecibo municipality in puerto rico... jayuya municipality in puerto rico... ciales municipality in puerto rico... * until 530 pm ast * at 437 pm ast, doppler radar indicated heavy rain due to thunderstorms. this will cause urban and small stream flooding in the advisory area. up to two inches of rain have already fallen from the border between arecibo and florida southward to northern jayuya, including portions of western ciales. additional rainfall of one to two inches is expected over the area. this additional rain will create or aggravate any ongoing flooding. mudslides are possible near areas of steep terrain.",['urban flood advisory'],['437 pm ast'],['until 530 pm ast'],[],"['san juan', 'florida municipality', 'puerto rico', 'barceloneta municipality', 'puerto rico', 'arecibo municipality', 'puerto rico', 'jayuya municipality', 'ciales municipality', 'puerto rico']","['heavy rain', 'up to two inches']",['additional rainfall of one to two inches'],"['expect', 'possible', 'read', 'indicate', 'will']",[],['mudslides are possible']
NWS-IDP-PROD-4253567,2020-06-04T21:03:00.000Z,Actual,Alert,NWS North Platte NE,Special Weather Statement,['Execute'],Expected,Moderate,Observed,Special Weather Statement issued June 4 at 3:03PM MDT by NWS North Platte NE,"At 302 PM MDT, trained weather spotters reported a strong
thunderstorm 7 miles east of Red Cloud Campground, or 8 miles west of
Hay Springs, moving east at 35 mph.

Dime size hail will be possible with this storm.

Locations impacted include...
Rushville, Hay Springs, Clinton, Lone Butte, Intersection of Beaver
Creek Road and White Clay Creek Road, Highway 250 crossing the
Niobrara River, Intersection of Highway 87 and Antelope Road and
Walgren Lake State Recreation Area.

This includes the following highways...
Highway 20 between mile markers 74 and 99.
Highway 250 between mile markers 35 and 48.",,Sheridan,2020-06-04,21:03:00,"at 302 pm mdt, trained weather spotters reported a strong thunderstorm 7 miles east of red cloud campground, or 8 miles west of hay springs, moving east at 35 mph. dime size hail will be possible with this storm. locations impacted include... rushville, hay springs, clinton, lone butte, intersection of beaver creek road and white clay creek road, highway 250 crossing the niobrara river, intersection of highway 87 and antelope road and walgren lake state recreation area. this includes the following highways... highway 20 between mile markers 74 and 99. highway 250 between mile markers 35 and 48.",[],['302 pm mdt'],[],[],"['red cloud campground', 'hay springs', 'rushville', 'hay springs', 'clinton', 'lone butte', 'intersection of beaver creek road and white clay creek road', 'highway 250', 'intersection of highway 87 and antelope road', 'walgren lake state recreation area', 'highway 20', 'mile markers 74 and 99', 'highway 250']",['35 mph'],[],"['possible', 'will']",[],[]
NWS-130404-693522-480125,2014-01-03T04:36:24.000Z,Actual,Update,NWS Jackson KY,Winter Weather Advisory,['Execute'],Expected,Moderate,Likely,Winter Weather Advisory issued January 2 at 11:35PM EST expiring January 3 at 2:00AM EST by NWS Jackson KY,"...SCATTERED INTENSE SNOW SHOWERS AND BLUSTERY CONDITIONS TO
CONTINUE FOR EAST KENTUCKY TONIGHT PARTICULARLY OVER FAR EASTERN KENTUCKY...BEFORE WINDING DOWN
FRIDAY MORNING. STORM TOTALS THROUGH FRIDAY MORNING WILL RANGE
FROM 1 TO 2 INCHES FOR MOST LOCATIONS...WITH HIGHER ELEVATIONS
ALONG THE VIRGINIA BORDER SEEING 2 TO 4 INCHES.

WINDS WILL REMAIN OUT OF THE NORTHWEST AT 10 TO 15 WITH GUSTS UP TO
25 MPH. THE GUSTY WINDS WILL COMBINE WITH THE FALLING SNOW TO BRING
VISIBILITIES DOWN TO LESS THAN A HALF MILE AT TIMES. NEWLY PLOWED
ROADS WILL ALSO GET RECOVERED EVEN AFTER THE SNOW HAS STOPPED.

ADDITIONALLY...MUCH COLDER AIR HAS MOVED INTO THE AREA. LOWS
EARLY FRIDAY MORNING WILL PLUMMET INTO THE 8 TO 15 DEGREES ABOVE
ZERO RANGE. THE WINDS WILL COMBINE WITH THE COLD AIR TO BRING
WIND CHILLS DOWN TO NEAR AND BELOW ZERO AT TIMES LATE TONIGHT
INTO EARLY FRIDAY MORNING.A WINTER WEATHER ADVISORY REMAINS IN EFFECT UNTIL 2 AM EST
FRIDAY. 

* SNOW SHOWERS WILL CONTINUE THROUGH TONIGHT BEFORE DISSIPATING 
  SHORTLY AFTER MIDNIGHT. 

* GENERALLY AROUND AN ADDITIONAL HALF AN INCH OF SNOW 
  ACCUMULATION IS EXPECTED...BRINGING EVENT TOTAL SNOWFALL AT 1 
  TO 2 INCHES. 

* UNTREATED ROADS WILL BE SNOW COVERED AND SLICK. IN ADDITION... 
  WET ROADS HAVE FROZEN AND AREAS OF BLACK ICE MAY EXIST. TIMES 
  OF REDUCED VISIBILITIES WILL BE POSSIBLE FROM ANY BURSTS OF 
  MODERATE SNOW AND BLOWING SNOW. WIND CHILLS WILL REACH NEAR 
  ZERO DEGREES TONIGHT.",,Morgan; Rowan; Powell; Wolfe; Menifee; Elliott; Estill,2014-01-03,04:36:24,...scattered intense snow showers and blustery conditions to continue for east kentucky tonight particularly over far eastern kentucky...before winding down friday morning. storm totals through friday morning will range from 1 to 2 inches for most locations...with higher elevations along the virginia border seeing 2 to 4 inches. winds will remain out of the northwest at 10 to 15 with gusts up to 25 mph. the gusty winds will combine with the falling snow to bring visibilities down to less than a half mile at times. newly plowed roads will also get recovered even after the snow has stopped. additionally...much colder air has moved into the area. lows early friday morning will plummet into the 8 to 15 degrees above zero range. the winds will combine with the cold air to bring wind chills down to near and below zero at times late tonight into early friday morning.a winter weather advisory remains in effect until 2 am est friday. * snow showers will continue through tonight before dissipating shortly after midnight. * generally around an additional half an inch of snow accumulation is expected...bringing event total snowfall at 1 to 2 inches. * untreated roads will be snow covered and slick. in addition... wet roads have frozen and areas of black ice may exist. times of reduced visibilities will be possible from any bursts of moderate snow and blowing snow. wind chills will reach near zero degrees tonight.,['winter weather advisory'],"['friday morning', 'friday morning', 'friday morning', 'friday morning']",[],[],"['east kentucky', 'far eastern kentucky', 'higher elevations along the virginia border']",['gusts up to 25 mph'],"['1 to 2 inches', '2 to 4 inches', '1    to 2 inches']","['expect', 'generally', 'most', 'may', 'possible', 'much', 'around', 'will']",[],[]
NWS-IDP-PROD-4260779-3590030,2020-06-07T13:02:00.000Z,Actual,Update,NWS Mobile AL,Tornado Warning,['Shelter'],Immediate,Extreme,Observed,Tornado Warning issued June 7 at 8:02AM CDT until June 7 at 8:45AM CDT by NWS Mobile AL,"At 802 AM CDT, a severe thunderstorm capable of producing a tornado
was located over Elberta, or 7 miles east of Foley, moving northwest
at 30 mph.

HAZARD...Tornado.

SOURCE...Radar indicated rotation.

IMPACT...Flying debris will be dangerous to those caught without
shelter. Mobile homes will be damaged or destroyed. Damage
to roofs, windows, and vehicles will occur.  Tree damage is
likely.

This dangerous storm will be near...
Elberta around 805 AM CDT.","TAKE COVER NOW! Move to a basement or an interior room on the lowest
floor of a sturdy building. Avoid windows. If you are outdoors, in a
mobile home, or in a vehicle, move to the closest substantial shelter
and protect yourself from flying debris.","Baldwin, AL",2020-06-07,13:02:00,"at 802 am cdt, a severe thunderstorm capable of producing a tornado was located over elberta, or 7 miles east of foley, moving northwest at 30 mph. hazard...tornado. source...radar indicated rotation. impact...flying debris will be dangerous to those caught without shelter. mobile homes will be damaged or destroyed. damage to roofs, windows, and vehicles will occur. tree damage is likely. this dangerous storm will be near... elberta around 805 am cdt.",[],"['802 am cdt', 'around 805 am cdt']",[],[],"['elberta', 'foley', 'elberta']",['30 mph'],[],"['like', 'likely', 'around', 'indicate', 'will']",[],"['flying debris will be dangerous to those caught without shelter', 'mobile homes will be damaged or destroyed', 'damage to roofs, windows, and vehicles', 'tree damage is likely']"
NWS-IDP-PROD-4263098-3591816,2020-06-08T10:44:00.000Z,Actual,Update,NWS Mobile AL,Coastal Flood Advisory,['Monitor'],Expected,Minor,Likely,Coastal Flood Advisory issued June 8 at 5:44AM CDT until June 8 at 7:00PM CDT by NWS Mobile AL,"* WHAT...For the High Surf Warning, dangerously large breaking
waves of 9 to 11 feet in the surf zone. For the Coastal Flood
Advisory, minor coastal flooding. For the High Rip Current Risk,
dangerous rip currents.

* WHERE...In Alabama, Baldwin Coastal and Mobile Coastal
Counties. In Florida, Santa Rosa Coastal, Okaloosa Coastal and
Escambia Coastal Counties.

* WHEN...For the High Surf Warning, until 7 PM CDT this evening.
For the High Rip Current Risk, through Wednesday evening.

* IMPACTS...Flooding of lots, parks, and roads with only
isolated road closures expected. Breaking waves can sweep
people off jetties and docks, and into dangerous seas. Life-
threatening swimming conditions and significant beach erosion
can be expected. Rip currents can sweep even the best swimmers
away from shore into deeper water.","If travel is required, allow extra time as some roads may be
closed. Do not drive around barricades or through water of
unknown depth. Take the necessary actions to protect flood-prone
property.

Everyone should remain out of the water due to life-threatening
surf conditions. Stay off of jetties, piers, and other waterside
infrastructure.

Swim near a lifeguard. If caught in a rip current, relax and
float. Don't swim against the current. If able, swim in a
direction following the shoreline. If unable to escape, face the
shore and call or wave for help.",Baldwin Coastal; Okaloosa Coastal; Escambia Coastal; Santa Rosa Coastal; Mobile Coastal,2020-06-08,10:44:00,"* what...for the high surf warning, dangerously large breaking waves of 9 to 11 feet in the surf zone. for the coastal flood advisory, minor coastal flooding. for the high rip current risk, dangerous rip currents. * where...in alabama, baldwin coastal and mobile coastal counties. in florida, santa rosa coastal, okaloosa coastal and escambia coastal counties. * when...for the high surf warning, until 7 pm cdt this evening. for the high rip current risk, through wednesday evening. * impacts...flooding of lots, parks, and roads with only isolated road closures expected. breaking waves can sweep people off jetties and docks, and into dangerous seas. life- threatening swimming conditions and significant beach erosion can be expected. rip currents can sweep even the best swimmers away from shore into deeper water.","['high surf warning', 'coastal flood advisory', 'high surf warning']",['this evening'],['through wednesday evening'],[],"['alabama', 'baldwin coastal', 'mobile coastal counties', 'florida', 'santa rosa coastal', 'okaloosa coastal', 'escambia coastal counties']","['dangerously large breaking waves', 'minor coastal flooding', 'high rip current risk', 'dangerous rip currents', 'high rip current risk', 'life- threatening swimming conditions', 'significant beach erosion']",['9 to 11 feet'],"['expect', 'can']",[],"['flooding of lots, parks, and roads']"
urn:oid:2.49.0.1.840.0.71b138894d3583b683fa8035249127902fb67324.001.1,2022-12-22T09:45:00.000Z,Actual,Update,NWS Chicago IL,Blizzard Warning,['Prepare'],Expected,Extreme,Likely,Blizzard Warning issued December 22 at 3:45AM CST until December 24 at 6:00AM CST by NWS Chicago IL,"* WHAT...Blizzard conditions expected. Total snow accumulations of
6 to 11 inches, highest in northeast Porter County north of
Interstate 80. Winds gusting as high as 55 mph expected. Wind
chill values of 25 to 35 below zero expected.

* WHERE...Porter County.

* WHEN...From 3 PM this afternoon to 6 AM CST Saturday.

* IMPACTS...Falling and blowing snow will result in white out
conditions with zero visibility at times, making travel
extremely difficult, if not impossible. Power outages will also
be possible as a result of strong wind gusts to 55 mph. Roads
may become ice covered as temperatures rapidly fall late this
afternoon into early evening.

* ADDITIONAL DETAILS...Dangerously cold wind chills as low as 25
to 35 below zero tonight through Friday night can cause
frostbite on exposed skin in as little as 20 minutes.
","Travel should be restricted to emergencies only. If you must
travel, have a winter survival kit with you. If you get stranded,
stay with your vehicle.

The latest road conditions for Indiana are available by calling 1-
800-261-7623.",,2022-12-22,09:45:00,"* what...blizzard conditions expected. total snow accumulations of 6 to 11 inches, highest in northeast porter county north of interstate 80. winds gusting as high as 55 mph expected. wind chill values of 25 to 35 below zero expected. * where...porter county. * when...from 3 pm this afternoon to 6 am cst saturday. * impacts...falling and blowing snow will result in white out conditions with zero visibility at times, making travel extremely difficult, if not impossible. power outages will also be possible as a result of strong wind gusts to 55 mph. roads may become ice covered as temperatures rapidly fall late this afternoon into early evening. * additional details...dangerously cold wind chills as low as 25 to 35 below zero tonight through friday night can cause frostbite on exposed skin in as little as 20 minutes.",[],"['3 pm this afternoon', '6 am cst saturday', 'late this afternoon into early evening', 'tonight through friday night']",[],[],"['porter county north of interstate 80', 'porter county']",['winds gusting as high as 55 mph'],['total snow accumulations of 6 to 11 inches'],"['expect', 'may', 'possible', 'little', 'can', 'will']",[],"['making travel extremely difficult', 'power outages', 'roads may become ice covered']"
NWS-IDP-PROD-4255854-3586732,2020-06-05T15:40:00.000Z,Actual,Alert,NWS Lake Charles LA,Tropical Storm Watch,['Prepare'],Future,Severe,Possible,Tropical Storm Watch issued June 5 at 10:40AM CDT by NWS Lake Charles LA,"* WHAT...Northeast winds 30 to 40 kt with gusts up to 55 kt and
seas 9 to 14 feet.

* WHERE...Vermilion Bay, Coastal waters from Lower Atchafalaya
River to Intracoastal City LA out 20 NM and Waters from Lower
Atchafalaya River to Intracoastal City LA from 20 to 60 NM.

* WHEN...Tropical Storm force winds possible from Saturday
afternoon until early Monday morning.

* IMPACTS...Very strong winds will cause hazardous seas which
could capsize or damage vessels and reduce visibility.","Mariners should consider altering plans to avoid possible
hazardous conditions. Remain in port, seek safe harbor, alter
course, and/or secure the vessel for severe wind and seas.",Waters from Lower Atchafalaya River to Intracoastal City LA from 20 to 60 NM; Vermilion Bay; Coastal waters from Lower Atchafalaya River to Intracoastal City LA out 20 NM,2020-06-05,15:40:00,"* what...northeast winds 30 to 40 kt with gusts up to 55 kt and seas 9 to 14 feet. * where...vermilion bay, coastal waters from lower atchafalaya river to intracoastal city la out 20 nm and waters from lower atchafalaya river to intracoastal city la from 20 to 60 nm. * when...tropical storm force winds possible from saturday afternoon until early monday morning. * impacts...very strong winds will cause hazardous seas which could capsize or damage vessels and reduce visibility.",[],"['saturday afternoon', 'early monday morning']",[],[],"['vermilion bay', 'lower atchafalaya river', 'intracoastal city la', 'lower atchafalaya river', 'intracoastal city la']","['30 to 40 kt', 'tropical storm force winds', 'very strong winds']",['9 to 14 feet'],"['could', 'possible', 'will']",[],['which could capsize or damage vessels and reduce visibility']
NWS-IDP-PROD-4256825-3587354,2020-06-06T00:18:00.000Z,Actual,Alert,NWS Wilmington NC,Beach Hazards Statement,['Avoid'],Expected,Moderate,Likely,Beach Hazards Statement issued June 5 at 8:18PM EDT until June 6 at 8:00PM EDT by NWS Wilmington NC,"* WHAT...For the Beach Hazards Statement, Portuguese Man o' War
are expected in the waters and on the shore. For the High Rip
Current Risk, dangerous rip currents expected.

* WHERE...Coastal Brunswick County.

* WHEN...From 6 AM EDT Saturday through Saturday evening.

* IMPACTS...Rip currents can sweep even the best swimmers away
from shore into deeper water.","Swim near a lifeguard. If caught in a rip current, relax and
float. Don't swim against the current. If able, swim in a
direction following the shoreline. If unable to escape, face the
shore and call or wave for help.

Remain out of the water to avoid hazardous swimming conditions.",Coastal Brunswick,2020-06-06,00:18:00,"* what...for the beach hazards statement, portuguese man o' war are expected in the waters and on the shore. for the high rip current risk, dangerous rip currents expected. * where...coastal brunswick county. * when...from 6 am edt saturday through saturday evening. * impacts...rip currents can sweep even the best swimmers away from shore into deeper water.",[],['6 am edt saturday through saturday evening'],[],[],['coastal brunswick county'],['high rip current risk'],[],"['expect', 'can']",[],['impacts']
NWS-IDP-PROD-4255796-3586701,2020-06-05T15:11:00.000Z,Actual,Alert,NWS New Orleans LA,Tropical Storm Watch,['Prepare'],Future,Severe,Possible,Tropical Storm Watch issued June 5 at 10:11AM CDT by NWS New Orleans LA,"A Tropical Storm Watch means tropical storm-force winds are possible
somewhere within this area within the next 48 hours

* LOCATIONS AFFECTED
- Hammond
- Pontchatoula

* WIND
- LATEST LOCAL FORECAST: Equivalent Tropical Storm force wind
- Peak Wind Forecast: 30-40 mph with gusts to 60 mph
- Window for Tropical Storm force winds: Sunday afternoon
until early Monday morning

- THREAT TO LIFE AND PROPERTY THAT INCLUDES TYPICAL FORECAST
UNCERTAINTY IN TRACK, SIZE AND INTENSITY: Potential for wind 39
to 57 mph
- PLAN: Plan for hazardous wind of equivalent tropical storm
force.
- PREPARE: Efforts to protect property should now be
underway. Prepare for limited wind damage.
- ACT: Act now to complete preparations before the wind
becomes hazardous.

- POTENTIAL IMPACTS: Limited
- Damage to porches, awnings, carports, sheds, and unanchored
mobile homes. Unsecured lightweight objects blown about.
- Many large tree limbs broken off. A few trees snapped or
uprooted, but with greater numbers in places where trees
are shallow rooted. Some fences and roadway signs blown
over.
- A few roads impassable from debris, particularly within
urban or heavily wooded places. Hazardous driving
conditions on bridges and other elevated roadways.
- Scattered power and communications outages.

* STORM SURGE
- No storm surge inundation forecast

- THREAT TO LIFE AND PROPERTY THAT INCLUDES TYPICAL FORECAST
UNCERTAINTY IN TRACK, SIZE AND INTENSITY: Little to no storm
surge flooding
- PLAN: There is little to no threat of storm surge flooding.
Rough surf, coastal erosion, and life-threatening rip
currents are possible.
- PREPARE: Little to no preparations for storm surge flooding
are needed.
- ACT: Follow the instructions of local officials. Monitor
forecasts.

- POTENTIAL IMPACTS: Little to None
- Little to no potential impacts from storm surge flooding.

* FLOODING RAIN
- LATEST LOCAL FORECAST: Flood Watch is in effect
- Peak Rainfall Amounts: 3-6 inches, with locally higher
amounts

- THREAT TO LIFE AND PROPERTY THAT INCLUDES TYPICAL FORECAST
UNCERTAINTY IN TRACK, SIZE AND INTENSITY: Potential for
moderate flooding rain
- PLAN: Emergency plans should include the potential for
moderate flooding from heavy rain. Evacuations and rescues
are possible.
- PREPARE: Consider protective actions if you are in an area
vulnerable to flooding.
- ACT: Heed any flood watches and warnings. Failure to take
action may result in serious injury or loss of life.

- POTENTIAL IMPACTS: Significant
- Moderate rainfall flooding may prompt several evacuations
and rescues.
- Rivers and tributaries may quickly become swollen with
swifter currents and overspill their banks in a few places,
especially in usually vulnerable spots. Small streams,
creeks, canals, bayous, and ditches overflow.
- Flood waters can enter some structures or weaken
foundations. Several places may experience expanded areas
of rapid inundation at underpasses, low-lying spots, and
poor drainage areas. Some streets and parking lots take on
moving water as storm drains and retention ponds overflow.
Driving conditions become hazardous. Some road and bridge
closures.

* TORNADO
- LATEST LOCAL FORECAST:
- Situation is somewhat favorable for tornadoes

- THREAT TO LIFE AND PROPERTY THAT INCLUDES TYPICAL FORECAST
UNCERTAINTY IN TRACK, SIZE AND INTENSITY: Potential for a few
tornadoes
- PLAN: Emergency plans should include the potential for a
few tornadoes.
- PREPARE: If your shelter is particularly vulnerable to
tornadoes, prepare to relocate to safe shelter before
hazardous weather arrives.
- ACT: If a tornado warning is issued, be ready to shelter
quickly.

- POTENTIAL IMPACTS: Limited
- The occurrence of isolated tornadoes can hinder the
execution of emergency plans during tropical events.
- A few places may experience tornado damage, along with
power and communications disruptions.
- Locations could realize roofs peeled off buildings,
chimneys toppled, mobile homes pushed off foundations or
overturned, large tree tops and branches snapped off,
shallow-rooted trees knocked over, moving vehicles blown
off roads, and small boats pulled from moorings.

* FOR MORE INFORMATION:
- http://emergency.louisiana.gov",,Southern Tangipahoa,2020-06-05,15:11:00,"a tropical storm watch means tropical storm-force winds are possible somewhere within this area within the next 48 hours * locations affected - hammond - pontchatoula * wind - latest local forecast: equivalent tropical storm force wind - peak wind forecast: 30-40 mph with gusts to 60 mph - window for tropical storm force winds: sunday afternoon until early monday morning - threat to life and property that includes typical forecast uncertainty in track, size and intensity: potential for wind 39 to 57 mph - plan: plan for hazardous wind of equivalent tropical storm force. - prepare: efforts to protect property should now be underway. prepare for limited wind damage. - act: act now to complete preparations before the wind becomes hazardous. - potential impacts: limited - damage to porches, awnings, carports, sheds, and unanchored mobile homes. unsecured lightweight objects blown about. - many large tree limbs broken off. a few trees snapped or uprooted, but with greater numbers in places where trees are shallow rooted. some fences and roadway signs blown over. - a few roads impassable from debris, particularly within urban or heavily wooded places. hazardous driving conditions on bridges and other elevated roadways. - scattered power and communications outages. * storm surge - no storm surge inundation forecast - threat to life and property that includes typical forecast uncertainty in track, size and intensity: little to no storm surge flooding - plan: there is little to no threat of storm surge flooding. rough surf, coastal erosion, and life-threatening rip currents are possible. - prepare: little to no preparations for storm surge flooding are needed. - act: follow the instructions of local officials. monitor forecasts. - potential impacts: little to none - little to no potential impacts from storm surge flooding. * flooding rain - latest local forecast: flood watch is in effect - peak rainfall amounts: 3-6 inches, with locally higher amounts - threat to life and property that includes typical forecast uncertainty in track, size and intensity: potential for moderate flooding rain - plan: emergency plans should include the potential for moderate flooding from heavy rain. evacuations and rescues are possible. - prepare: consider protective actions if you are in an area vulnerable to flooding. - act: heed any flood watches and warnings. failure to take action may result in serious injury or loss of life. - potential impacts: significant - moderate rainfall flooding may prompt several evacuations and rescues. - rivers and tributaries may quickly become swollen with swifter currents and overspill their banks in a few places, especially in usually vulnerable spots. small streams, creeks, canals, bayous, and ditches overflow. - flood waters can enter some structures or weaken foundations. several places may experience expanded areas of rapid inundation at underpasses, low-lying spots, and poor drainage areas. some streets and parking lots take on moving water as storm drains and retention ponds overflow. driving conditions become hazardous. some road and bridge closures. * tornado - latest local forecast: - situation is somewhat favorable for tornadoes - threat to life and property that includes typical forecast uncertainty in track, size and intensity: potential for a few tornadoes - plan: emergency plans should include the potential for a few tornadoes. - prepare: if your shelter is particularly vulnerable to tornadoes, prepare to relocate to safe shelter before hazardous weather arrives. - act: if a tornado warning is issued, be ready to shelter quickly. - potential impacts: limited - the occurrence of isolated tornadoes can hinder the execution of emergency plans during tropical events. - a few places may experience tornado damage, along with power and communications disruptions. - locations could realize roofs peeled off buildings, chimneys toppled, mobile homes pushed off foundations or overturned, large tree tops and branches snapped off, shallow-rooted trees knocked over, moving vehicles blown off roads, and small boats pulled from moorings. * for more information: - http://emergency.louisiana.gov","['tropical storm watch', 'flood watch']","['sunday afternoon', 'early monday morning']",['next 48 hours'],[],['hammond - pontchatoula'],['30-40 mph'],"['peak rainfall amounts', '3-6 inches', 'locally higher amounts']","['usually', 'several', 'some', 'somewhat', 'somewhere', 'consider', 'found', 'may', 'could', 'should', 'possible', 'read', 'few', 'little', 'about', 'can', 'certain', 'many']",['follow the instructions of local officials'],"['limited wind damage', 'potential impacts', 'a few trees snapped or uprooted', 'potential impacts', 'potential impacts']"
NWS-IDP-PROD-4269170-3595884,2020-06-11T00:09:00.000Z,Actual,Update,NWS Charleston WV,Tornado Warning,['Shelter'],Immediate,Extreme,Observed,Tornado Warning issued June 10 at 8:09PM EDT until June 10 at 8:30PM EDT by NWS Charleston WV,"At 809 PM EDT, a severe thunderstorm capable of producing a tornado
was located 7 miles southeast of South Webster, or 8 miles north of
Lake Vesuvius, moving northeast at 35 mph.

HAZARD...Tornado and quarter size hail.

SOURCE...Radar indicated rotation.

IMPACT...Flying debris will be dangerous to those caught without
shelter. Mobile homes will be damaged or destroyed. Damage
to roofs, windows, and vehicles will occur.  Tree damage is
likely.

Locations impacted include...
Vernon and Waterloo.","TAKE COVER NOW! Move to a basement or an interior room on the lowest
floor of a sturdy building. Avoid windows. If you are outdoors, in a
mobile home, or in a vehicle, move to the closest substantial shelter
and protect yourself from flying debris.","Lawrence, OH",2020-06-11,00:09:00,"at 809 pm edt, a severe thunderstorm capable of producing a tornado was located 7 miles southeast of south webster, or 8 miles north of lake vesuvius, moving northeast at 35 mph. hazard...tornado and quarter size hail. source...radar indicated rotation. impact...flying debris will be dangerous to those caught without shelter. mobile homes will be damaged or destroyed. damage to roofs, windows, and vehicles will occur. tree damage is likely. locations impacted include... vernon and waterloo.",['radar indicated rotation'],['809 pm edt'],[],[],"['south webster', 'lake vesuvius', 'vernon', 'waterloo']",['35 mph'],[],"['like', 'likely', 'indicate', 'will']",[],"['flying debris will be dangerous to those caught without shelter', 'mobile homes will be damaged or destroyed', 'damage to roofs, windows, and vehicles', 'tree damage is likely']"
NWS-IDP-PROD-4263873-3592279,2020-06-08T20:29:00.000Z,Actual,Alert,NWS Wichita KS,High Wind Watch,['Prepare'],Future,Severe,Possible,High Wind Watch issued June 8 at 3:29PM CDT until June 10 at 7:00AM CDT by NWS Wichita KS,"* WHAT...West and northwest winds 30 to 40 mph with gusts of 50
to 60 mph possible.

* WHERE...Portions of Central, South Central and Southeast
Kansas.

* WHEN...From Tuesday afternoon through Wednesday morning.

* IMPACTS...Damaging winds could blow down trees and power lines.
Travel could be difficult, especially for high profile vehicles.","Monitor the latest forecasts and warnings for updates on this
situation. Fasten loose objects or shelter objects in a safe
location prior to the onset of winds.",McPherson; Harvey; Elk; Chautauqua; Lincoln; Reno; Allen; Woodson; Wilson; Cowley; Greenwood; Sumner; Saline; Chase; Neosho; Harper; Rice; Sedgwick; Marion; Butler; Russell; Ellsworth; Kingman; Labette; Montgomery; Barton,2020-06-08,20:29:00,"* what...west and northwest winds 30 to 40 mph with gusts of 50 to 60 mph possible. * where...portions of central, south central and southeast kansas. * when...from tuesday afternoon through wednesday morning. * impacts...damaging winds could blow down trees and power lines. travel could be difficult, especially for high profile vehicles.",[],"['tuesday afternoon', 'wednesday morning']",[],[],"['portions of central', 'south central', 'southeast kansas']","['30 to 40 mph', '50 to 60 mph']",[],"['could', 'possible']",[],"['could blow down trees and power lines', 'travel could be difficult']"
NWS-IDP-PROD-4262952-3591653,2020-06-08T09:09:00.000Z,Actual,Update,NWS Corpus Christi TX,Coastal Flood Advisory,['Monitor'],Expected,Minor,Likely,Coastal Flood Advisory issued June 8 at 4:09AM CDT until June 8 at 11:00AM CDT by NWS Corpus Christi TX,"* WHAT...Minor coastal flooding.

* WHERE...Kleberg Islands and Nueces Islands Counties.

* WHEN...Until 11 AM CDT today.

* IMPACTS...Poor driving conditions are expected as water reaches
the dunes, mainly near times of high tide. Some beach access
roads will be impassable. High water levels will also approach
low areas along the intracoastal waterways and bays.","If travel is required, allow extra time as some roads may be
closed. Do not drive around barricades or through water of
unknown depth. Take the necessary actions to protect flood-prone
property.",Kleberg Islands; Nueces Islands,2020-06-08,09:09:00,"* what...minor coastal flooding. * where...kleberg islands and nueces islands counties. * when...until 11 am cdt today. * impacts...poor driving conditions are expected as water reaches the dunes, mainly near times of high tide. some beach access roads will be impassable. high water levels will also approach low areas along the intracoastal waterways and bays.",[],['mainly near times of high tide'],['until 11 am cdt today'],[],['kleberg islands and nueces islands counties'],[],['high water levels'],"['expect', 'some', 'mainly', 'will']",[],['poor driving conditions']
NWS-IDP-PROD-4264568-3592776,2020-06-09T03:07:00.000Z,Actual,Alert,NWS Sioux Falls SD,Tornado Warning,['Shelter'],Immediate,Extreme,Observed,Tornado Warning issued June 8 at 10:07PM CDT until June 8 at 10:30PM CDT by NWS Sioux Falls SD,"The National Weather Service in Sioux Falls has issued a

* Tornado Warning for...
East central Charles Mix County in south central South Dakota...
Northwestern Bon Homme County in southeastern South Dakota...
Southeastern Douglas County in south central South Dakota...
Southwestern Hutchinson County in southeastern South Dakota...

* Until 1030 PM CDT.

* At 1006 PM CDT, a severe thunderstorm capable of producing a
tornado was located near Dante, or 17 miles northwest of Tyndall,
moving northeast at 35 mph.

HAZARD...Tornado and tennis ball size hail.

SOURCE...Radar indicated rotation.

IMPACT...Flying debris will be dangerous to those caught without
shelter. Mobile homes will be damaged or destroyed.
Damage to roofs, windows, and vehicles will occur.  Tree
damage is likely.

* This dangerous storm will be near...
Tripp and Kaylor around 1030 PM CDT.","TAKE COVER NOW! Move to a basement or an interior room on the lowest
floor of a sturdy building. Avoid windows. If you are outdoors, in a
mobile home, or in a vehicle, move to the closest substantial shelter
and protect yourself from flying debris.","Hutchinson, SD; Douglas, SD; Charles Mix, SD; Bon Homme, SD",2020-06-09,03:07:00,"the national weather service in sioux falls has issued a * tornado warning for... east central charles mix county in south central south dakota... northwestern bon homme county in southeastern south dakota... southeastern douglas county in south central south dakota... southwestern hutchinson county in southeastern south dakota... * until 1030 pm cdt. * at 1006 pm cdt, a severe thunderstorm capable of producing a tornado was located near dante, or 17 miles northwest of tyndall, moving northeast at 35 mph. hazard...tornado and tennis ball size hail. source...radar indicated rotation. impact...flying debris will be dangerous to those caught without shelter. mobile homes will be damaged or destroyed. damage to roofs, windows, and vehicles will occur. tree damage is likely. * this dangerous storm will be near... tripp and kaylor around 1030 pm cdt.",[],"['1006 pm cdt', 'around 1030 pm cdt']",['until 1030 pm cdt'],[],"['sioux falls', 'east central charles mix county', 'south central south dakota', 'northwestern bon homme county', 'southeastern south dakota', 'southeastern douglas county', 'south central south dakota', 'southwestern hutchinson county', 'southeastern south dakota', 'dante', 'tyndall', 'tripp and kaylor']",[],[],"['like', 'likely', 'around', 'indicate', 'will']",[],"['flying debris will be dangerous to those caught without shelter', 'mobile homes will be damaged or destroyed', 'damage to roofs, windows, and vehicles', 'tree damage is likely']"
NWS-IDP-PROD-4254581-3585864,2020-06-05T02:14:00.000Z,Actual,Update,NWS Nashville TN,Tornado Warning,['Shelter'],Immediate,Extreme,Observed,Tornado Warning issued June 4 at 9:14PM CDT until June 4 at 9:30PM CDT by NWS Nashville TN,"At 913 PM CDT, a severe thunderstorm capable of producing a tornado
was located near Centerville, moving east at 30 mph.

HAZARD...Tornado.

SOURCE...Radar indicated rotation.

IMPACT...Flying debris will be dangerous to those caught without
shelter. Mobile homes will be damaged or destroyed. Damage
to roofs, windows, and vehicles will occur.  Tree damage is
likely.

Locations impacted include...
Centerville and Primm Springs.","TAKE COVER NOW! Move to a basement or an interior room on the lowest
floor of a sturdy building. Avoid windows. If you are outdoors, in a
mobile home, or in a vehicle, move to the closest substantial shelter
and protect yourself from flying debris.","Hickman, TN; Maury, TN",2020-06-05,02:14:00,"at 913 pm cdt, a severe thunderstorm capable of producing a tornado was located near centerville, moving east at 30 mph. hazard...tornado. source...radar indicated rotation. impact...flying debris will be dangerous to those caught without shelter. mobile homes will be damaged or destroyed. damage to roofs, windows, and vehicles will occur. tree damage is likely. locations impacted include... centerville and primm springs.",[],['913 pm cdt'],[],[],"['centerville', 'centerville', 'primm springs']",['30 mph'],[],"['like', 'likely', 'indicate', 'will']",[],"['mobile homes will be damaged or destroyed', 'damage to roofs, windows, and vehicles', 'tree damage is likely']"
NWS-IDP-PROD-4260529-3589829,2020-06-07T09:11:00.000Z,Actual,Update,NWS Lake Charles LA,Tropical Storm Warning,['Avoid'],Immediate,Severe,Observed,Tropical Storm Warning issued June 7 at 4:11AM CDT by NWS Lake Charles LA,"* WHAT...East winds 30 to 40 kt with gusts up to 55 kt and seas
6 to 11 feet.

* WHERE...Waters from Lower Atchafalaya River to Intracoastal
City LA from 20 to 60 NM, Coastal waters from Lower
Atchafalaya River to Intracoastal City LA out 20 NM and
Vermilion Bay.

* WHEN...Tropical Storm force winds possible until early this
evening.

* IMPACTS...Very strong winds will cause hazardous seas which
could capsize or damage vessels and reduce visibility.","Mariners should alter plans to avoid these hazardous conditions.
Remain in port, seek safe harbor, alter course, and/or secure the
vessel for severe conditions.",Waters from Lower Atchafalaya River to Intracoastal City LA from 20 to 60 NM; Vermilion Bay; Coastal waters from Lower Atchafalaya River to Intracoastal City LA out 20 NM,2020-06-07,09:11:00,"* what...east winds 30 to 40 kt with gusts up to 55 kt and seas 6 to 11 feet. * where...waters from lower atchafalaya river to intracoastal city la from 20 to 60 nm, coastal waters from lower atchafalaya river to intracoastal city la out 20 nm and vermilion bay. * when...tropical storm force winds possible until early this evening. * impacts...very strong winds will cause hazardous seas which could capsize or damage vessels and reduce visibility.",[],['early this evening'],[],[],"['lower atchafalaya river', 'intracoastal city la', 'coastal waters from lower atchafalaya river to intracoastal city la', 'vermilion bay']","['30 to 40 kt', 'tropical storm force winds', 'very strong winds']","['6 to 11 feet', 'from 20 to 60 nm', 'out 20 nm']","['could', 'possible', 'will']",[],['which could capsize or damage vessels and reduce visibility']
NWS-130404-680336,2013-12-25T05:49:11.000Z,Actual,Alert,NWS Wichita KS,Extreme Fire Danger,['Prepare'],Expected,Moderate,Likely,Extreme Fire Danger issued December 24 at 11:48PM CST by NWS Wichita KS,"THE GFDI DOES NOT ACCOUNT FOR PRECIPITATION THAT OCCURS WITHIN
THE HOUR PRECEDING ANY GIVEN FORECAST HOUR BELOW OR ANY SNOW ON
THE GROUND AT THE FORECAST HOUR. PLEASE MAKE APPROPRIATE ADJUSTMENTS.RFDICT

GRASSLAND FIRE DANGER INDEX
NATIONAL WEATHER SERVICE WICHITA KS
1148 PM CST TUE DEC 24 2013

THE GFDI DOES NOT ACCOUNT FOR PRECIPITATION THAT OCCURS WITHIN
THE HOUR PRECEDING ANY GIVEN FORECAST HOUR BELOW OR ANY SNOW ON
THE GROUND AT THE FORECAST HOUR. PLEASE MAKE APPROPRIATE ADJUSTMENTS.

GFDI SCALE:

(L)  LOW              0 TO  2
(M)  MODERATE         3 TO  7
(H)  HIGH             8 TO 19
(V)  VERY HIGH       20 TO 49
(X)  EXTREME         50+
(-)  MISSING


KSZ083-260000-
SEDGWICK-
INCLUDING THE CITY OF...WICHITA
1148 PM CST TUE DEC 24 2013

                                 (ALL TIME REFERENCES ARE IN CST)

DAY/DATE      24HR INDEX   *  MID  3AM  6AM  9AM NOON  3PM  6PM  9PM
TUE DEC 24  LOW         1  *                                         
WED DEC 25  MODERATE    3  *   L    L    L    L    L    M    L    L  
THU DEC 26  MODERATE    4  *   L    L    L    L    M    M    L    L  
FRI DEC 27  LOW         2  *   L    L    L    L    L    L    L    L  
SAT DEC 28  MODERATE    3  *   L    L    L    L    M    L    L    L  
SUN DEC 29  MODERATE    4  *   L    M    M    M    M    M    L    L",,Sedgwick,2013-12-25,05:49:11,the gfdi does not account for precipitation that occurs within the hour preceding any given forecast hour below or any snow on the ground at the forecast hour. please make appropriate adjustments.rfdict grassland fire danger index national weather service wichita ks 1148 pm cst tue dec 24 2013 the gfdi does not account for precipitation that occurs within the hour preceding any given forecast hour below or any snow on the ground at the forecast hour. please make appropriate adjustments. gfdi scale: (l) low 0 to 2 (m) moderate 3 to 7 (h) high 8 to 19 (v) very high 20 to 49 (x) extreme 50+ (-) missing ksz083-260000- sedgwick- including the city of...wichita 1148 pm cst tue dec 24 2013 (all time references are in cst) day/date 24hr index * mid 3am 6am 9am noon 3pm 6pm 9pm tue dec 24 low 1 * wed dec 25 moderate 3 * l l l l l m l l thu dec 26 moderate 4 * l l l l m m l l fri dec 27 low 2 * l l l l l l l l sat dec 28 moderate 3 * l l l l m l l l sun dec 29 moderate 4 * l m m m m m l l,[],"['1148 pm', '1148 pm']",[],[],"['wichita', 'sedgwick', 'wichita']","['low', 'moderate', 'high', 'high', 'extreme', 'low', 'moderate', 'moderate', 'low', 'moderate', 'moderate']",[],[],[],[]
NWS-IDP-PROD-4257455-3587745,2020-06-06T06:38:00.000Z,Actual,Update,NWS Tallahassee FL,Rip Current Statement,['Avoid'],Expected,Moderate,Likely,Rip Current Statement issued June 6 at 2:38AM EDT until June 9 at 5:00AM EDT by NWS Tallahassee FL,"...HIGH SURF ADVISORY IN EFFECT FROM THIS AFTERNOON THROUGH
MONDAY EVENING...

* WHAT...Large breaking waves of 6 to 8 feet expected in the surf
zone and dangerous rip currents.

* WHERE...Walton County Beaches.

* WHEN...For the High Surf Advisory, from this afternoon through
Monday evening, and through late Monday night for the High Rip
Current Risk.

* IMPACTS...Dangerous swimming and surfing conditions and
localized beach erosion. Rip currents can sweep even the best
swimmers away from shore into deeper water.","Inexperienced swimmers should remain out of the water due to
dangerous surf conditions.

Swim near a lifeguard. If caught in a rip current, relax and
float. Don't swim against the current. If able, swim in a
direction following the shoreline. If unable to escape, face the
shore and call or wave for help.",South Walton,2020-06-06,06:38:00,"...high surf advisory in effect from this afternoon through monday evening... * what...large breaking waves of 6 to 8 feet expected in the surf zone and dangerous rip currents. * where...walton county beaches. * when...for the high surf advisory, from this afternoon through monday evening, and through late monday night for the high rip current risk. * impacts...dangerous swimming and surfing conditions and localized beach erosion. rip currents can sweep even the best swimmers away from shore into deeper water.","['high surf advisory', 'high surf advisory']","['this afternoon', 'monday evening', 'this afternoon']",[],[],"['surf zone', 'walton county beaches']",[],['6 to 8 feet'],"['expect', 'can']",[],"['dangerous swimming and surfing conditions', 'localized beach erosion']"
NWS-IDP-PROD-4254844-3586083,2020-06-05T03:43:00.000Z,Actual,Alert,NWS Des Moines IA,Severe Thunderstorm Warning,['Shelter'],Immediate,Severe,Observed,Severe Thunderstorm Warning issued June 4 at 10:43PM CDT until June 4 at 11:30PM CDT by NWS Des Moines IA,"The National Weather Service in Des Moines  has issued a

* Severe Thunderstorm Warning for...
Northwestern Marshall County in central Iowa...
Southeastern Hardin County in central Iowa...

* Until 1130 PM CDT.

* At 1043 PM CDT, a severe thunderstorm was located 10 miles
southwest of Eldora, moving east at 10 mph.

HAZARD...60 mph wind gusts and half dollar size hail.

SOURCE...Radar indicated.

IMPACT...Hail damage to vehicles is expected. Expect wind damage
to roofs, siding, and trees.

* Locations impacted include...
Hubbard and New Providence.","For your protection move to an interior room on the lowest floor of a
building.","Marshall, IA; Hardin, IA",2020-06-05,03:43:00,"the national weather service in des moines has issued a * severe thunderstorm warning for... northwestern marshall county in central iowa... southeastern hardin county in central iowa... * until 1130 pm cdt. * at 1043 pm cdt, a severe thunderstorm was located 10 miles southwest of eldora, moving east at 10 mph. hazard...60 mph wind gusts and half dollar size hail. source...radar indicated. impact...hail damage to vehicles is expected. expect wind damage to roofs, siding, and trees. * locations impacted include... hubbard and new providence.",['radar indicated'],['1043 pm cdt'],['until 1130 pm cdt'],[],"['des moines', 'northwestern marshall county', 'central iowa', 'southeastern hardin county', 'central iowa', 'eldora', 'new providence']","['10 mph', '60 mph']",[],"['expect', 'indicate']","['expect wind damage to roofs, siding, and trees']","['half dollar size hail', 'hail damage to vehicles']"
NWS-IDP-PROD-4255223-3586356,2020-06-05T07:34:00.000Z,Actual,Update,NWS Boston/Norton MA,Small Craft Advisory,['Avoid'],Expected,Minor,Likely,Small Craft Advisory issued June 5 at 3:34AM EDT until June 6 at 8:00PM EDT by NWS Boston/Norton MA,"* WHAT...Southwest winds 5 to 15 kt and seas 3 to 5 feet.

* WHERE...In Massachusetts coastal waters, Coastal Waters
extending out to 25 nm South of Marthas Vineyard and
Nantucket. In Rhode Island coastal waters, Coastal Waters from
Montauk NY to Marthas Vineyard extending out to 20 nm South of
Block Island.

* WHEN...Until 8 PM EDT Saturday.

* IMPACTS...Conditions will be hazardous to small craft.","Inexperienced mariners, especially those operating smaller
vessels, should avoid navigating in hazardous conditions.",Coastal Waters extending out to 25 nm South of Marthas Vineyard and Nantucket; Coastal Waters from Montauk NY to Marthas Vineyard extending out to 20 nm South of Block Island,2020-06-05,07:34:00,"* what...southwest winds 5 to 15 kt and seas 3 to 5 feet. * where...in massachusetts coastal waters, coastal waters extending out to 25 nm south of marthas vineyard and nantucket. in rhode island coastal waters, coastal waters from montauk ny to marthas vineyard extending out to 20 nm south of block island. * when...until 8 pm edt saturday. * impacts...conditions will be hazardous to small craft.",[],[],['until 8 pm edt saturday'],[],"['coastal waters', 'marthas vineyard', 'nantucket', 'rhode island coastal waters', 'coastal waters from montauk ny', 'marthas vineyard extending out to 20 nm south of block island']","['5 to 15 kt', '3 to 5 feet']",[],"['tend', 'will']",[],"['impacts', 'conditions will be hazardous to small craft']"
NWS-IDP-PROD-4256808,2020-06-06T00:12:00.000Z,Actual,Alert,NWS Jackson MS,Special Weather Statement,['Execute'],Expected,Moderate,Observed,Special Weather Statement issued June 5 at 7:12PM CDT by NWS Jackson MS,"At 712 PM CDT, Meteorologists were tracking strong thunderstorms
along a line extending from near Barnett to near Bay Springs to near
Martinville. Movement was south at 40 mph.

Wind gusts up to 50 mph will be possible with these storms.

Strong thunderstorms will be near...
Stringer around 720 PM CDT.
Moss around 725 PM CDT.
Mount Olive around 735 PM CDT.
Hebron around 740 PM CDT.
Laurel around 745 PM CDT.
Ellisville, Lone Star and Mill Creek around 750 PM CDT.
Moselle around 800 PM CDT.
Eastabuchie and Sanford around 805 PM CDT.

Other locations impacted by these storms include Pachuta, Seminary
and Soso.","High winds can bring down trees and large limbs resulting in serious
injury or property damage. Exercise extreme caution when outdoors
during such strong winds...and be especially aware of older trees.",Smith; Clarke; Jones; Covington; Jasper,2020-06-06,00:12:00,"at 712 pm cdt, meteorologists were tracking strong thunderstorms along a line extending from near barnett to near bay springs to near martinville. movement was south at 40 mph. wind gusts up to 50 mph will be possible with these storms. strong thunderstorms will be near... stringer around 720 pm cdt. moss around 725 pm cdt. mount olive around 735 pm cdt. hebron around 740 pm cdt. laurel around 745 pm cdt. ellisville, lone star and mill creek around 750 pm cdt. moselle around 800 pm cdt. eastabuchie and sanford around 805 pm cdt. other locations impacted by these storms include pachuta, seminary and soso.",[],"['712 pm cdt', 'around 720 pm cdt', '725 pm cdt', '735 pm cdt', '740 pm cdt', '745 pm cdt', '750 pm cdt', '800 pm cdt', '805 pm cdt']",[],[],"['barnett', 'bay springs', 'martinville', 'stringer', 'moss', 'mount olive', 'hebron', 'laurel', 'ellisville', 'lone star', 'mill creek', 'moselle', 'eastabuchie', 'sanford', 'pachuta', 'seminary', 'soso']","['40 mph', 'wind gusts up to 50 mph']",[],"['possible', 'around', 'tend', 'will']",[],[]
NWS-130404-688516-476118,2013-12-31T08:55:12.000Z,Actual,Update,NWS Buffalo NY,Lake Effect Snow Warning,['Avoid'],Expected,Extreme,Likely,Lake Effect Snow Warning issued December 31 at 3:54AM EST expiring January 1 at 1:00PM EST by NWS Buffalo NY,"* LOCATIONS...OSWEGO COUNTY.

* TIMING...EARLY THIS AFTERNOON THROUGH EARLY WEDNESDAY 
  AFTERNOON.

* ACCUMULATIONS...2 TO 4 INCHES THIS AFTERNOON...8 TO 16 INCHES 
  TONIGHT...AND 5 TO 9 INCHES WEDNESDAY...LEADING TO STORM 
  TOTALS OF MORE THAN 2 FEET IN THE MOST PERSISTENT LAKE SNOWS.

* WINDS...WEST 15 TO 25 MPH WITH GUSTS UP TO 35 MPH PRODUCING SOME
  BLOWING AND DRIFTING SNOW.

* VISIBILITIES...NEAR ZERO AT TIMES.

* IMPACTS...AN INTENSE LAKE EFFECT SNOW BAND IS EXPECTED TO
  DEVELOP ACROSS THE AREA TONIGHT. TRAVEL WILL BE EXTREMELY
  DIFFICULT AT TIMES WITH SNOW COVERED ROADS AND POOR VISIBILITY
  DUE TO HEAVY SNOW AND BLOWING SNOW.","IF YOU LOSE POWER AND PLAN ON RUNNING A GENERATOR...MAKE SURE
THAT THE GENERATOR IS LOCATED OUTDOORS AND IS PROPERLY
VENTILATED. SPACE HEATERS SHOULD ALSO BE PROPERLY VENTILATED AND
USED ONLY IF THEY ARE OPERATING PROPERLY. MAKE SURE SNOW DOES NOT
BLOCK EXHAUSTS AND FRESH AIR INTAKES FOR HIGH EFFICIENCY FURNACES
AND WATER HEATERS.

STAY TUNED TO NOAA WEATHER RADIO OR YOUR FAVORITE SOURCE OF
WEATHER INFORMATION FOR THE LATEST UPDATES. ADDITIONAL DETAILS
CAN ALSO BE FOUND AT WWW.WEATHER.GOV/BUFFALO.

REPORT SNOW ACCUMULATION TO THE NATIONAL WEATHER SERVICE IN
BUFFALO BY SENDING AN EMAIL TO BUFSTORM.REPORT@NOAA.GOV...POSTING
TO THE NWS BUFFALO FACEBOOK PAGE...OR TWEET...USING THE HASHTAG
BUFWX

IN LAKE EFFECT SNOW THE WEATHER CAN VARY FROM LOCALLY HEAVY SNOW
IN NARROW BANDS TO CLEAR SKIES JUST A FEW MILES AWAY. IF YOU WILL
BE TRAVELING ACROSS THE REGION BE PREPARED FOR RAPID CHANGES IN
ROAD AND VISIBILITY CONDITIONS.

",Oswego,2013-12-31,08:55:12,* locations...oswego county. * timing...early this afternoon through early wednesday afternoon. * accumulations...2 to 4 inches this afternoon...8 to 16 inches tonight...and 5 to 9 inches wednesday...leading to storm totals of more than 2 feet in the most persistent lake snows. * winds...west 15 to 25 mph with gusts up to 35 mph producing some blowing and drifting snow. * visibilities...near zero at times. * impacts...an intense lake effect snow band is expected to develop across the area tonight. travel will be extremely difficult at times with snow covered roads and poor visibility due to heavy snow and blowing snow.,[],"['this afternoon', 'wednesday    afternoon', 'this afternoon', 'tonight', 'wednesday', 'tonight']",[],[],['oswego county'],[],"['2 to 4 inches', '8 to 16 inches', '5 to 9 inches', 'more than 2 feet', '15 to 25 mph', 'near zero at times']","['expect', 'most', 'some', 'will']",[],['impacts']
urn:oid:2.49.0.1.840.0.c969c66b7710526cc51c405df2ae1a2336f02c74.001.2,2022-12-22T17:44:00.000Z,Actual,Alert,NWS Grand Forks ND,Blizzard Warning,['Prepare'],Expected,Extreme,Likely,Blizzard Warning issued December 22 at 11:44AM CST until December 23 at 6:00PM CST by NWS Grand Forks ND,"* WHAT...For the Wind Chill Warning, dangerously cold wind chills.
Wind chills as low as 50 below zero. For the Blizzard Warning,
blizzard conditions expected. Winds gusting as high as 45 mph.

* WHERE...Portions of northwest and west central Minnesota and
northeast and southeast North Dakota.

* WHEN...For the Wind Chill Warning, until noon CST Saturday.
For the Blizzard Warning, from 9 PM this evening to 6 PM CST
Friday.

* IMPACTS...Widespread blowing snow will significantly reduce
visibility. The hazardous conditions will impact the morning
and/or evening commute and holiday travel. The dangerously cold
wind chills will cause frostbite on exposed skin in as little
as 10 minutes.

* ADDITIONAL DETAILS...Becoming stranded is a threat and will lead
to life threatening circumstances. Significant drifting of snow
may lead to dangerous travel and impassable roads.
","Avoid outside activities if possible. If outside, make sure you
wear appropriate winter clothing.

Travel should be restricted to emergencies only. If you must
travel, have a winter survival kit with you. If you get stranded,
stay with your vehicle.

The latest road conditions for North Dakota can be found at
dot.nd.gov/travel and fo35r Minnesota at 511mn.org, or by calling
5 1 1 in either state.",,2022-12-22,17:44:00,"* what...for the wind chill warning, dangerously cold wind chills. wind chills as low as 50 below zero. for the blizzard warning, blizzard conditions expected. winds gusting as high as 45 mph. * where...portions of northwest and west central minnesota and northeast and southeast north dakota. * when...for the wind chill warning, until noon cst saturday. for the blizzard warning, from 9 pm this evening to 6 pm cst friday. * impacts...widespread blowing snow will significantly reduce visibility. the hazardous conditions will impact the morning and/or evening commute and holiday travel. the dangerously cold wind chills will cause frostbite on exposed skin in as little as 10 minutes. * additional details...becoming stranded is a threat and will lead to life threatening circumstances. significant drifting of snow may lead to dangerous travel and impassable roads.","['wind chill warning', 'blizzard warning', 'wind chill warning', 'blizzard warning']","['9 pm this evening', '6 pm cst friday']",['until noon cst saturday'],[],"['portions of northwest and west central minnesota', 'northeast and southeast north dakota']","['as low as 50 below zero', 'winds gusting as high as 45 mph']",['dangerously cold wind chills'],"['expect', 'may', 'read', 'little', 'can', 'will']",[],"['becoming stranded is a threat and will lead to life threatening circumstances', 'may lead to dangerous travel and impassable roads']"
NWS-IDP-PROD-4262594-3591417,2020-06-08T03:44:00.000Z,Actual,Update,NWS Birmingham AL,Wind Advisory,['Execute'],Expected,Moderate,Likely,Wind Advisory issued June 7 at 10:44PM CDT until June 8 at 1:00PM CDT by NWS Birmingham AL,"* WHAT...East to southeast winds 10 to 20 mph with gusts up to 35
mph.

* WHERE...Sumter and Marengo Counties.

* WHEN...Until 1 PM CDT Monday.

* IMPACTS...Gusty winds could blow around unsecured objects.
Tree limbs could be blown down and a few power outages may
result.","Use extra caution when driving, especially if operating a high
profile vehicle. Secure outdoor objects.",Sumter; Marengo,2020-06-08,03:44:00,* what...east to southeast winds 10 to 20 mph with gusts up to 35 mph. * where...sumter and marengo counties. * when...until 1 pm cdt monday. * impacts...gusty winds could blow around unsecured objects. tree limbs could be blown down and a few power outages may result.,[],['1 pm cdt monday'],[],[],['sumter and marengo counties'],"['10 to 20 mph', 'up to 35 mph']",[],"['may', 'could', 'few', 'around']",[],['tree limbs could be blown down']
urn:oid:2.49.0.1.840.0.75dd6c442a9f0f4400df74b96d7ebed31c460912.001.2,2022-12-22T08:10:00.000Z,Actual,Alert,NWS Tallahassee FL,Rip Current Statement,['Avoid'],Expected,Moderate,Likely,Rip Current Statement issued December 22 at 3:10AM EST until December 24 at 7:00AM EST by NWS Tallahassee FL,"* WHAT...For the Coastal Flood Advisory, minor coastal flooding
expected. For the High Surf Advisory, large breaking waves of 5
to 7 feet expected in the surf zone. For the High Rip Current
Risk, dangerous rip currents expected.

* WHERE...Coastal Bay and Coastal Gulf Counties.

* WHEN...For the Coastal Flood Advisory, from 1 PM this
afternoon to 7 AM EST Friday. For the High Surf Advisory, from
1 AM to 1 PM EST Friday. For the High Rip Current Risk, from 1
PM EST this afternoon through Saturday morning.

* IMPACTS...Water levels will rise to between 1.5 ft and 2.5 ft
mean higher high water, which will result in minor inundation of
areas along the beachfront. At these levels, flooding affects
areas near the Panama City Marina as well as beach access points
in Panama City Beach. In addition to the coastal flood risk,
there is a risk of high surf and rip currents. Dangerous
swimming and surfing conditions and localized beach erosion. Rip
currents can sweep even the best swimmers away from shore into
deeper water.
","If travel is required, allow extra time as some roads may be
closed. Do not drive around barricades or through water of
unknown depth. Take the necessary actions to protect flood-prone
property.

Inexperienced swimmers should remain out of the water due to
dangerous surf conditions.

Swim near a lifeguard. If caught in a rip current, relax and
float. Don't swim against the current. If able, swim in a
direction following the shoreline. If unable to escape, face the
shore and call or wave for help.",,2022-12-22,08:10:00,"* what...for the coastal flood advisory, minor coastal flooding expected. for the high surf advisory, large breaking waves of 5 to 7 feet expected in the surf zone. for the high rip current risk, dangerous rip currents expected. * where...coastal bay and coastal gulf counties. * when...for the coastal flood advisory, from 1 pm this afternoon to 7 am est friday. for the high surf advisory, from 1 am to 1 pm est friday. for the high rip current risk, from 1 pm est this afternoon through saturday morning. * impacts...water levels will rise to between 1.5 ft and 2.5 ft mean higher high water, which will result in minor inundation of areas along the beachfront. at these levels, flooding affects areas near the panama city marina as well as beach access points in panama city beach. in addition to the coastal flood risk, there is a risk of high surf and rip currents. dangerous swimming and surfing conditions and localized beach erosion. rip currents can sweep even the best swimmers away from shore into deeper water.","['coastal flood advisory', 'high surf advisory', 'coastal flood advisory', 'high surf advisory']","['1 pm this afternoon', '7 am est friday', '1 am to 1 pm est friday', '1 pm est this afternoon through saturday morning']",[],[],"['coastal bay and coastal gulf counties', 'areas near the panama city marina']","['high rip current risk', 'dangerous rip currents', 'high rip current risk', 'dangerous swimming and surfing conditions']",[],"['expect', 'can', 'will']",[],[]
NWS-130404-689355,2013-12-31T20:51:29.000Z,Actual,Alert,NWS Wichita KS,Extreme Fire Danger,['Prepare'],Expected,Moderate,Likely,Extreme Fire Danger issued December 31 at 2:51PM CST by NWS Wichita KS,"THE GFDI DOES NOT ACCOUNT FOR PRECIPITATION THAT OCCURS WITHIN
THE HOUR PRECEDING ANY GIVEN FORECAST HOUR BELOW OR ANY SNOW ON
THE GROUND AT THE FORECAST HOUR. PLEASE MAKE APPROPRIATE ADJUSTMENTS.(ALL TIME REFERENCES ARE IN CST)

DAY/DATE      24HR INDEX   *  MID  3AM  6AM  9AM NOON  3PM  6PM  9PM
TUE DEC 31  VERY HIGH  26  *                            V    M    M  
WED JAN 01  MODERATE    5  *   L    L    L    L    M    M    M    L  
THU JAN 02  LOW         1  *   L    L    L    L    L    L    L    L  
FRI JAN 03  HIGH       12  *   L    L    L    M    M    H    M    M  
SAT JAN 04  MODERATE    5  *   M    M    L    L    L    L    L    L  
SUN JAN 05  LOW         1  *   L    L    L    L    L    L    L    L",,Chase,2013-12-31,20:51:29,the gfdi does not account for precipitation that occurs within the hour preceding any given forecast hour below or any snow on the ground at the forecast hour. please make appropriate adjustments.(all time references are in cst) day/date 24hr index * mid 3am 6am 9am noon 3pm 6pm 9pm tue dec 31 very high 26 * v m m wed jan 01 moderate 5 * l l l l m m m l thu jan 02 low 1 * l l l l l l l l fri jan 03 high 12 * l l l m m h m m sat jan 04 moderate 5 * m m l l l l l l sun jan 05 low 1 * l l l l l l l l,[],"['mid', 'noon']",[],[],[],"['high', 'moderate', 'low', 'high', 'moderate', 'low']",[],[],['please make appropriate adjustments'],[]
NWS-IDP-PROD-4264239-3592536,2020-06-09T00:53:00.000Z,Actual,Update,NWS North Platte NE,Tornado Warning,['Shelter'],Immediate,Extreme,Observed,Tornado Warning issued June 8 at 7:53PM CDT until June 8 at 8:30PM CDT by NWS North Platte NE,"At 753 PM CDT, a severe thunderstorm capable of producing a tornado
was located 7 miles south of Arnold, or 20 miles southeast of
Stapleton, moving northeast at 20 mph.

HAZARD...Tornado and two inch hail.

SOURCE...Radar indicated rotation.

IMPACT...Flying debris will be dangerous to those caught without
shelter. Mobile homes will be damaged or destroyed. Damage
to roofs, windows, and vehicles will occur.  Tree damage is
likely.

This dangerous storm will be near...
Arnold around 810 PM CDT.

Other locations impacted by this tornadic thunderstorm include
Finchville, Pleasant Hill and Milldale.

This includes Highway 92 between mile markers 249 and 267.","TAKE COVER NOW! Move to a basement or an interior room on the lowest
floor of a sturdy building. Avoid windows. If you are outdoors, in a
mobile home, or in a vehicle, move to the closest substantial shelter
and protect yourself from flying debris.","Lincoln, NE; Custer, NE",2020-06-09,00:53:00,"at 753 pm cdt, a severe thunderstorm capable of producing a tornado was located 7 miles south of arnold, or 20 miles southeast of stapleton, moving northeast at 20 mph. hazard...tornado and two inch hail. source...radar indicated rotation. impact...flying debris will be dangerous to those caught without shelter. mobile homes will be damaged or destroyed. damage to roofs, windows, and vehicles will occur. tree damage is likely. this dangerous storm will be near... arnold around 810 pm cdt. other locations impacted by this tornadic thunderstorm include finchville, pleasant hill and milldale. this includes highway 92 between mile markers 249 and 267.",[],"['753 pm cdt', '810 pm cdt']",[],[],"['arnold', 'stapleton', 'arnold', 'finchville', 'pleasant hill', 'milldale', 'highway 92', 'mile markers 249 and 267']",[],[],"['like', 'likely', 'around', 'indicate', 'will']",[],"['flying debris will be dangerous to those caught without shelter', 'mobile homes will be damaged or destroyed', 'damage to roofs, windows, and vehicles', 'tree damage is likely']"
NWS-130404-695660,2014-01-04T08:58:09.000Z,Actual,Alert,NWS Wichita KS,Extreme Fire Danger,['Prepare'],Expected,Moderate,Likely,Extreme Fire Danger issued January 4 at 2:57AM CST by NWS Wichita KS,"THE GFDI DOES NOT ACCOUNT FOR PRECIPITATION THAT OCCURS WITHIN
THE HOUR PRECEDING ANY GIVEN FORECAST HOUR BELOW OR ANY SNOW ON
THE GROUND AT THE FORECAST HOUR. PLEASE MAKE APPROPRIATE ADJUSTMENTS.(ALL TIME REFERENCES ARE IN CST)

DAY/DATE      24HR INDEX   *  MID  3AM  6AM  9AM NOON  3PM  6PM  9PM
SAT JAN 04  HIGH       10  *        L    L    M    H    H    M    M  
SUN JAN 05  MODERATE    5  *   M    M    M    M    M    M    L    L  
MON JAN 06  MODERATE    5  *   L    L    L    L    M    M    L    L  
TUE JAN 07  MODERATE    5  *   L    L    L    L    M    M    M    M  
WED JAN 08  LOW         2  *   L    L    L    L    L    L    L    L  
THU JAN 09  LOW         1  *   L    L    L    L    L    L    L    L",,Reno,2014-01-04,08:58:09,the gfdi does not account for precipitation that occurs within the hour preceding any given forecast hour below or any snow on the ground at the forecast hour. please make appropriate adjustments.(all time references are in cst) day/date 24hr index * mid 3am 6am 9am noon 3pm 6pm 9pm sat jan 04 high 10 * l l m h h m m sun jan 05 moderate 5 * m m m m m m l l mon jan 06 moderate 5 * l l l l m m l l tue jan 07 moderate 5 * l l l l m m m m wed jan 08 low 2 * l l l l l l l l thu jan 09 low 1 * l l l l l l l l,[],"['mid', 'noon']",[],[],[],"['high', 'moderate', 'moderate', 'moderate', 'low', 'low']",[],[],['please make appropriate adjustments'],[]
NWS-IDP-PROD-4255876-3586752,2020-06-05T15:57:00.000Z,Actual,Update,NWS Paducah KY,Flood Warning,['Avoid'],Immediate,Severe,Observed,Flood Warning issued June 5 at 10:57AM CDT until June 8 at 1:00AM CDT by NWS Paducah KY,"...The flood warning continues for the following rivers in
Illinois...Kentucky...Missouri...

Ohio River at Cairo

.River levels at the Ohio-Mississippi confluence are very slowly
falling. Cairo is now forecast to fall below flood stage Sunday
evening.

The Flood Warning continues for
the Ohio River at Cairo.
* until late Sunday night.
* At 10:00 AM Friday the stage was 42.7 feet.
* Flood Stage is 40.0 feet.
* Minor flooding is occurring and Minor flooding is forecast.
* Forecast...The river will continue to fall to below flood stage by
Sunday evening.","SAFETY MESSAGE...

Never drive cars...trucks or sport utility vehicles through flooded
areas. The water may be too deep to allow safe passage. Never allow
children to play in or near flood waters. Stay tuned to NOAA Weather
Radio or your local media for further statements and possible updated
forecasts.

Additional information is available at
http://www.crh.noaa.gov/ahps2/index.php?wfo=pah /lower case/","Mississippi, MO; Fulton, KY; Hickman, KY; Alexander, IL; Carlisle, KY; Ballard, KY; Pulaski, IL",2020-06-05,15:57:00,...the flood warning continues for the following rivers in illinois...kentucky...missouri... ohio river at cairo .river levels at the ohio-mississippi confluence are very slowly falling. cairo is now forecast to fall below flood stage sunday evening. the flood warning continues for the ohio river at cairo. * until late sunday night. * at 10:00 am friday the stage was 42.7 feet. * flood stage is 40.0 feet. * minor flooding is occurring and minor flooding is forecast. * forecast...the river will continue to fall to below flood stage by sunday evening.,[],"['sunday evening', 'sunday evening']",['until late sunday night'],[],"['illinois', 'kentucky', 'missouri', 'ohio river', 'cairo', 'cairo', 'ohio river', 'cairo']",[],"['flood stage', 'minor flooding', 'minor flooding']",['will'],[],[]
NWS-IDP-PROD-4263417-3591992,2020-06-08T15:36:00.000Z,Actual,Cancel,NWS Mobile AL,Gale Warning,['AllClear'],Past,Minor,Observed,The Gale Warning has been cancelled.,The Gale Warning has been cancelled and is no longer in effect.,"Inexperienced mariners, especially those operating smaller
vessels, should avoid navigating in hazardous conditions.",Mississippi Sound; South Mobile Bay; North Mobile Bay; Coastal waters from Pensacola FL to Pascagoula MS out 20 NM; Waters from Pensacola FL to Pascagoula MS from 20 to 60 NM,2020-06-08,15:36:00,the gale warning has been cancelled and is no longer in effect.,['gale warning'],[],[],[],[],[],[],['can'],[],[]
NWS-IDP-PROD-4253906-3585369,2020-06-04T22:54:00.000Z,Actual,Update,NWS Memphis TN,Tornado Warning,['Shelter'],Immediate,Extreme,Observed,Tornado Warning issued June 4 at 5:54PM CDT until June 4 at 6:00PM CDT by NWS Memphis TN,"The storm which prompted the warning has weakened below severe
limits, and no longer appears capable of producing a tornado.
Therefore, the warning will be allowed to expire.",,"Carroll, TN; Madison, TN; Gibson, TN",2020-06-04,22:54:00,"the storm which prompted the warning has weakened below severe limits, and no longer appears capable of producing a tornado. therefore, the warning will be allowed to expire.",[],[],[],[],[],['severe limits'],[],"['appear', 'appears', 'will']","['and no longer appears capable of producing a tornado', 'the warning will be allowed to expire']",[]
NWS-130404-690438,2014-01-01T16:34:46.000Z,Actual,Alert,NWS Springfield MO,Extreme Fire Danger,['Prepare'],Expected,Moderate,Likely,Extreme Fire Danger issued January 1 at 10:34AM CST by NWS Springfield MO,"THE GFDI DOES NOT ACCOUNT FOR PRECIPITATION THAT OCCURS WITHIN
THE HOUR PRECEDING ANY GIVEN FORECAST HOUR BELOW OR ANY SNOW ON
THE GROUND AT THE FORECAST HOUR. PLEASE MAKE APPROPRIATE ADJUSTMENTS.(ALL TIME REFERENCES ARE IN CST)

DAY/DATE      24HR INDEX   *  MID  3AM  6AM  9AM NOON  3PM  6PM  9PM
WED JAN 01  MODERATE    4  *   M    L    L    L    L    L    L    L  
THU JAN 02  MODERATE    6  *   M    M    M    M    M    M    M    L  
FRI JAN 03  HIGH        8  *   L    L    L    L    M    H    M    M  
SAT JAN 04  MODERATE    4  *   M    M    M    M    M    L    L    L  
SUN JAN 05  LOW         2  *   L    L    L    L    L    L    L    L  
MON JAN 06  MODERATE    3  *   L    L    L    L    M    M    L    L",,Wright,2014-01-01,16:34:46,the gfdi does not account for precipitation that occurs within the hour preceding any given forecast hour below or any snow on the ground at the forecast hour. please make appropriate adjustments.(all time references are in cst) day/date 24hr index * mid 3am 6am 9am noon 3pm 6pm 9pm wed jan 01 moderate 4 * m l l l l l l l thu jan 02 moderate 6 * m m m m m m m l fri jan 03 high 8 * l l l l m h m m sat jan 04 moderate 4 * m m m m m l l l sun jan 05 low 2 * l l l l l l l l mon jan 06 moderate 3 * l l l l m m l l,[],"['mid', 'noon']",[],[],[],"['moderate', 'moderate', 'high', 'moderate', 'low', 'moderate']",[],[],['please make appropriate adjustments'],[]
NWS-IDP-PROD-4255515-3586568,2020-06-05T11:12:00.000Z,Actual,Update,NWS Des Moines IA,Severe Thunderstorm Watch,['Monitor'],Future,Severe,Possible,Severe Thunderstorm Watch issued June 5 at 6:12AM CDT until June 5 at 7:00AM CDT by NWS Des Moines IA,"SEVERE THUNDERSTORM WATCH 256 REMAINS VALID UNTIL 7 AM CDT THIS
MORNING FOR THE FOLLOWING AREAS

IN IOWA THIS WATCH INCLUDES 10 COUNTIES

IN CENTRAL IOWA

JASPER                POWESHIEK

IN SOUTH CENTRAL IOWA

APPANOOSE             LUCAS                 MAHASKA
MARION                MONROE                WAYNE

IN SOUTHEAST IOWA

DAVIS                 WAPELLO

THIS INCLUDES THE CITIES OF ALBIA, ALLERTON, BLOOMFIELD,
CENTERVILLE, CHARITON, CORYDON, GRINNELL, HUMESTON, KNOXVILLE,
NEWTON, OSKALOOSA, OTTUMWA, PELLA, AND SEYMOUR.

* PRIMARY THREATS INCLUDE...

SCATTERED LARGE HAIL AND ISOLATED VERY LARGE HAIL EVENTS TO 2
INCHES IN DIAMETER POSSIBLE.
ISOLATED DAMAGING WIND GUSTS TO 70 MPH POSSIBLE.",,"Poweshiek, IA; Wapello, IA; Monroe, IA; Wayne, IA; Appanoose, IA; Davis, IA; Lucas, IA; Mahaska, IA; Marion, IA; Jasper, IA",2020-06-05,11:12:00,"severe thunderstorm watch 256 remains valid until 7 am cdt this morning for the following areas in iowa this watch includes 10 counties in central iowa jasper poweshiek in south central iowa appanoose lucas mahaska marion monroe wayne in southeast iowa davis wapello this includes the cities of albia, allerton, bloomfield, centerville, chariton, corydon, grinnell, humeston, knoxville, newton, oskaloosa, ottumwa, pella, and seymour. * primary threats include... scattered large hail and isolated very large hail events to 2 inches in diameter possible. isolated damaging wind gusts to 70 mph possible.",['severe thunderstorm watch'],['7 am cdt'],[],[],"['iowa', 'central iowa jasper', 'poweshiek', 'iowa appanoose', 'lucas', 'mahaska marion', 'monroe', 'wayne', 'southeast iowa davis', 'wapello', 'albia', 'allerton', 'bloomfield', 'centerville', 'chariton', 'corydon', 'grinnell', 'humeston', 'knoxville', 'newton', 'oskaloosa', 'ottumwa', 'pella', 'seymour']","['to 2 inches in diameter', 'to 70 mph']",[],['possible'],[],[]
NWS-IDP-PROD-4264721-3592914,2020-06-09T04:53:00.000Z,Actual,Update,NWS San Francisco CA,Small Craft Advisory,['Avoid'],Expected,Minor,Likely,Small Craft Advisory issued June 8 at 9:53PM PDT until June 10 at 3:00AM PDT by NWS San Francisco CA,"* WHAT...Northwest winds 15 to 20 kt with gusts up to 30 kt.

* WHERE...Coastal Waters from Point Arena to Point Reyes
California out to 10 nm.

* WHEN...For the Small Craft Advisory, until 3 AM PDT Tuesday.
For the Small Craft Advisory, from noon Tuesday to 3 AM PDT
Wednesday.

* IMPACTS...Conditions will be hazardous to small craft.","Inexperienced mariners, especially those operating smaller
vessels, should avoid navigating in hazardous conditions.",Coastal Waters from Point Arena to Point Reyes California out to 10 nm,2020-06-09,04:53:00,"* what...northwest winds 15 to 20 kt with gusts up to 30 kt. * where...coastal waters from point arena to point reyes california out to 10 nm. * when...for the small craft advisory, until 3 am pdt tuesday. for the small craft advisory, from noon tuesday to 3 am pdt wednesday. * impacts...conditions will be hazardous to small craft.","['small craft advisory', 'small craft advisory']","['3 am pdt tuesday', 'noon tuesday', '3 am pdt wednesday']",[],[],"['coastal waters', 'point arena', 'point reyes california']","['15 to 20 kt', 'up to 30 kt', 'out to 10 nm']",[],['will'],['conditions will be hazardous to small craft'],['impacts']
NWS-IDP-PROD-4254254,2020-06-05T00:52:00.000Z,Actual,Alert,NWS Norman OK,Special Weather Statement,['Execute'],Expected,Moderate,Observed,Special Weather Statement issued June 4 at 7:52PM CDT by NWS Norman OK,"AT 748 PM CDT, the leading edge of strong and gusty thunderstorm
winds extended along a line extending from near Okarche to near El
Reno to near Minco, moving east at 35 MPH.

HAZARDS INCLUDE...
Wind gusts over 50 MPH...

Locations impacted include...
Oklahoma City, Norman, Edmond, Moore, Midwest City, Del City,
Newcastle, Blanchard, Purcell, Yukon, Bethany, Mustang, Choctaw, Warr
Acres, The Village, Noble, Tuttle, Piedmont, Harrah and
Slaughterville.","Monitor the weather situation closely as a Severe Thunderstorm
Warning may be needed for damaging winds.",Oklahoma; McClain; Cleveland; Grady; Canadian,2020-06-05,00:52:00,"at 748 pm cdt, the leading edge of strong and gusty thunderstorm winds extended along a line extending from near okarche to near el reno to near minco, moving east at 35 mph. hazards include... wind gusts over 50 mph... locations impacted include... oklahoma city, norman, edmond, moore, midwest city, del city, newcastle, blanchard, purcell, yukon, bethany, mustang, choctaw, warr acres, the village, noble, tuttle, piedmont, harrah and slaughterville.",[],['748 pm cdt'],[],[],"['near okarche', 'near el reno', 'near minco', 'oklahoma city', 'norman', 'edmond', 'moore', 'midwest city', 'del city', 'newcastle', 'blanchard', 'purcell', 'yukon', 'bethany', 'mustang', 'choctaw', 'warr acres', 'the village', 'noble', 'tuttle', 'piedmont', 'harrah', 'slaughterville']",['wind gusts over 50 mph'],[],"['tend', 'must']",[],[]
NWS-IDP-PROD-4265364-3593319,2020-06-09T14:42:00.000Z,Actual,Update,NWS Marquette MI,Small Craft Advisory,['Avoid'],Expected,Minor,Likely,Small Craft Advisory issued June 9 at 10:42AM EDT until June 10 at 2:00PM EDT by NWS Marquette MI,"* WHAT...South winds 10 to 20 kt with gusts up to 30 kt and
waves 2 to 5 feet expected.

* WHERE...Marquette to Munising MI, Huron Islands to Marquette
MI and Munising to Grand Marais MI.

* WHEN...From 2 AM to 2 PM EDT Wednesday.

* IMPACTS...Conditions will be hazardous to small craft.","Inexperienced mariners, especially those operating smaller
vessels, should avoid navigating in hazardous conditions.",Huron Islands to Marquette MI; Munising to Grand Marais MI; Marquette to Munising MI,2020-06-09,14:42:00,"* what...south winds 10 to 20 kt with gusts up to 30 kt and waves 2 to 5 feet expected. * where...marquette to munising mi, huron islands to marquette mi and munising to grand marais mi. * when...from 2 am to 2 pm edt wednesday. * impacts...conditions will be hazardous to small craft.",[],[],['from 2 am to 2 pm edt wednesday'],[],"['marquette to munising', 'huron islands', 'marquette', 'munising to grand marais']","['10 to 20 kt', 'up to 30 kt', '2 to 5 feet']",[],"['expect', 'will']",['conditions will be hazardous to small craft'],['impacts']
NWS-130404-692510-479124,2014-01-02T19:58:00.000Z,Actual,Cancel,NWS Northern Indiana,Winter Storm Warning,['Prepare'],Expected,Severe,Likely,Winter Storm Warning issued January 2 at 2:57PM EST expiring January 2 at 4:00PM EST by NWS Northern Indiana,".LIGHT SNOW WILL END FROM WEST TO EAST LATE THIS AFTERNOON.
ADDITIONAL ACCUMULATIONS ARE EXPECTED TO BE LESS THAN AN INCH. 
NORTHEASTERLY WINDS WILL CONTINUE TO GUST UP TO 25 MPH...RESULTING
IN BLOWING AND DRIFTING OF SNOW WHICH WILL KEEP ROADS SNOW COVERED
AND SLICK.

A BAND OF HEAVY LAKE EFFECT SNOW IS FORECAST TO PIVOT INTO FAR
NORTHWEST INDIANA AND SOUTHWEST LOWER MICHIGAN THIS EVENING BEFORE
WEAKENING LATER TONIGHT. SNOWFALL RATES AROUND 2 INCHES PER HOUR
WITHIN THIS SNOW BAND WILL BE POSSIBLE...MAKING TRAVEL VERY
DANGEROUS WITH NEAR ZERO VISIBILITIES POSSIBLE AT TIMES. 
SNOWFALL TOTALS OF 2 TO 6 INCHES CAN BE EXPECTED...WITH LOCALLY
HIGHER AMOUNTS POSSIBLE ACROSS NORTHWEST LAPORTE COUNTY IN INDIANA
AND FAR SOUTHWEST BERRIEN COUNTY IN MICHIGAN....WINTER STORM WARNING IS CANCELLED...

THE NATIONAL WEATHER SERVICE IN NORTHERN INDIANA HAS ISSUED A
WINTER WEATHER ADVISORY FOR BLOWING SNOW...WHICH IS IN EFFECT
UNTIL 6 PM EST THIS EVENING. THE WINTER STORM WARNING HAS BEEN
CANCELLED.

HAZARDOUS WEATHER...

 * NORTHEAST WINDS OF 15 TO 20 MPH WITH GUSTS TO 25 MPH WILL
   CONTINUE TO CAUSE BLOWING AND DRIFTING SNOW LATE THIS AFTERNOON.

IMPACTS...

 * ROADS WILL BE SNOW COVERED...SLICK...AND HAZARDOUS.","A WINTER WEATHER ADVISORY FOR BLOWING SNOW MEANS THAT
VISIBILITIES WILL BE LIMITED DUE TO STRONG WINDS BLOWING SNOW
AROUND. USE CAUTION WHEN TRAVELING...ESPECIALLY IN OPEN AREAS.

",Cass; St. Joseph,2014-01-02,19:58:00,.light snow will end from west to east late this afternoon. additional accumulations are expected to be less than an inch. northeasterly winds will continue to gust up to 25 mph...resulting in blowing and drifting of snow which will keep roads snow covered and slick. a band of heavy lake effect snow is forecast to pivot into far northwest indiana and southwest lower michigan this evening before weakening later tonight. snowfall rates around 2 inches per hour within this snow band will be possible...making travel very dangerous with near zero visibilities possible at times. snowfall totals of 2 to 6 inches can be expected...with locally higher amounts possible across northwest laporte county in indiana and far southwest berrien county in michigan....winter storm warning is cancelled... the national weather service in northern indiana has issued a winter weather advisory for blowing snow...which is in effect until 6 pm est this evening. the winter storm warning has been cancelled. hazardous weather... * northeast winds of 15 to 20 mph with gusts to 25 mph will continue to cause blowing and drifting snow late this afternoon. impacts... * roads will be snow covered...slick...and hazardous.,"['winter storm warning', 'winter weather advisory', 'winter storm warning']","['late this afternoon', 'this evening', 'later tonight', 'late this afternoon']",[],[],"['far northwest indiana', 'southwest lower michigan', 'northwest laporte county', 'far southwest berrien county', 'northern indiana']",[],[],"['expect', 'possible', 'around', 'can', 'will']",[],['impacts']
NWS-IDP-PROD-4261021-3590192,2020-06-07T15:18:07.000Z,Actual,Update,NWS New Orleans LA,Tropical Storm Warning,['Avoid'],Immediate,Severe,Observed,Tropical Storm Warning issued June 7 at 10:12AM CDT by NWS New Orleans LA,"* LOCATIONS AFFECTED
- Tylertown

* WIND
- LATEST LOCAL FORECAST: Below tropical storm force wind
- Peak Wind Forecast: 25-35 mph with gusts to 55 mph

- THREAT TO LIFE AND PROPERTY THAT INCLUDES TYPICAL FORECAST
UNCERTAINTY IN TRACK, SIZE AND INTENSITY: Potential for wind 39
to 57 mph
- The wind threat has remained nearly steady from the
previous assessment.
- PLAN: Plan for hazardous wind of equivalent tropical storm
force.
- PREPARE: Remaining efforts to protect property should be
completed as soon as possible. Prepare for limited wind
damage.
- ACT: Move to safe shelter before the wind becomes hazardous.

- POTENTIAL IMPACTS: Limited
- Damage to porches, awnings, carports, sheds, and unanchored
mobile homes. Unsecured lightweight objects blown about.
- Many large tree limbs broken off. A few trees snapped or
uprooted, but with greater numbers in places where trees
are shallow rooted. Some fences and roadway signs blown
over.
- A few roads impassable from debris, particularly within
urban or heavily wooded places. Hazardous driving
conditions on bridges and other elevated roadways.
- Scattered power and communications outages.

* FLOODING RAIN
- LATEST LOCAL FORECAST: Flood Watch is in effect
- Peak Rainfall Amounts: Additional 4-8 inches, with locally
higher amounts

- THREAT TO LIFE AND PROPERTY THAT INCLUDES TYPICAL FORECAST
UNCERTAINTY IN TRACK, SIZE AND INTENSITY: Potential for extreme
flooding rain
- The flooding rain threat has remained nearly steady from
the previous assessment.
- PLAN: Emergency plans should include the potential for
extreme flooding from heavy rain. Evacuations and rescues
are likely.
- PREPARE: Urgently consider protective actions from extreme
and widespread rainfall flooding.
- ACT: Heed any flood watches and warnings. Failure to take
action will likely result in serious injury or loss of life.

- POTENTIAL IMPACTS: Devastating to Catastrophic
- Extreme rainfall flooding may prompt numerous evacuations
and rescues.
- Rivers and tributaries may overwhelmingly overflow their
banks in many places with deep moving water. Small streams,
creeks, canals, bayous, and ditches may become raging
rivers. Flood control systems and barriers may become
stressed.
- Flood waters can enter numerous structures within multiple
communities, some structures becoming uninhabitable or
washed away. Numerous places where flood waters may cover
escape routes. Streets and parking lots become rivers of
raging water with underpasses submerged. Driving conditions
become very dangerous. Numerous road and bridge closures
with some weakened or washed out.

* TORNADO
- LATEST LOCAL FORECAST:
- Situation is somewhat favorable for tornadoes

- THREAT TO LIFE AND PROPERTY THAT INCLUDES TYPICAL FORECAST
UNCERTAINTY IN TRACK, SIZE AND INTENSITY: Potential for a few
tornadoes
- The tornado threat has remained nearly steady from the
previous assessment.
- PLAN: Emergency plans should include the potential for a
few tornadoes.
- PREPARE: If your shelter is particularly vulnerable to
tornadoes, prepare to relocate to safe shelter before
hazardous weather arrives.
- ACT: If a tornado warning is issued, be ready to shelter
quickly.

- POTENTIAL IMPACTS: Limited
- The occurrence of isolated tornadoes can hinder the
execution of emergency plans during tropical events.
- A few places may experience tornado damage, along with
power and communications disruptions.
- Locations could realize roofs peeled off buildings,
chimneys toppled, mobile homes pushed off foundations or
overturned, large tree tops and branches snapped off,
shallow-rooted trees knocked over, moving vehicles blown
off roads, and small boats pulled from moorings.

* FOR MORE INFORMATION:
- http://www.msema.org",,Walthall,2020-06-07,15:18:07,"* locations affected - tylertown * wind - latest local forecast: below tropical storm force wind - peak wind forecast: 25-35 mph with gusts to 55 mph - threat to life and property that includes typical forecast uncertainty in track, size and intensity: potential for wind 39 to 57 mph - the wind threat has remained nearly steady from the previous assessment. - plan: plan for hazardous wind of equivalent tropical storm force. - prepare: remaining efforts to protect property should be completed as soon as possible. prepare for limited wind damage. - act: move to safe shelter before the wind becomes hazardous. - potential impacts: limited - damage to porches, awnings, carports, sheds, and unanchored mobile homes. unsecured lightweight objects blown about. - many large tree limbs broken off. a few trees snapped or uprooted, but with greater numbers in places where trees are shallow rooted. some fences and roadway signs blown over. - a few roads impassable from debris, particularly within urban or heavily wooded places. hazardous driving conditions on bridges and other elevated roadways. - scattered power and communications outages. * flooding rain - latest local forecast: flood watch is in effect - peak rainfall amounts: additional 4-8 inches, with locally higher amounts - threat to life and property that includes typical forecast uncertainty in track, size and intensity: potential for extreme flooding rain - the flooding rain threat has remained nearly steady from the previous assessment. - plan: emergency plans should include the potential for extreme flooding from heavy rain. evacuations and rescues are likely. - prepare: urgently consider protective actions from extreme and widespread rainfall flooding. - act: heed any flood watches and warnings. failure to take action will likely result in serious injury or loss of life. - potential impacts: devastating to catastrophic - extreme rainfall flooding may prompt numerous evacuations and rescues. - rivers and tributaries may overwhelmingly overflow their banks in many places with deep moving water. small streams, creeks, canals, bayous, and ditches may become raging rivers. flood control systems and barriers may become stressed. - flood waters can enter numerous structures within multiple communities, some structures becoming uninhabitable or washed away. numerous places where flood waters may cover escape routes. streets and parking lots become rivers of raging water with underpasses submerged. driving conditions become very dangerous. numerous road and bridge closures with some weakened or washed out. * tornado - latest local forecast: - situation is somewhat favorable for tornadoes - threat to life and property that includes typical forecast uncertainty in track, size and intensity: potential for a few tornadoes - the tornado threat has remained nearly steady from the previous assessment. - plan: emergency plans should include the potential for a few tornadoes. - prepare: if your shelter is particularly vulnerable to tornadoes, prepare to relocate to safe shelter before hazardous weather arrives. - act: if a tornado warning is issued, be ready to shelter quickly. - potential impacts: limited - the occurrence of isolated tornadoes can hinder the execution of emergency plans during tropical events. - a few places may experience tornado damage, along with power and communications disruptions. - locations could realize roofs peeled off buildings, chimneys toppled, mobile homes pushed off foundations or overturned, large tree tops and branches snapped off, shallow-rooted trees knocked over, moving vehicles blown off roads, and small boats pulled from moorings. * for more information: - http://www.msema.org",['flood watch'],['as soon as possible'],[],[],['tylertown'],['equivalent tropical storm force'],"['peak rainfall amounts', 'additional 4-8 inches', 'locally higher amounts']","['some', 'somewhat', 'like', 'consider', 'found', 'may', 'could', 'should', 'likely', 'possible', 'read', 'few', 'about', 'can', 'will', 'certain', 'many']","['prepare for limited wind damage', 'move to safe shelter before the wind becomes hazardous']",['devastating to catastrophic']
NWS-IDP-PROD-4259513-3589102,2020-06-07T00:03:00.000Z,Actual,Update,NWS Lincoln IL,Flood Warning,['Avoid'],Immediate,Severe,Observed,Flood Warning issued June 6 at 7:03PM CDT by NWS Lincoln IL,"...The Flood Warning continues for the following river in Illinois...

Illinois River at Peoria affecting Peoria...Tazewell and Woodford
Counties
Illinois River near Havana affecting Cass...Fulton and Mason
Counties
Illinois River at Beardstown affecting Brown...Cass...Morgan and
Schuyler Counties

.The following forecasts are based on observed precipitation, soil
moisture conditions, and forecast precipitation.

The Flood Warning continues for
The Illinois River near Havana.
* Until further notice.
* At  645 PM Saturday the stage was 20.0 feet.
* Flood stage is 14.0 feet.
* Moderate flooding is occurring and Moderate flooding is forecast.
* Forecast...The river will continue to fall to a stage of 19.3 feet
by Monday morning.
* Impact...At 19.5 feet...Access road to Anderson Lake north
campground closed.","If you encounter a flooded roadway, turn around and find an alternate
route. Turn around, don't drown.

Additional river and weather information is available at
www.weather.gov/ilx.","Mason, IL; Fulton, IL; Cass, IL",2020-06-07,00:03:00,"...the flood warning continues for the following river in illinois... illinois river at peoria affecting peoria...tazewell and woodford counties illinois river near havana affecting cass...fulton and mason counties illinois river at beardstown affecting brown...cass...morgan and schuyler counties .the following forecasts are based on observed precipitation, soil moisture conditions, and forecast precipitation. the flood warning continues for the illinois river near havana. * until further notice. * at 645 pm saturday the stage was 20.0 feet. * flood stage is 14.0 feet. * moderate flooding is occurring and moderate flooding is forecast. * forecast...the river will continue to fall to a stage of 19.3 feet by monday morning. * impact...at 19.5 feet...access road to anderson lake north campground closed.",[],"['645 pm saturday', 'monday morning']",['until further notice'],[],"['illinois river at peoria', 'peoria', 'tazewell and woodford counties illinois river near havana', 'cass', 'fulton and mason counties illinois river at beardstown', 'brown', 'cass', 'morgan and schuyler counties', 'illinois river near havana']","['moderate flooding', 'moderate flooding']",['stage'],['will'],[],['impact']
NWS-130404-686833-475051,2013-12-30T00:49:23.000Z,Actual,Alert,NWS Juneau AK,Winter Weather Advisory,['Execute'],Expected,Moderate,Likely,Winter Weather Advisory issued December 29 at 3:49PM AKST expiring December 30 at 6:00PM AKST by NWS Juneau AK,"THE NATIONAL WEATHER SERVICE IN JUNEAU HAS ISSUED A WINTER
WEATHER ADVISORY FOR SNOW...WHICH IS IN EFFECT FROM 11 PM THIS
EVENING TO 6 PM AKST MONDAY.

* TIMING...SNOW WILL DEVELOP IN THE LATE EVENING. SNOWFALL RATES
  WILL INCREASE AFTER MIDNIGHT. RAIN WILL MIX IN AT TIMES
  ESPECIALLY MONDAY AFTERNOON. SNOW WILL CONTINUE INTO MONDAY
  EVENING BUT ACCUMULATION RATES WILL BE LOWER.

* SNOW...TOTAL ACCUMULATIONS OF 3 TO 8 INCHES THROUGH MONDAY
  AFTERNOON.

* IMPACTS...SNOW WILL BE VERY WET AND MIXED WITH RAIN AT TIMES
  CAUSING IT TO COMPACT QUICKLY AND BECOME DIFFICULT TO MANAGE.
  VISIBILITY WILL BE REDUCED TO 2 MILES OR LESS IN HEAVY SNOW.

* OTHER IMPACTS...WET SNOW MAY ACCUMULATE ON TREES AND POWER LINES
  AND WINDS WILL BECOME GUSTY OVERNIGHT.","THIS STATEMENT WILL BE UPDATED BY MIDNIGHT AKST TONIGHT OR SOONER
IF CONDITIONS WARRANT.

AN ADVISORY MEANS THAT A POTENTIALLY HAZARDOUS EVENT IS ALREADY
OCCURRING OR IMMINENT.

",Juneau; Wrangell-Petersburg; Skagway-Hoonah-Angoon,2013-12-30,00:49:23,the national weather service in juneau has issued a winter weather advisory for snow...which is in effect from 11 pm this evening to 6 pm akst monday. * timing...snow will develop in the late evening. snowfall rates will increase after midnight. rain will mix in at times especially monday afternoon. snow will continue into monday evening but accumulation rates will be lower. * snow...total accumulations of 3 to 8 inches through monday afternoon. * impacts...snow will be very wet and mixed with rain at times causing it to compact quickly and become difficult to manage. visibility will be reduced to 2 miles or less in heavy snow. * other impacts...wet snow may accumulate on trees and power lines and winds will become gusty overnight.,['winter weather advisory'],"['11 pm this evening', '6 pm akst monday', 'late evening', 'after midnight', 'monday afternoon', 'monday   evening', 'monday   afternoon']",[],[],['juneau'],['snowfall rates'],['3 to 8 inches'],"['may', 'will']",[],"['impacts', 'impacts']"
NWS-130404-690148-477131,2014-01-01T11:26:43.000Z,Actual,Alert,NWS Buffalo NY,Lake Effect Snow Warning,['Avoid'],Expected,Extreme,Likely,Lake Effect Snow Warning issued January 1 at 6:24AM EST expiring January 1 at 7:00AM EST by NWS Buffalo NY,"...LAKE EFFECT SNOW WARNING IS CANCELLED...

THE NATIONAL WEATHER SERVICE IN BUFFALO HAS CANCELLED THE LAKE
EFFECT SNOW WARNING. 

* LOCATIONS...SOUTHERN ERIE COUNTY.

* TIMING...THIS EVENING THROUGH LATE FRIDAY MORNING.

* HAZARDS...SNOW...BLOWING SNOW...AND BITTERLY COLD WIND CHILLS.

* ACCUMULATIONS...1 TO 3 INCHES TODAY...2 TO 4 INCHES TONIGHT...
  2 TO 3 INCHES THURSDAY...1 TO 2 INCHES THURSDAY NIGHT. 

* WINDS...NORTHEAST 15 TO 25 MPH TONIGHT THROUGH FRIDAY MORNING 
  PRODUCING SOME BLOWING AND DRIFTING SNOW. 

* VISIBILITIES...AS LOW AS A HALF MILE AT TIMES.

* WIND CHILLS...15 TO 20 BELOW ZERO THURSDAY NIGHT AND FRIDAY 
  MORNING. 

* IMPACTS...TRAVEL WILL BE VERY DIFFICULT AT TIMES WITH SNOW
  COVERED ROADS AND POOR VISIBILITY DUE TO SNOW AND BLOWING SNOW.","A WINTER WEATHER ADVISORY IS NORMALLY ISSUED FOR A VARIETY OF
WINTER WEATHER CONDITIONS SUCH AS LIGHT SNOW, BLOWING SNOW,
SLEET, FREEZING RAIN AND WIND CHILLS. WHILE THE WEATHER WILL BE
SIGNIFICANT, THE WORD ADVISORY IMPLIES THAT SEVERE WINTER WEATHER
IS NOT ANTICIPATED.

",Erie,2014-01-01,11:26:43,...lake effect snow warning is cancelled... the national weather service in buffalo has cancelled the lake effect snow warning. * locations...southern erie county. * timing...this evening through late friday morning. * hazards...snow...blowing snow...and bitterly cold wind chills. * accumulations...1 to 3 inches today...2 to 4 inches tonight... 2 to 3 inches thursday...1 to 2 inches thursday night. * winds...northeast 15 to 25 mph tonight through friday morning producing some blowing and drifting snow. * visibilities...as low as a half mile at times. * wind chills...15 to 20 below zero thursday night and friday morning. * impacts...travel will be very difficult at times with snow covered roads and poor visibility due to snow and blowing snow.,"['lake effect snow warning', 'lake effect snow warning']","['this evening', 'today', 'tonight', 'thursday night', 'tonight', 'friday morning', 'thursday night and friday    morning']",[],[],"['buffalo', 'southern erie county']","['15 to 25 mph', '15 to 20 below zero']","['1 to 3 inches', '2 to 4 inches', '2 to 3 inches', '1 to 2 inches', 'as low as a half mile at times']","['some', 'can', 'will']",[],['travel will be very difficult at times']
urn:oid:2.49.0.1.840.0.4f05bb8c879013037e9fb45aa2ad259acd5a48b8.002.1,2022-12-22T17:33:00.000Z,Actual,Update,NWS Norman OK,Winter Weather Advisory,['Execute'],Expected,Moderate,Likely,Winter Weather Advisory issued December 22 at 11:33AM CST until December 22 at 6:00PM CST by NWS Norman OK,"* WHAT...For the Winter Weather Advisory, snow. Winds gusting as
high as 45 mph. For the Wind Chill Advisory, very cold wind
chills. Wind chills as low as 20 below zero.

* WHERE...Portions of central, east central, southeast, southern
and southwest Oklahoma and northern Texas.

* WHEN...For the Winter Weather Advisory, until 6 PM CST this
evening. For the Wind Chill Advisory, until noon CST Friday.

* IMPACTS...The hazardous conditions could impact the morning or
evening commute. Gusty winds could bring down tree branches.
The cold wind chills could result in hypothermia if
precautions are not taken.
","Slow down and use caution while traveling.

Use caution while traveling outside. Wear appropriate clothing, a
hat, and gloves.

In Oklahoma, for the latest road conditions call
8 4 4 4 6 5 4 9 9 7. In Texas, for the latest road conditions
call 800 4 5 2 9 2 9 2 for road information.",,2022-12-22,17:33:00,"* what...for the winter weather advisory, snow. winds gusting as high as 45 mph. for the wind chill advisory, very cold wind chills. wind chills as low as 20 below zero. * where...portions of central, east central, southeast, southern and southwest oklahoma and northern texas. * when...for the winter weather advisory, until 6 pm cst this evening. for the wind chill advisory, until noon cst friday. * impacts...the hazardous conditions could impact the morning or evening commute. gusty winds could bring down tree branches. the cold wind chills could result in hypothermia if precautions are not taken.","['winter weather advisory', 'wind chill advisory', 'winter weather advisory', 'wind chill advisory']",[],"['until 6 pm cst', 'until noon cst friday']",[],"['portions of central', 'east central', 'southeast', 'southern', 'southwest oklahoma', 'northern texas']",['winds gusting as high as 45 mph'],"['very cold wind chills', 'wind chills as low as 20 below zero']",['could'],['precautions are not taken'],"['could bring down tree branches', 'could result in hypothermia']"
NWS-IDP-PROD-4262979-3591680,2020-06-08T09:32:00.000Z,Actual,Update,NWS Seattle WA,Small Craft Advisory,['Avoid'],Expected,Minor,Likely,Small Craft Advisory issued June 8 at 2:32AM PDT until June 8 at 5:00AM PDT by NWS Seattle WA,"* WHAT...For the Gale Warning, south winds 25 to 35 kt and seas
6 to 11 ft at 20 seconds. For the Small Craft Advisory,
northwest winds 15 to 25 kt.

* WHERE...Coastal Waters from Cape Flattery to Cape Shoalwater
out to 60 nm.

* WHEN...For the Gale Warning, from 9 PM this evening to noon
PDT Tuesday. For the Small Craft Advisory, until 5 AM PDT
early this morning.

* IMPACTS...Strong winds will cause hazardous seas which could
capsize or damage vessels and reduce visibility.","A Gale Warning means winds of 34 to 47 knots are imminent or
occurring. Operating a vessel in gale conditions requires
experience and properly equipped vessels. It is highly
recommended that mariners without the proper experience seek safe
harbor prior to the onset of gale conditions.",Coastal Waters From Cape Flattery To James Island 10 To 60 Nm; Coastal Waters From James Island To Point Grenville Out 10 Nm; Waters From James Island To Point Grenville 10 To 60 Nm; Coastal Waters From Cape Flattery To James Island Out 10 Nm; Coastal Waters From Point Grenville To Cape Shoalwater Out 10 Nm; Coastal Waters From Point Grenville To Cape Shoalwater 10 To 60 Nm,2020-06-08,09:32:00,"* what...for the gale warning, south winds 25 to 35 kt and seas 6 to 11 ft at 20 seconds. for the small craft advisory, northwest winds 15 to 25 kt. * where...coastal waters from cape flattery to cape shoalwater out to 60 nm. * when...for the gale warning, from 9 pm this evening to noon pdt tuesday. for the small craft advisory, until 5 am pdt early this morning. * impacts...strong winds will cause hazardous seas which could capsize or damage vessels and reduce visibility.","['gale warning', 'gale warning']","['9 pm this evening', 'noon pdt tuesday', '5 am pdt early this morning']",[],[],"['coastal waters', 'cape flattery', 'cape shoalwater out to 60 nm']","['25 to 35 kt', '6 to 11 ft', '15 to 25 kt']",[],"['could', 'will']","['small craft advisory', 'small craft advisory']",['which could capsize or damage vessels and reduce visibility']
NWS-IDP-PROD-4260878-3590082,2020-06-07T14:15:00.000Z,Actual,Alert,NWS New Orleans LA,Tornado Warning,['Shelter'],Immediate,Extreme,Observed,Tornado Warning issued June 7 at 9:15AM CDT until June 7 at 9:30AM CDT by NWS New Orleans LA,"The National Weather Service in New Orleans has issued a

* Tornado Warning for...
Central Jackson County in southern Mississippi...

* Until 930 AM CDT.

* At 915 AM CDT, a severe thunderstorm capable of producing a tornado
was located over Big Point, or 7 miles northeast of Escatawpa,
moving west at 40 mph.

HAZARD...Tornado.

SOURCE...Radar indicated rotation.

IMPACT...Flying debris will be dangerous to those caught without
shelter. Mobile homes will be damaged or destroyed.
Damage to roofs, windows, and vehicles will occur.  Tree
damage is likely.

* This dangerous storm will be near...
Wade around 920 AM CDT.
Vancleave around 930 AM CDT.","TAKE COVER NOW! Move to an interior room on the lowest floor of a
sturdy building. Avoid windows. If you are outdoors, in a mobile
home, or in a vehicle, move to the closest substantial shelter and
protect yourself from flying debris.","Jackson, MS",2020-06-07,14:15:00,"the national weather service in new orleans has issued a * tornado warning for... central jackson county in southern mississippi... * until 930 am cdt. * at 915 am cdt, a severe thunderstorm capable of producing a tornado was located over big point, or 7 miles northeast of escatawpa, moving west at 40 mph. hazard...tornado. source...radar indicated rotation. impact...flying debris will be dangerous to those caught without shelter. mobile homes will be damaged or destroyed. damage to roofs, windows, and vehicles will occur. tree damage is likely. * this dangerous storm will be near... wade around 920 am cdt. vancleave around 930 am cdt.",[],"['915 am cdt', 'around 920 am cdt', 'around 930 am cdt']",['until 930 am cdt'],[],"['new orleans', 'central jackson county', 'southern mississippi', 'big point', 'escatawpa', 'wade', 'vancleave']",['40 mph'],[],"['like', 'likely', 'around', 'indicate', 'will']",[],"['flying debris', 'mobile homes will be damaged or destroyed', 'damage to roofs, windows, and vehicles', 'tree damage']"
36b69013-b5c7-4c35-bc2e-0d88e2146ba5,2020-06-05T02:30:34.000Z,Actual,Alert,City of Minneapolis,Civil Emergency Message,['Avoid'],Immediate,Extreme,Observed,Curfew in Effect - Go Home,"The city of Minneapolis is under a strict curfew, beginning at 10pm. Go home or to a safe inside location. Stay indoors.","The city of Minneapolis is under a strict curfew, beginning at 10pm. Go home or to a safe inside location. Stay indoors.","Hennepin County, MN",2020-06-05,02:30:34,"the city of minneapolis is under a strict curfew, beginning at 10pm. go home or to a safe inside location. stay indoors.",[],['10pm'],[],[],['the city of minneapolis'],[],[],['few'],"['go home or to a safe inside location', 'stay indoors']",[]
NWS-IDP-PROD-4264838-3592990,2020-06-09T06:52:00.000Z,Actual,Cancel,NWS Detroit/Pontiac MI,Gale Watch,['AllClear'],Past,Minor,Observed,The Gale Watch has been cancelled.,The Gale Watch has been cancelled and is no longer in effect.,,Lake Huron from Harbor Beach to Port Sanilac 5NM Off Shore to US/Canadian border; Lake Huron from Port Austin to Harbor Beach 5NM Off Shore to the US/Canadian border; Lake Huron from Port Sanilac to Port Huron 5NM Off Shore to US/Canadian border,2020-06-09,06:52:00,the gale watch has been cancelled and is no longer in effect.,['gale watch'],[],[],[],[],[],[],['can'],[],[]
NWS-130404-682337-472123,2013-12-26T16:07:18.000Z,Actual,Cancel,NWS Marquette MI,Lake Effect Snow Warning,['Avoid'],Expected,Extreme,Likely,Lake Effect Snow Warning issued December 26 at 11:06AM EST expiring December 26 at 1:00PM EST by NWS Marquette MI,".EXPECT MODERATE TO LOCALLY HEAVY LAKE EFFECT SNOW SHOWERS OVER
THE KEWEENAW PENINSULA AND NEAR LAKE SUPERIOR MOSTLY TO THE EAST
OF MUNISING AND TO THE NORTH OF NEWBERRY AS A WEST TO NORTHWEST
FLOW OF COLD AIR CROSSES LAKE SUPERIOR. EXPECT THE SNOW SHOWERS
TO DIMINISH THIS AFTERNOON TO THE SOUTH OF HOUGHTON AND THEN THIS
EVENING OVER THE REST OF THE KEWEENAW PENINSULA AND ALSO TO THE
EAST OF MUNISING.THE NATIONAL WEATHER SERVICE IN MARQUETTE HAS REPLACED THE LAKE
EFFECT SNOW WARNING WITH A LAKE EFFECT SNOW ADVISORY FOR LAKE EFFECT
SNOW...WHICH IS IN EFFECT UNTIL 7 PM EST THIS EVENING.

HAZARDOUS WEATHER...

 * EXPECT LIGHT TO AT TIMES MODERATE LAKE EFFECT SNOW SHOWERS TO
   PERSIST THROUGH THIS AFTERNOON...MAINLY OVER THE NORTH HALF OF
   ONTONAGON COUNTY. LINGERING SNOW SHOWERS WILL END EARLY THIS
   EVENING. 

 * EXPECT 1 TO 3 INCHES OF ADDITIONAL SNOW TO FALL TODAY OVER THE
   NORTH HALF OF ONTONAGON COUNTY. ANY SNOW ACCUMULATION OVER THE
   SOUTH FROM BERGLAND TO BRUCE CROSSING WILL BE LESS THAN AN INCH.

IMPACTS...

 * IN AREAS IMPACTED BY THE LAKE EFFECT SNOW SHOWERS...ROADS WILL
   REMAIN SNOW COVERED AND SLIPPERY.

 * THE VISIBILITY MAY FALL TO AS LOW AS ONE HALF MILE AT TIMES UNDER
   THE HEAVIER SNOW SHOWERS.","* A LAKE EFFECT SNOW ADVISORY MEANS LAKE EFFECT SNOW IS FORECAST
   THAT WILL MAKE TRAVEL DIFFICULT IN SOME AREAS.

 * PREPARE...PLAN...AND STAY INFORMED. VISIT WWW.WEATHER.GOV/MQT

",Ontonagon,2013-12-26,16:07:18,.expect moderate to locally heavy lake effect snow showers over the keweenaw peninsula and near lake superior mostly to the east of munising and to the north of newberry as a west to northwest flow of cold air crosses lake superior. expect the snow showers to diminish this afternoon to the south of houghton and then this evening over the rest of the keweenaw peninsula and also to the east of munising.the national weather service in marquette has replaced the lake effect snow warning with a lake effect snow advisory for lake effect snow...which is in effect until 7 pm est this evening. hazardous weather... * expect light to at times moderate lake effect snow showers to persist through this afternoon...mainly over the north half of ontonagon county. lingering snow showers will end early this evening. * expect 1 to 3 inches of additional snow to fall today over the north half of ontonagon county. any snow accumulation over the south from bergland to bruce crossing will be less than an inch. impacts... * in areas impacted by the lake effect snow showers...roads will remain snow covered and slippery. * the visibility may fall to as low as one half mile at times under the heavier snow showers.,"['lake effect snow warning', 'lake effect snow advisory']","['this afternoon', 'this evening', 'this evening', 'this afternoon', 'this    evening']",[],[],"['keweenaw peninsula', 'lake superior', 'munising', 'lake superior', 'houghton', 'keweenaw peninsula', 'munising', 'marquette', 'north half of    ontonagon county', 'north half of ontonagon county']",[],[],"['expect', 'most', 'may', 'mainly', 'mostly', 'will']",[],"['impacts', 'roads will    remain snow covered and slippery']"
NWS-130404-689157-476498,2013-12-31T18:50:06.000Z,Actual,Update,NWS Buffalo NY,Lake Effect Snow Warning,['Avoid'],Expected,Extreme,Likely,Lake Effect Snow Warning issued December 31 at 1:48PM EST expiring January 1 at 1:00PM EST by NWS Buffalo NY,"* LOCATIONS...OSWEGO COUNTY.

* TIMING...THROUGH EARLY WEDNESDAY AFTERNOON.

* ACCUMULATIONS...2 TO 4 INCHES THIS AFTERNOON...8 TO 14 INCHES 
  TONIGHT...AND 5 TO 9 INCHES WEDNESDAY.

* WINDS...WEST 20 TO 30 MPH.

* VISIBILITIES...UNDER A FEW HUNDRED FEET AT TIMES.

* IMPACTS...AN INTENSE LAKE EFFECT SNOW BAND WILL DEVELOP ACROSS 
  THE AREA TONIGHT. TRAVEL WILL BE EXTREMELY DIFFICULT AT TIMES 
  WITH SNOW COVERED ROADS AND POOR VISIBILITY DUE TO HEAVY SNOW 
  AND BLOWING SNOW.","IF YOU LOSE POWER AND PLAN ON RUNNING A GENERATOR...MAKE SURE
THAT THE GENERATOR IS LOCATED OUTDOORS AND IS PROPERLY
VENTILATED. SPACE HEATERS SHOULD ALSO BE PROPERLY VENTILATED AND
USED ONLY IF THEY ARE OPERATING PROPERLY. MAKE SURE SNOW DOES NOT
BLOCK EXHAUSTS AND FRESH AIR INTAKES FOR HIGH EFFICIENCY FURNACES
AND WATER HEATERS.

STAY TUNED TO NOAA WEATHER RADIO OR YOUR FAVORITE SOURCE OF
WEATHER INFORMATION FOR THE LATEST UPDATES. ADDITIONAL DETAILS
CAN ALSO BE FOUND AT WWW.WEATHER.GOV/BUFFALO.

IN LAKE EFFECT SNOW THE WEATHER CAN VARY FROM LOCALLY HEAVY SNOW
IN NARROW BANDS TO CLEAR SKIES JUST A FEW MILES AWAY. IF YOU WILL
BE TRAVELING ACROSS THE REGION BE PREPARED FOR RAPID CHANGES IN
ROAD AND VISIBILITY CONDITIONS.

REPORT SNOW ACCUMULATION TO THE NATIONAL WEATHER SERVICE IN
BUFFALO BY SENDING AN EMAIL TO BUFSTORM.REPORT@NOAA.GOV...POSTING
TO THE NWS BUFFALO FACEBOOK PAGE...OR TWEET...USING THE HASHTAG
BUFWX

",Oswego,2013-12-31,18:50:06,* locations...oswego county. * timing...through early wednesday afternoon. * accumulations...2 to 4 inches this afternoon...8 to 14 inches tonight...and 5 to 9 inches wednesday. * winds...west 20 to 30 mph. * visibilities...under a few hundred feet at times. * impacts...an intense lake effect snow band will develop across the area tonight. travel will be extremely difficult at times with snow covered roads and poor visibility due to heavy snow and blowing snow.,[],"['this afternoon', 'tonight', 'wednesday', 'tonight']",['through early wednesday afternoon'],[],['oswego county'],[],"['accumulations', '2 to 4 inches', '8 to 14 inches', '5 to 9 inches', '20 to 30 mph', 'under a few hundred feet']","['few', 'will']",[],['impacts']
NWS-IDP-PROD-4254416-3585747,2020-06-05T01:31:00.000Z,Actual,Alert,NWS Wilmington OH,Flood Advisory,['Avoid'],Expected,Minor,Likely,Flood Advisory issued June 4 at 9:31PM EDT until June 4 at 11:30PM EDT by NWS Wilmington OH,"The National Weather Service in Wilmington has issued a

* Flood Advisory for...
West central Greene County in west central Ohio...
Southeastern Montgomery County in west central Ohio...

* Until 1130 PM EDT.

* At 928 PM EDT, radar indicated thunderstorms with heavy rain near
Kettering, moving slowly southeast at around 10 mph.

* Minor flooding of low-lying and poorly drained streets, highways
and underpasses will occur. In addition, farmland near creeks,
streams and drainage ditches will experience minor flooding.

Some locations that will experience minor flooding include...
Kettering, Beavercreek, Bellbrook, Centerville and Woodbourne-Hyde
Park.","Turn around, don't drown when encountering flooded roads. Most flood
deaths occur in vehicles.

To report flooding, go to our website at weather.gov/iln and submit
your report via social media, when you can do so safely.","Montgomery, OH; Greene, OH",2020-06-05,01:31:00,"the national weather service in wilmington has issued a * flood advisory for... west central greene county in west central ohio... southeastern montgomery county in west central ohio... * until 1130 pm edt. * at 928 pm edt, radar indicated thunderstorms with heavy rain near kettering, moving slowly southeast at around 10 mph. * minor flooding of low-lying and poorly drained streets, highways and underpasses will occur. in addition, farmland near creeks, streams and drainage ditches will experience minor flooding. some locations that will experience minor flooding include... kettering, beavercreek, bellbrook, centerville and woodbourne-hyde park.",['flood advisory'],['928 pm edt'],['until 1130 pm edt'],[],"['wilmington', 'west central greene county', 'west central ohio', 'southeastern montgomery county', 'west central ohio', 'kettering', 'farmland near creeks, streams and drainage ditches', 'kettering', 'beavercreek', 'bellbrook', 'centerville', 'woodbourne-hyde park']",['heavy rain'],[],"['some', 'around', 'indicate', 'will']",[],[]
NWS-IDP-PROD-4264233-3592530,2020-06-09T00:52:00.000Z,Actual,Update,NWS Wilmington NC,Flood Warning,['Avoid'],Immediate,Severe,Observed,Flood Warning issued June 8 at 8:52PM EDT until June 10 at 8:00AM EDT by NWS Wilmington NC,"...The Flood Warning has been extended for the following rivers...

Great Pee Dee At Pee Dee affecting Florence and Marion Counties SC

...The Flood Warning continues for the following rivers...

Lumber Near Lumberton affecting Robeson County NC
Little Pee Dee At Galivants Ferry affecting Horry and Marion Counties SC
Waccamaw At Conway affecting Horry County SC

The Flood Warning continues for
The Little Pee Dee At Galivants Ferry.
* until Wednesday morning.
* At  8:00 PM Monday the stage was 9.21 feet.
* Flood stage is 9.0 feet.
* Minor flooding is occurring and Minor flooding is forecast.
* Forecast...The river will continue to fall and get below flood stage by
tomorrow evening.
* Impact...At 9.0 feet...Flood waters will begin to affect residential yards in
the Fork Retch community upstream of Galivants Ferry near the town of Nichols.
Swampland flooding becomes noticeable and natural boat landings will be
flooded.","People with interests along the river should take the necessary precautions to
protect life and property from the flood waters.

Additional information is available on our website at weather.gov/ilm under the
""Rivers and Lakes"" link.","Horry, SC; Marion, SC",2020-06-09,00:52:00,...the flood warning has been extended for the following rivers... great pee dee at pee dee affecting florence and marion counties sc ...the flood warning continues for the following rivers... lumber near lumberton affecting robeson county nc little pee dee at galivants ferry affecting horry and marion counties sc waccamaw at conway affecting horry county sc the flood warning continues for the little pee dee at galivants ferry. * until wednesday morning. * at 8:00 pm monday the stage was 9.21 feet. * flood stage is 9.0 feet. * minor flooding is occurring and minor flooding is forecast. * forecast...the river will continue to fall and get below flood stage by tomorrow evening. * impact...at 9.0 feet...flood waters will begin to affect residential yards in the fork retch community upstream of galivants ferry near the town of nichols. swampland flooding becomes noticeable and natural boat landings will be flooded.,[],"['8:00 pm monday', 'tomorrow evening']",['until wednesday morning'],[],"['lumber near lumberton', 'little pee dee at galivants ferry', 'waccamaw at conway', 'little pee dee at galivants ferry', 'fork retch community upstream of galivants ferry', 'town of nichols']",[],"['minor flooding', 'minor flooding']","['little', 'tend', 'will']",[],['impact']
NWS-IDP-PROD-4255476-3586550,2020-06-05T10:29:00.000Z,Actual,Update,NWS Des Moines IA,Severe Thunderstorm Warning,['Shelter'],Immediate,Severe,Observed,Severe Thunderstorm Warning issued June 5 at 5:29AM CDT until June 5 at 5:30AM CDT by NWS Des Moines IA,"The storms which prompted the warning have moved out of the warned
area. Therefore, the warning will be allowed to expire.

A Severe Thunderstorm Watch remains in effect until 700 AM CDT for
south central and central Iowa.",,"Polk, IA; Clarke, IA; Warren, IA; Madison, IA; Marion, IA; Jasper, IA",2020-06-05,10:29:00,"the storms which prompted the warning have moved out of the warned area. therefore, the warning will be allowed to expire. a severe thunderstorm watch remains in effect until 700 am cdt for south central and central iowa.",['a severe thunderstorm watch'],['700 am cdt'],['until'],[],['south central and central iowa'],[],[],['will'],[],[]
NWS-IDP-PROD-4255960,2020-06-05T17:14:00.000Z,Actual,Alert,NWS Miami FL,Marine Weather Statement,['Monitor'],Expected,Minor,Observed,Marine Weather Statement issued June 5 at 1:14PM EDT by NWS Miami FL,"The areas affected include...
Coastal waters from Chokoloskee to Bonita Beach FL out 20 NM...
Coastal waters from East Cape Sable to Chokoloskee FL out 20 NM...

At 114 PM EDT, Doppler radar indicated a strong thunderstorm, capable
of producing winds to around 30 knots. This thunderstorm was located
13 nm southwest of Chokoloskee, moving northwest at 25 knots.","Mariners can expect gusty winds to around 30 knots, locally higher
waves, and lightning strikes. Boaters should seek safe harbor
immediately until this storm passes.

Waterspouts are possible with this activity. Remain on the alert in
case warnings are issued for waterspout development.",Coastal waters from Chokoloskee to Bonita Beach FL out 20 NM; Coastal waters from East Cape Sable to Chokoloskee FL out 20 NM,2020-06-05,17:14:00,"the areas affected include... coastal waters from chokoloskee to bonita beach fl out 20 nm... coastal waters from east cape sable to chokoloskee fl out 20 nm... at 114 pm edt, doppler radar indicated a strong thunderstorm, capable of producing winds to around 30 knots. this thunderstorm was located 13 nm southwest of chokoloskee, moving northwest at 25 knots.",[],['114 pm edt'],[],[],"['chokoloskee', 'bonita beach', 'east cape sable', 'chokoloskee fl out 20 nm', 'chokoloskee']","['around 30 knots', '25 knots']",[],"['around', 'indicate']",[],[]
NWS-IDP-PROD-4263539-3592101,2020-06-08T17:17:00.000Z,Actual,Update,NWS Grand Junction CO,Red Flag Warning,['Prepare'],Expected,Severe,Likely,Red Flag Warning issued June 8 at 11:17AM MDT until June 8 at 8:00PM MDT by NWS Grand Junction CO,"...RED FLAG WARNING IN EFFECT FROM NOON TODAY TO 8 PM MDT THIS
EVENING FOR GUSTY WINDS, LOW RELATIVE HUMIDITY AND DRY FUELS FOR
COLORADO FIRE WEATHER ZONE 207, ZONE 293 BELOW 9000 FEET, ZONE 295
BELOW 8000 FEET AND UTAH FIRE WEATHER ZONE 491, MAINLY SOUTH OF
MONTICELLO...

* AFFECTED AREA...In Colorado, Fire Weather Zone 207 Southwest
Colorado Lower Forecast Area. In Utah, Fire Weather Zone 491
Southeast Utah.

* WINDS...Northwest 15 to 25 mph with gusts up to 35 mph.

* RELATIVE HUMIDITY...11 to 16 percent.

* IMPACTS...Conditions will be favorable for the rapid ignition,
growth and spread of fires. Agricultural burning is strongly
discouraged.","A Red Flag Warning means that critical fire weather conditions
are either occurring now, or will shortly. A combination of
strong winds, low relative humidity, and warm temperatures can
contribute to extreme fire behavior.",Southwest Colorado Lower Forecast Area; Southeast Utah,2020-06-08,17:17:00,"...red flag warning in effect from noon today to 8 pm mdt this evening for gusty winds, low relative humidity and dry fuels for colorado fire weather zone 207, zone 293 below 9000 feet, zone 295 below 8000 feet and utah fire weather zone 491, mainly south of monticello... * affected area...in colorado, fire weather zone 207 southwest colorado lower forecast area. in utah, fire weather zone 491 southeast utah. * winds...northwest 15 to 25 mph with gusts up to 35 mph. * relative humidity...11 to 16 percent. * impacts...conditions will be favorable for the rapid ignition, growth and spread of fires. agricultural burning is strongly discouraged.",['red flag warning'],['noon today'],[],[],"['colorado fire weather zone 207', 'zone 293 below 9000 feet', 'zone 295 below 8000 feet', 'utah fire weather zone 491', 'mainly south of monticello', 'in colorado', 'fire weather zone 207 southwest colorado', 'in utah', 'fire weather zone 491 southeast utah']","['15 to 25 mph', 'gusts up to 35 mph', '11 to 16 percent']",[],"['read', 'mainly', 'will']",['agricultural burning is strongly discouraged'],['impacts']
NWS-130404-683048,2013-12-27T09:12:20.000Z,Actual,Alert,NWS Springfield MO,Extreme Fire Danger,['Prepare'],Expected,Moderate,Likely,Extreme Fire Danger issued December 27 at 3:12AM CST by NWS Springfield MO,"THE GFDI DOES NOT ACCOUNT FOR PRECIPITATION THAT OCCURS WITHIN
THE HOUR PRECEDING ANY GIVEN FORECAST HOUR BELOW OR ANY SNOW ON
THE GROUND AT THE FORECAST HOUR. PLEASE MAKE APPROPRIATE ADJUSTMENTS.(ALL TIME REFERENCES ARE IN CST)

DAY/DATE      24HR INDEX   *  MID  3AM  6AM  9AM NOON  3PM  6PM  9PM
FRI DEC 27  MODERATE    3  *   L    L    L    L    L    M    L    L  
SAT DEC 28  MODERATE    6  *   L    L    L    M    M    M    M    L  
SUN DEC 29  MODERATE    6  *   L    L    M    M    M    M    M    L  
MON DEC 30  LOW         2  *   L    L    L    L    L    L    L    L  
TUE DEC 31  LOW         2  *   L    L    L    L    L    L    L    L  
WED JAN 01  LOW         1  *   L    L    L    L    L    L    L    L",,St. Clair,2013-12-27,09:12:20,the gfdi does not account for precipitation that occurs within the hour preceding any given forecast hour below or any snow on the ground at the forecast hour. please make appropriate adjustments.(all time references are in cst) day/date 24hr index * mid 3am 6am 9am noon 3pm 6pm 9pm fri dec 27 moderate 3 * l l l l l m l l sat dec 28 moderate 6 * l l l m m m m l sun dec 29 moderate 6 * l l m m m m m l mon dec 30 low 2 * l l l l l l l l tue dec 31 low 2 * l l l l l l l l wed jan 01 low 1 * l l l l l l l l,[],['noon'],[],[],[],"['moderate', 'moderate', 'moderate', 'low', 'low', 'low']",[],[],['please make appropriate adjustments'],[]
NWS-130404-688938-476384,2013-12-31T16:15:03.000Z,Actual,Update,NWS Shreveport LA,Flood Statement,['Avoid'],Immediate,Severe,Observed,Flood Statement issued December 31 at 10:14AM CST expiring January 2 at 12:00PM CST by NWS Shreveport LA,"WARNING CONTINUES FOR
  THE BAYOU DORCHEAT AT DIXIE INN.
* UNTIL THURSDAY AFTERNOON...OR UNTIL THE WARNING IS CANCELLED.
* AT 10:00 AM TUESDAY THE STAGE WAS 14.4 FEET. 
* MINOR FLOODING IS OCCURRING AND MINOR FLOODING IS FORECAST.
* FLOOD STAGE IS 14.0 FEET. 
* IMPACT...AT 14.0 FEET...EXPECT MINOR LOWLAND FLOODING WITH THE BOAT 
  RAMP SUFFERING OVERFLOW.

&&",,Bossier; Bienville; Webster,2013-12-31,16:15:03,warning continues for the bayou dorcheat at dixie inn. * until thursday afternoon...or until the warning is cancelled. * at 10:00 am tuesday the stage was 14.4 feet. * minor flooding is occurring and minor flooding is forecast. * flood stage is 14.0 feet. * impact...at 14.0 feet...expect minor lowland flooding with the boat ramp suffering overflow. &&,['warning'],"['thursday afternoon', '10:00 am tuesday']",['or until the warning is cancelled'],[],"['bayou dorcheat', 'dixie inn']","['minor flooding', 'minor flooding']",[],"['expect', 'can']",[],['impact']
NWS-130404-690223,2014-01-01T13:17:48.000Z,Actual,Alert,NWS Wichita KS,Extreme Fire Danger,['Prepare'],Expected,Moderate,Likely,Extreme Fire Danger issued January 1 at 7:17AM CST by NWS Wichita KS,"THE GFDI DOES NOT ACCOUNT FOR PRECIPITATION THAT OCCURS WITHIN
THE HOUR PRECEDING ANY GIVEN FORECAST HOUR BELOW OR ANY SNOW ON
THE GROUND AT THE FORECAST HOUR. PLEASE MAKE APPROPRIATE ADJUSTMENTS.(ALL TIME REFERENCES ARE IN CST)

DAY/DATE      24HR INDEX   *  MID  3AM  6AM  9AM NOON  3PM  6PM  9PM
WED JAN 01  MODERATE    7  *                  M    M    M    M    L  
THU JAN 02  LOW         2  *   L    L    L    L    L    L    L    L  
FRI JAN 03  HIGH       13  *   L    L    M    M    H    H    M    M  
SAT JAN 04  HIGH       11  *   L    L    L    M    H    H    M    M  
SUN JAN 05  LOW         1  *   L    L    L    L    L    L    L    L  
MON JAN 06  MODERATE    3  *   L    L    L    L    M    L    L    L",,Russell,2014-01-01,13:17:48,the gfdi does not account for precipitation that occurs within the hour preceding any given forecast hour below or any snow on the ground at the forecast hour. please make appropriate adjustments.(all time references are in cst) day/date 24hr index * mid 3am 6am 9am noon 3pm 6pm 9pm wed jan 01 moderate 7 * m m m m l thu jan 02 low 2 * l l l l l l l l fri jan 03 high 13 * l l m m h h m m sat jan 04 high 11 * l l l m h h m m sun jan 05 low 1 * l l l l l l l l mon jan 06 moderate 3 * l l l l m l l l,[],"['mid', 'noon', 'low', 'low']",[],[],[],"['moderate', 'high', 'high', 'moderate']",[],[],['please make appropriate adjustments'],[]
NWS-IDP-PROD-4261476-3590490,2020-06-07T20:06:00.000Z,Actual,Alert,NWS Bismarck ND,Tornado Watch,['Monitor'],Future,Extreme,Possible,Tornado Watch issued June 7 at 3:06PM CDT until June 7 at 10:00PM CDT by NWS Bismarck ND,"THE NATIONAL WEATHER SERVICE HAS ISSUED TORNADO WATCH 267 IN
EFFECT UNTIL 10 PM CDT THIS EVENING FOR THE FOLLOWING AREAS

IN NORTH DAKOTA THIS WATCH INCLUDES 6 COUNTIES

IN SOUTHEAST NORTH DAKOTA

DICKEY                FOSTER                LAMOURE
LOGAN                 MCINTOSH              STUTSMAN

THIS INCLUDES THE CITIES OF ASHLEY, CARRINGTON, EDGELEY,
ELLENDALE, GACKLE, JAMESTOWN, KULM, LAMOURE, NAPOLEON, OAKES,
AND WISHEK.",,"Dickey, ND; McIntosh, ND; Stutsman, ND; LaMoure, ND; Foster, ND; Logan, ND",2020-06-07,20:06:00,"the national weather service has issued tornado watch 267 in effect until 10 pm cdt this evening for the following areas in north dakota this watch includes 6 counties in southeast north dakota dickey foster lamoure logan mcintosh stutsman this includes the cities of ashley, carrington, edgeley, ellendale, gackle, jamestown, kulm, lamoure, napoleon, oakes, and wishek.",['tornado watch'],['10 pm cdt'],[],[],"['north dakota', 'north dakota dickey                foster', 'lamoure logan                 mcintosh', 'stutsman', 'ashley', 'carrington', 'edgeley', 'ellendale', 'gackle', 'jamestown', 'kulm', 'lamoure', 'napoleon', 'oakes', 'wishek']",[],['6 counties'],[],[],[]
NWS-130404-693901-480563,2014-01-03T09:41:31.000Z,Actual,Alert,NWS Bismarck ND,Blizzard Warning,['Prepare'],Expected,Extreme,Likely,Blizzard Warning issued January 3 at 3:41AM CST expiring January 4 at 12:00PM CST by NWS Bismarck ND,".BLIZZARD CONDITIONS WILL DEVELOP ACROSS THE U.S. HIGHWAY 2 AND 85
CORRIDORS THIS AFTERNOON...AND ACROSS THE REMAINDER OF WESTERN AND
CENTRAL NORTH DAKOTA THIS EVENING. NORTHWEST WINDS TO 50 MPH
COMBINED WITH SNOW CURRENTLY ON THE GROUND AND ONE TO TWO INCHES
OF NEW SNOW WILL CAUSE NEAR ZERO VISIBILITIES. CONDITIONS WILL
IMPROVE SATURDAY AFTERNOON. 

TRAVEL WILL BE EXTREMELY HAZARDOUS...IF NOT IMPOSSIBLE. IF YOU
ABSOLUTELY MUST TRAVEL...TAKE A WINTER SURVIVAL KIT...INFORM
OTHERS OF YOUR TRAVEL PLANS...AND BE READY FOR THE CHALLENGES YOU
COULD FACE IF STRANDED. DRESS FOR THE OUTSIDE WEATHER...NOT THE
INSIDE CAR TEMPERATURE.

FOLLOWING THE BLIZZARD...LOW TEMPERATURES TO 30 BELOW WITH WIND
CHILLS TO 60 BELOW ZERO ARE POSSIBLE SATURDAY NIGHT THROUGH
TUESDAY MORNING.THE NATIONAL WEATHER SERVICE IN BISMARCK HAS ISSUED A BLIZZARD
WARNING...WHICH IS IN EFFECT FROM 3 PM CST /2 PM MST/ THIS
AFTERNOON TO NOON CST /11 AM MST/ SATURDAY. 

* TIMING...THIS AFTERNOON INTO SATURDAY MORNING.

* WINDS/VISIBILITY...GUSTS TO 50 MPH WITH NEAR ZERO VISIBILITIES IN
  BLOWING SNOW.

* SNOW ACCUMULATIONS...LESS THAN ONE INCH.

* IMPACTS...TRAVEL WILL BE EXTREMELY HAZARDOUS...IF NOT
  IMPOSSIBLE.

* WIND CHILLS...TO 60 BELOW ZERO SATURDAY NIGHT THROUGH TUESDAY
  MORNING.","A BLIZZARD WARNING MEANS SEVERE WINTER WEATHER CONDITIONS ARE
EXPECTED OR OCCURRING. SNOW...AND OR BLOWING SNOW...COUPLED WITH
STRONG WINDS...WILL RESULT IN EXTREMELY POOR VISIBILITIES. THIS
WILL LEAD TO WHITEOUT CONDITIONS...MAKING TRAVEL EXTREMELY
DANGEROUS. IF YOU ABSOLUTELY MUST TRAVEL...HAVE A WINTER SURVIVAL
KIT WITH YOU. IF YOU GET STRANDED...STAY WITH YOUR VEHICLE.

",McLean; Golden Valley; Adams; Billings; Hettinger; Bowman; Mercer; Slope; Stark; Dunn,2014-01-03,09:41:31,.blizzard conditions will develop across the u.s. highway 2 and 85 corridors this afternoon...and across the remainder of western and central north dakota this evening. northwest winds to 50 mph combined with snow currently on the ground and one to two inches of new snow will cause near zero visibilities. conditions will improve saturday afternoon. travel will be extremely hazardous...if not impossible. if you absolutely must travel...take a winter survival kit...inform others of your travel plans...and be ready for the challenges you could face if stranded. dress for the outside weather...not the inside car temperature. following the blizzard...low temperatures to 30 below with wind chills to 60 below zero are possible saturday night through tuesday morning.the national weather service in bismarck has issued a blizzard warning...which is in effect from 3 pm cst /2 pm mst/ this afternoon to noon cst /11 am mst/ saturday. * timing...this afternoon into saturday morning. * winds/visibility...gusts to 50 mph with near zero visibilities in blowing snow. * snow accumulations...less than one inch. * impacts...travel will be extremely hazardous...if not impossible. * wind chills...to 60 below zero saturday night through tuesday morning.,['blizzard warning'],"['this afternoon', 'this evening', 'saturday afternoon', 'saturday night through tuesday morning', 'this afternoon', 'this afternoon', 'saturday morning', 'saturday night through tuesday   morning']",[],[],"['u.s. highway 2 and 85 corridors', 'western and central north dakota', 'bismarck']","['near zero visibilities', 'wind chills to 60 below zero', 'gusts to 50 mph', 'near zero visibilities']",['less than one inch'],"['could', 'possible', 'read', 'will', 'must']","['take a winter survival kit', 'inform others of your travel plans']","['if not impossible', 'impacts', 'travel will be extremely hazardous', 'if not   impossible']"
NWS-IDP-PROD-4259458,2020-06-06T23:45:00.000Z,Actual,Alert,NWS Charleston WV,Special Weather Statement,['Execute'],Expected,Moderate,Observed,Special Weather Statement issued June 6 at 7:45PM EDT by NWS Charleston WV,"At 745 PM EDT, a strong thunderstorm was located over Harts, or 15
miles northwest of Logan, moving southeast at 20 mph.

Wind gusts up to 50 mph and penny size hail are possible with this
storm.

Locations impacted include...
Chapmanville and Harts.

This includes Route 119 between mile markers 32 and 39.

If outdoors, consider seeking shelter inside a building.",,Lincoln; Logan,2020-06-06,23:45:00,"at 745 pm edt, a strong thunderstorm was located over harts, or 15 miles northwest of logan, moving southeast at 20 mph. wind gusts up to 50 mph and penny size hail are possible with this storm. locations impacted include... chapmanville and harts. this includes route 119 between mile markers 32 and 39. if outdoors, consider seeking shelter inside a building.",[],['745 pm edt'],[],[],"['harts', 'logan', 'chapmanville', 'harts', 'route 119']","['20 mph', 'wind gusts up to 50 mph']",[],"['consider', 'possible']",['consider seeking shelter inside a building'],[]
NWS-IDP-PROD-4256863-3587381,2020-06-06T00:36:00.000Z,Actual,Alert,NWS Little Rock AR,Severe Thunderstorm Warning,['Shelter'],Immediate,Severe,Observed,Severe Thunderstorm Warning issued June 5 at 7:36PM CDT until June 5 at 8:30PM CDT by NWS Little Rock AR,"The National Weather Service in Little Rock has issued a

* Severe Thunderstorm Warning for...
Northeastern Cleveland County in southeastern Arkansas...
South central Jefferson County in southeastern Arkansas...
Northwestern Lincoln County in southeastern Arkansas...

* Until 830 PM CDT.

* At 736 PM CDT, a severe thunderstorm was located near Linwood, or
10 miles north of Star City, moving south at 15 mph.

HAZARD...60 mph wind gusts and half dollar size hail.

SOURCE...Radar indicated.

IMPACT...Hail damage to vehicles is expected. Expect wind damage
to roofs, siding, and trees.

* Locations impacted include...
Pine Bluff...                     Star City...
Nebo...                           Feenyville...
Linwood...                        Cane Creek State Park...
Cottondale...                     Glendale in Lincoln County...
Tarry...                          Tamo...
Palmyra...                        Moscow...
Crigler...                        Ladd...
Yorktown...                       Calhoun...","For your protection move to an interior room on the lowest floor of a
building.","Lincoln, AR; Cleveland, AR; Jefferson, AR",2020-06-06,00:36:00,"the national weather service in little rock has issued a * severe thunderstorm warning for... northeastern cleveland county in southeastern arkansas... south central jefferson county in southeastern arkansas... northwestern lincoln county in southeastern arkansas... * until 830 pm cdt. * at 736 pm cdt, a severe thunderstorm was located near linwood, or 10 miles north of star city, moving south at 15 mph. hazard...60 mph wind gusts and half dollar size hail. source...radar indicated. impact...hail damage to vehicles is expected. expect wind damage to roofs, siding, and trees. * locations impacted include... pine bluff... star city... nebo... feenyville... linwood... cane creek state park... cottondale... glendale in lincoln county... tarry... tamo... palmyra... moscow... crigler... ladd... yorktown... calhoun...",['radar indicated'],['736 pm cdt'],['until 830 pm cdt'],[],"['little rock', 'northeastern cleveland county', 'southeastern arkansas', 'south central jefferson county', 'southeastern arkansas', 'northwestern lincoln county', 'southeastern arkansas', 'linwood', 'star city', 'pine bluff', 'star city', 'nebo', 'feenyville', 'linwood', 'cane creek state park', 'cottondale', 'glendale', 'tarry', 'tamo', 'palmyra', 'moscow', 'crigler', 'ladd', 'yorktown', 'calhoun']",['60 mph'],[],"['expect', 'little', 'can', 'indicate']","['expect wind damage to roofs, siding, and trees']","['half dollar size hail', 'hail damage to vehicles']"
NWS-130404-691464-478104,2014-01-02T07:02:50.000Z,Actual,Update,NWS State College PA,Winter Weather Advisory,['Execute'],Expected,Moderate,Likely,Winter Weather Advisory issued January 2 at 2:01AM EST expiring January 3 at 7:00AM EST by NWS State College PA,"* LOCATIONS...SOUTH CENTRAL MOUNTAINS AND LOWER SUSQUEHANNA 
  VALLEY.

* HAZARD TYPES...SNOW.

* ACCUMULATIONS...2 TO 3 INCHES ON THURSDAY AND ANOTHER 1 TO 2
  INCHES THURSDAY NIGHT. STORM TOTALS OF 3 TO 5 INCHES.

* TIMING...THE PERIOD OF MOST INTENSE SNOW WILL BE FROM THURSDAY 
  AFTERNOON INTO THURSDAY NIGHT. 

* IMPACTS...HAZARDOUS TRAVEL DUE TO SNOW COVERED ROADS AND 
  REDUCED VISIBILITY. 

* WINDS...NORTH 10 TO 20 MPH WITH GUSTS UP TO 30 MPH.

* TEMPERATURES...FALLING INTO THE SINGLE DIGITS AND TEENS WITH 
  SUB-ZERO WIND CHILLS BY FRIDAY MORNING.","HAZARDOUS WINTER WEATHER CONDITIONS ARE EXPECTED OR OCCURRING.
USE CAUTION IF TRAVELING. FOR THE LATEST WEATHER INFORMATION...GO
TO WEATHER.GOV/CTP OR STAY TUNED TO NOAA WEATHER RADIO.

REPORT SNOW OR ICE ACCUMULATION TO THE NATIONAL WEATHER SERVICE
STATE COLLEGE BY SENDING AN EMAIL TO CTP.STORMREPORTS@NOAA.GOV...
POSTING TO THE NWS STATE COLLEGE FACEBOOK PAGE...OR TWEET
@NWSSTATECOLLEGE WITH THE HASHTAG #CTPWX.

",Huntingdon; Lancaster; York; Cumberland; Centre; Adams; Bedford; Blair; Lebanon; Perry; Dauphin; Franklin; Fulton; Juniata; Mifflin; Clinton,2014-01-02,07:02:50,* locations...south central mountains and lower susquehanna valley. * hazard types...snow. * accumulations...2 to 3 inches on thursday and another 1 to 2 inches thursday night. storm totals of 3 to 5 inches. * timing...the period of most intense snow will be from thursday afternoon into thursday night. * impacts...hazardous travel due to snow covered roads and reduced visibility. * winds...north 10 to 20 mph with gusts up to 30 mph. * temperatures...falling into the single digits and teens with sub-zero wind chills by friday morning.,[],"['thursday', 'thursday', 'thursday', 'thursday', 'friday morning']",[],[],"['south central mountains', 'lower susquehanna    valley']",[],"['2 to 3 inches', 'another 1 to 2   inches', 'storm totals', '3 to 5 inches', 'falling into the single digits and teens']","['most', 'will']",[],"['hazardous travel', 'reduced visibility']"
NWS-IDP-PROD-4255416-3586494,2020-06-05T09:46:00.000Z,Actual,Alert,NWS Seattle WA,Small Craft Advisory,['Avoid'],Expected,Minor,Likely,Small Craft Advisory issued June 5 at 2:46AM PDT until June 6 at 5:00AM PDT by NWS Seattle WA,"* WHAT...Southwest winds 15 to 25 kt.

* WHERE...Northern Inland Waters Including The San Juan Islands.

* WHEN...From 10 PM this evening to 5 AM PDT Saturday.

* IMPACTS...Conditions will be hazardous to small craft.","A Small Craft Advisory means that wind speeds of 21 to 33 knots
and/or seas 10 feet or higher are expected to produce hazardous
wave conditions to small craft. Inexperienced mariners,
especially those operating smaller vessels should avoid
navigating in these conditions.",Northern Inland Waters Including The San Juan Islands,2020-06-05,09:46:00,* what...southwest winds 15 to 25 kt. * where...northern inland waters including the san juan islands. * when...from 10 pm this evening to 5 am pdt saturday. * impacts...conditions will be hazardous to small craft.,[],"['10 pm this evening', '5 am pdt saturday']",[],[],['northern inland waters including the san juan islands'],['15 to 25 kt'],[],['will'],['conditions will be hazardous to small craft'],['impacts']
urn:oid:2.49.0.1.840.0.75dd6c442a9f0f4400df74b96d7ebed31c460912.003.1,2022-12-22T08:10:00.000Z,Actual,Update,NWS Tallahassee FL,Coastal Flood Advisory,['Monitor'],Expected,Minor,Likely,Coastal Flood Advisory issued December 22 at 3:10AM EST until December 23 at 7:00AM EST by NWS Tallahassee FL,"* WHAT...For the Coastal Flood Advisory, minor coastal flooding
expected. For the High Rip Current Risk, dangerous rip
currents.

* WHERE...Coastal Franklin County.

* WHEN...For the Coastal Flood Advisory, from 7 PM Thursday to 7
AM EST Friday. For the High Rip Current Risk, until midnight
EST tonight.

* IMPACTS...Water levels will rise to 1.5 to 2.5 feet mean higher
high water around the time of high tide. These water levels will
result in minor flooding in Apalachicola near the boat ramp and
also along Water Street. Minor overwash is possible at Alligator
Point Road. Along St George Island, there is a high risk of rip
currents. Rip currents can sweep even the best swimmers away
from shore into deeper water.
","If travel is required, allow extra time as some roads may be
closed. Do not drive around barricades or through water of
unknown depth. Take the necessary actions to protect flood-prone
property.

Swim near a lifeguard. If caught in a rip current, relax and
float. Don't swim against the current. If able, swim in a
direction following the shoreline. If unable to escape, face the
shore and call or wave for help.",,2022-12-22,08:10:00,"* what...for the coastal flood advisory, minor coastal flooding expected. for the high rip current risk, dangerous rip currents. * where...coastal franklin county. * when...for the coastal flood advisory, from 7 pm thursday to 7 am est friday. for the high rip current risk, until midnight est tonight. * impacts...water levels will rise to 1.5 to 2.5 feet mean higher high water around the time of high tide. these water levels will result in minor flooding in apalachicola near the boat ramp and also along water street. minor overwash is possible at alligator point road. along st george island, there is a high risk of rip currents. rip currents can sweep even the best swimmers away from shore into deeper water.","['coastal flood advisory', 'coastal flood advisory']",['around the time of high tide'],"['from 7 pm thursday to 7 am est friday', 'until midnight est tonight']",[],"['coastal franklin county', 'apalachicola near the boat ramp', 'water street', 'alligator point road', 'st george island']","['high rip current risk', 'high rip current risk']",[],"['expect', 'possible', 'around', 'can', 'will']",[],[]
NWS-IDP-PROD-4259261-3588931,2020-06-06T22:19:00.000Z,Actual,Update,NWS Melbourne FL,Tornado Warning,['Shelter'],Immediate,Extreme,Observed,Tornado Warning issued June 6 at 6:19PM EDT until June 6 at 6:30PM EDT by NWS Melbourne FL,"At 619 PM EDT, a severe thunderstorm capable of producing a tornado
was located over Pine Hills, moving north at 20 mph. Trained
spotters report visible rotation with this storm.

HAZARD...Tornado.

SOURCE...Weather spotters reported a funnel cloud.

IMPACT...Flying debris will be dangerous to those caught without
shelter. Mobile homes will be damaged or destroyed. Damage
to roofs, windows, and vehicles will occur.  Tree damage is
likely.

Locations impacted include...
Orlando, Ocoee, Maitland, Lockhart and Pine Hills.","TAKE COVER NOW! Move to an interior room on the lowest floor of a
sturdy building. Avoid windows. If you are outdoors, in a mobile
home, or in a vehicle, move to the closest substantial shelter and
protect yourself from flying debris.

Heavy rainfall may hide this tornado. Do not wait to see or hear the
tornado. TAKE COVER NOW!","Orange, FL",2020-06-06,22:19:00,"at 619 pm edt, a severe thunderstorm capable of producing a tornado was located over pine hills, moving north at 20 mph. trained spotters report visible rotation with this storm. hazard...tornado. source...weather spotters reported a funnel cloud. impact...flying debris will be dangerous to those caught without shelter. mobile homes will be damaged or destroyed. damage to roofs, windows, and vehicles will occur. tree damage is likely. locations impacted include... orlando, ocoee, maitland, lockhart and pine hills.",[],['619 pm edt'],[],[],"['pine hills', 'orlando', 'ocoee', 'maitland', 'lockhart', 'pine hills']",['20 mph'],[],"['like', 'likely', 'will']",[],"['flying debris will be dangerous to those caught without shelter', 'mobile homes will be damaged or destroyed', 'damage to roofs, windows, and vehicles will occur', 'tree damage is likely']"
NWS-IDP-PROD-4264231-3592528,2020-06-09T00:49:00.000Z,Actual,Update,NWS Grand Forks ND,Flood Warning,['Avoid'],Immediate,Severe,Observed,Flood Warning issued June 8 at 7:49PM CDT until June 14 at 12:00PM CDT by NWS Grand Forks ND,"...The Flood Warning continues for the following rivers in
Minnesota...

Red Lake River at Crookston affecting Polk County.

Two Rivers River near Hallock affecting Kittson County.

The Flood Warning continues for
the Two Rivers River near Hallock.
* Until Sunday afternoon.
* At 7:00 PM CDT Monday the stage was 807.1 feet.
* Flood stage is 802.0 feet.
* Moderate flooding is occurring and moderate flooding is forecast.
* Forecast...The river is expected to rise to a crest of 807.6 feet
early Wednesday morning. It will then fall below flood stage
Saturday morning.
* Impact...At 808.0 feet, Storm sewer valve at Reach 3 (north
Cemetery) is closed.","Safety message - Turn around, don't drown. Don't travel through
flooded areas. Most flood deaths occur in vehicles.

People living in the Red River basin should monitor river levels
while the river is in, or near, flood.

River forecasts use 24 hours of forecast precipitation between April
1st and October 1st, and 48 hours otherwise. However, depending on
the situation, forecasts may include precipitation expected through
the next 72 hours.

For more information go to the AHPS/River tab on our web page at
www.weather.gov/grandforks.","Kittson, MN",2020-06-09,00:49:00,"...the flood warning continues for the following rivers in minnesota... red lake river at crookston affecting polk county. two rivers river near hallock affecting kittson county. the flood warning continues for the two rivers river near hallock. * until sunday afternoon. * at 7:00 pm cdt monday the stage was 807.1 feet. * flood stage is 802.0 feet. * moderate flooding is occurring and moderate flooding is forecast. * forecast...the river is expected to rise to a crest of 807.6 feet early wednesday morning. it will then fall below flood stage saturday morning. * impact...at 808.0 feet, storm sewer valve at reach 3 (north cemetery) is closed.",[],"['early wednesday morning', 'saturday morning']",['until sunday afternoon'],[],"['red lake river at crookston', 'polk county', 'two rivers river near hallock', 'kittson county', 'two rivers river near hallock']",['moderate'],"['stage', 'moderate flooding']","['expect', 'will']",[],['impact']
NWS-130404-689207-476521,2013-12-31T19:44:55.000Z,Actual,Update,NWS Buffalo NY,Lake Effect Snow Warning,['Avoid'],Expected,Extreme,Likely,Lake Effect Snow Warning issued December 31 at 2:44PM EST expiring January 1 at 1:00AM EST by NWS Buffalo NY,"* LOCATIONS...CHAUTAUQUA AND CATTARAUGUS COUNTIES.

* TIMING...THROUGH TONIGHT.

* ACCUMULATIONS...2 TO 4 ADDITIONAL INCHES THIS AFTERNOON AND 4
  TO 8 INCHES TONIGHT.

* WINDS...WEST 20 TO 30 MPH.

* VISIBILITIES...UNDER A QUARTER MILE AT TIMES.

* IMPACTS...TRAVEL WILL BE VERY DIFFICULT AT TIMES WITH SNOW 
  COVERED ROADS AND POOR VISIBILITY DUE TO SNOW AND BLOWING 
  SNOW.","IF YOU LOSE POWER AND PLAN ON RUNNING A GENERATOR...MAKE SURE
THAT THE GENERATOR IS LOCATED OUTDOORS AND IS PROPERLY
VENTILATED. SPACE HEATERS SHOULD ALSO BE PROPERLY VENTILATED AND
USED ONLY IF THEY ARE OPERATING PROPERLY. MAKE SURE SNOW DOES NOT
BLOCK EXHAUSTS AND FRESH AIR INTAKES FOR HIGH EFFICIENCY FURNACES
AND WATER HEATERS.

STAY TUNED TO NOAA WEATHER RADIO OR YOUR FAVORITE SOURCE OF
WEATHER INFORMATION FOR THE LATEST UPDATES. ADDITIONAL DETAILS
CAN ALSO BE FOUND AT WWW.WEATHER.GOV/BUFFALO.

REPORT SNOW ACCUMULATION TO THE NATIONAL WEATHER SERVICE IN
BUFFALO BY SENDING AN EMAIL TO BUFSTORM.REPORT@NOAA.GOV...POSTING
TO THE NWS BUFFALO FACEBOOK PAGE...OR TWEET...USING THE HASHTAG
BUFWX

IN LAKE EFFECT SNOW THE WEATHER CAN VARY FROM LOCALLY HEAVY SNOW
IN NARROW BANDS TO CLEAR SKIES JUST A FEW MILES AWAY. IF YOU WILL
BE TRAVELING ACROSS THE REGION BE PREPARED FOR RAPID CHANGES IN
ROAD AND VISIBILITY CONDITIONS.

",Chautauqua; Cattaraugus,2013-12-31,19:44:55,* locations...chautauqua and cattaraugus counties. * timing...through tonight. * accumulations...2 to 4 additional inches this afternoon and 4 to 8 inches tonight. * winds...west 20 to 30 mph. * visibilities...under a quarter mile at times. * impacts...travel will be very difficult at times with snow covered roads and poor visibility due to snow and blowing snow.,[],"['tonight', 'this afternoon', 'tonight']",[],[],['chautauqua and cattaraugus counties'],['20 to 30 mph'],"['accumulations', '2 to 4 additional inches', '4   to 8 inches', 'visibilities', 'under a quarter mile']",['will'],[],['impacts']
NWS-IDP-PROD-4264092-3592439,2020-06-08T22:42:00.000Z,Actual,Alert,NWS Grand Forks ND,Flood Advisory,['Avoid'],Expected,Minor,Likely,Flood Advisory issued June 8 at 5:42PM CDT until June 8 at 11:45PM CDT by NWS Grand Forks ND,"Strong thunderstorms have caused low lying streams around the
Finley area to experience flooding.  Persons should be aware of
water flowing over land in low lying areas.

The National Weather Service in Grand Forks has issued a

* Small Stream Flood Advisory for...
Northwestern Steele County in southeastern North Dakota...

* Until 1145 PM CDT Monday.

* At 542 PM CDT, Doppler radar indicated heavy rain due to
thunderstorms. This will cause small stream flooding.

Some locations that will experience flooding include...
Finley.","Turn around, dont drown. Report flooding to local law enforcement.","Steele, ND",2020-06-08,22:42:00,"strong thunderstorms have caused low lying streams around the finley area to experience flooding. persons should be aware of water flowing over land in low lying areas. the national weather service in grand forks has issued a * small stream flood advisory for... northwestern steele county in southeastern north dakota... * until 1145 pm cdt monday. * at 542 pm cdt, doppler radar indicated heavy rain due to thunderstorms. this will cause small stream flooding. some locations that will experience flooding include... finley.",['small stream flood advisory'],['542 pm cdt'],['until 1145 pm cdt monday'],[],"['finley', 'grand forks', 'northwestern steele county', 'southeastern north dakota', 'finley']",[],[],"['some', 'should', 'around', 'indicate', 'will']",[],[]
NWS-IDP-PROD-4256600-3587210,2020-06-05T22:23:00.000Z,Actual,Update,NWS Jackson MS,Severe Thunderstorm Warning,['Shelter'],Immediate,Severe,Observed,Severe Thunderstorm Warning issued June 5 at 5:23PM CDT until June 5 at 5:30PM CDT by NWS Jackson MS,"At 522 PM CDT, severe thunderstorms were located along a line
extending from 7 miles northeast of Yazoo City to near Thomastown,
moving south at 35 mph.

HAZARD...60 mph wind gusts.

SOURCE...Radar indicated.

IMPACT...Expect damage to roofs, siding, and trees.

These severe thunderstorms will remain over mainly rural areas of
southern Holmes, Attala and northeastern Humphreys Counties,
including the following locations... Silver City, Ethel and Sallis.","For your protection move to an interior room on the lowest floor of a
building.","Humphreys, MS; Holmes, MS; Attala, MS",2020-06-05,22:23:00,"at 522 pm cdt, severe thunderstorms were located along a line extending from 7 miles northeast of yazoo city to near thomastown, moving south at 35 mph. hazard...60 mph wind gusts. source...radar indicated. impact...expect damage to roofs, siding, and trees. these severe thunderstorms will remain over mainly rural areas of southern holmes, attala and northeastern humphreys counties, including the following locations... silver city, ethel and sallis.",['radar indicated'],['522 pm cdt'],[],[],"['yazoo city', 'thomastown', 'southern holmes', 'attala', 'northeastern humphreys counties', 'silver city', 'ethel', 'sallis']","['35 mph', '60 mph']",[],"['expect', 'mainly', 'tend', 'indicate', 'will']",[],"['expect damage to roofs, siding, and trees']"
NWS-130404-686433-474772,2013-12-29T18:50:47.000Z,Actual,Update,NWS Los Angeles/Oxnard CA,Red Flag Warning,['Prepare'],Expected,Severe,Likely,Red Flag Warning issued December 29 at 10:50AM PST expiring December 29 at 10:00PM PST by NWS Los Angeles/Oxnard CA,".MODERATE TO STRONG SANTA ANA WINDS WILL CONTINUE ACROSS VENTURA
AND LOS ANGELES THROUGH THIS EVENING. PEAK WINDS ARE EXPECTED TO
OCCUR FROM LATE MORNING THROUGH MID AFTERNOON...WITH GUSTS IN THE
50 TO 60 MPH RANGE ACROSS THE MOUNTAINS...AND ISOLATED GUSTS TO 70
MPH. GUSTS BETWEEN 40 AND 55 MPH WILL BE COMMON ACROSS THE VALLEYS
AND COASTAL PORTIONS. RELATIVE HUMIDITIES WILL LIKELY FALL THROUGH
THE DAY TODAY...WITH SINGLE DIGITS AND LOW TEENS READINGS COMMON.
THE COMBINATION OF MODERATE TO STRONG NORTHEAST WINDS...LOW
HUMIDITIES...WARM TEMPERATURES...AND DRY FUELS WILL BRING
CRITICAL FIRE WEATHER CONDITIONS TO MUCH OF LOS ANGELES AND
VENTURA COUNTIES. LIGHTER OFFSHORE WINDS LATER TONIGHT INTO MONDAY
COMBINED WITH WARM TEMPERATURES AND SINGLE DIGIT HUMIDITIES WILL
MAINTAIN ELEVATED FIRE DANGER.* WINDS AND TIMING...NORTHEAST WINDS WILL PEAK LATE THIS MORNING
  THROUGH MID AFTERNOON...WITH WINDS OF 15 TO 25 MPH WITH GUSTS TO
  40 MPH EXPECTED IN THE HILLS AND CANYONS.

* RELATIVE HUMIDITY...LOWERING TO 6 TO 12 PERCENT BY THIS 
  AFTERNOON.

* TEMPERATURES...HIGHS IN THE LOWER TO MID 70S.

* IMPACTS...IF FIRE IGNITION OCCURS THERE COULD BE RAPID SPREAD 
  OF WILDFIRE THAT WOULD LEAD TO A THREAT TO LIFE AND PROPERTY.","A RED FLAG WARNING MEANS THAT CRITICAL FIRE WEATHER CONDITIONS
ARE EXPECTED. THIS IN COMBINATION WITH DRY FUELS COULD CREATE
EXTREME FIRE DANGER AND/OR FIRE BEHAVIOR.

PLEASE ADVISE THE APPROPRIATE OFFICIALS OR FIRE CREWS IN THE
FIELD OF THIS RED FLAG WARNING.

",Los Angeles,2013-12-29,18:50:47,.moderate to strong santa ana winds will continue across ventura and los angeles through this evening. peak winds are expected to occur from late morning through mid afternoon...with gusts in the 50 to 60 mph range across the mountains...and isolated gusts to 70 mph. gusts between 40 and 55 mph will be common across the valleys and coastal portions. relative humidities will likely fall through the day today...with single digits and low teens readings common. the combination of moderate to strong northeast winds...low humidities...warm temperatures...and dry fuels will bring critical fire weather conditions to much of los angeles and ventura counties. lighter offshore winds later tonight into monday combined with warm temperatures and single digit humidities will maintain elevated fire danger.* winds and timing...northeast winds will peak late this morning through mid afternoon...with winds of 15 to 25 mph with gusts to 40 mph expected in the hills and canyons. * relative humidity...lowering to 6 to 12 percent by this afternoon. * temperatures...highs in the lower to mid 70s. * impacts...if fire ignition occurs there could be rapid spread of wildfire that would lead to a threat to life and property.,[],"['this evening', 'late morning', 'mid afternoon', 'later tonight into monday', 'mid afternoon', 'this    afternoon']",[],[],"['los angeles', 'mountains', 'valleys and coastal portions', 'los angeles', 'ventura', 'hills and canyons']","['moderate to strong santa ana winds', 'isolated gusts to 70 mph', 'gusts between 40 and 55 mph', 'moderate to strong northeast winds', 'elevated fire danger', 'winds of 15 to 25 mph', 'gusts to   40 mph']",[],"['expect', 'like', 'could', 'likely', 'read', 'much', 'can', 'will', 'would']",[],[]
NWS-IDP-PROD-4255002,2020-06-05T05:05:00.000Z,Actual,Alert,NWS Upton NY,Marine Weather Statement,['Monitor'],Expected,Minor,Observed,Marine Weather Statement issued June 5 at 1:05AM EDT by NWS Upton NY,"The areas affected include...

Central Long Island Sound...

Peconic and Gardiners Bays...
Long Island South Shore Bays...

At 104 AM EDT, Doppler radar indicated thunderstorms, capable of
producing winds to around 30 knots. These thunderstorms were located
along a line extending from 15 nm northeast of New York Harbor to 18
nm northeast of Barnum Island to 30 nm southeast of Shark River
Reef, moving northeast at 40 knots.

thunderstorms will be near...

Long Island Sound around 200 AM EDT.","Mariners can expect gusty winds to around 30 knots, locally higher
waves, and lightning strikes. Boaters should seek safe harbor
immediately until these storms pass.",Long Island Sound East of New Haven CT/Port Jefferson NY; Peconic and Gardiners Bays; Long Island Sound West of New Haven CT/Port Jefferson NY; South Shore Bays from Jones Inlet through Shinnecock Bay,2020-06-05,05:05:00,"the areas affected include... central long island sound... peconic and gardiners bays... long island south shore bays... at 104 am edt, doppler radar indicated thunderstorms, capable of producing winds to around 30 knots. these thunderstorms were located along a line extending from 15 nm northeast of new york harbor to 18 nm northeast of barnum island to 30 nm southeast of shark river reef, moving northeast at 40 knots. thunderstorms will be near... long island sound around 200 am edt.",['doppler radar indicated'],"['104 am edt', '200 am edt']",[],[],"['central long island sound', 'peconic and gardiners bays', 'long island south shore bays', '15 nm northeast of new york harbor', '18 nm northeast of barnum island', '30 nm southeast of shark river reef', 'long island sound']","['around 30 knots', '40 knots']",[],"['around', 'tend', 'indicate', 'will']",[],[]
NWS-130404-688141,2013-12-30T22:47:26.000Z,Actual,Alert,NWS Wichita KS,Extreme Fire Danger,['Prepare'],Expected,Moderate,Likely,Extreme Fire Danger issued December 30 at 4:47PM CST by NWS Wichita KS,"THE GFDI DOES NOT ACCOUNT FOR PRECIPITATION THAT OCCURS WITHIN
THE HOUR PRECEDING ANY GIVEN FORECAST HOUR BELOW OR ANY SNOW ON
THE GROUND AT THE FORECAST HOUR. PLEASE MAKE APPROPRIATE ADJUSTMENTS.RFDICT

GRASSLAND FIRE DANGER INDEX
NATIONAL WEATHER SERVICE WICHITA KS
447 PM CST MON DEC 30 2013

THE GFDI DOES NOT ACCOUNT FOR PRECIPITATION THAT OCCURS WITHIN
THE HOUR PRECEDING ANY GIVEN FORECAST HOUR BELOW OR ANY SNOW ON
THE GROUND AT THE FORECAST HOUR. PLEASE MAKE APPROPRIATE ADJUSTMENTS.

GFDI SCALE:

(L)  LOW              0 TO  2
(M)  MODERATE         3 TO  7
(H)  HIGH             8 TO 19
(V)  VERY HIGH       20 TO 49
(X)  EXTREME         50+
(-)  MISSING


KSZ083-311700-
SEDGWICK-
INCLUDING THE CITY OF...WICHITA
447 PM CST MON DEC 30 2013

                                 (ALL TIME REFERENCES ARE IN CST)

DAY/DATE      24HR INDEX   *  MID  3AM  6AM  9AM NOON  3PM  6PM  9PM
MON DEC 30  LOW         2  *                                 L    L  
TUE DEC 31  HIGH       14  *   L    L    L    L    H    H    M    M  
WED JAN 01  HIGH        8  *   L    L    L    L    M    H    M    M  
THU JAN 02  LOW         2  *   L    L    L    L    L    L    L    L  
FRI JAN 03  HIGH       10  *   L    L    L    M    H    H    H    M  
SAT JAN 04  MODERATE    6  *   M    M    L    L    L    L    L    L",,Sedgwick,2013-12-30,22:47:26,the gfdi does not account for precipitation that occurs within the hour preceding any given forecast hour below or any snow on the ground at the forecast hour. please make appropriate adjustments.rfdict grassland fire danger index national weather service wichita ks 447 pm cst mon dec 30 2013 the gfdi does not account for precipitation that occurs within the hour preceding any given forecast hour below or any snow on the ground at the forecast hour. please make appropriate adjustments. gfdi scale: (l) low 0 to 2 (m) moderate 3 to 7 (h) high 8 to 19 (v) very high 20 to 49 (x) extreme 50+ (-) missing ksz083-311700- sedgwick- including the city of...wichita 447 pm cst mon dec 30 2013 (all time references are in cst) day/date 24hr index * mid 3am 6am 9am noon 3pm 6pm 9pm mon dec 30 low 2 * l l tue dec 31 high 14 * l l l l h h m m wed jan 01 high 8 * l l l l m h m m thu jan 02 low 2 * l l l l l l l l fri jan 03 high 10 * l l l m h h h m sat jan 04 moderate 6 * m m l l l l l l,[],"['447 pm cst', '447 pm cst']",[],[],"['wichita', 'sedgwick', 'wichita']","['moderate', 'high', 'high', 'extreme', 'high', 'high', 'high', 'moderate']",[],[],[],[]
NWS-IDP-PROD-4254428-3585756,2020-06-05T01:37:00.000Z,Actual,Update,NWS Newport/Morehead City NC,Flood Warning,['Avoid'],Immediate,Severe,Observed,Flood Warning issued June 4 at 9:37PM EDT until June 9 at 8:00PM EDT by NWS Newport/Morehead City NC,"...The Flood Warning is extended for the following rivers in North
Carolina...

Neuse River At Kinston affecting Lenoir County

The Flood Warning extended for
The Neuse River At Kinston.
* until Tuesday evening.
* At 9 PM Thursday the stage was 14.7 feet.
* Minor flooding is occurring and Minor flooding is forecast.
* Flood stage is 14.0 feet.
* Forecast...The river will continue rising to near 14.9 feet by
Saturday morning. The river is expected to fall below flood stage
early Tuesday afternoon.
* Impact...At 14.0 feet...Water overflows into lowlands adjacent to
the river. Water access docks are also affected.","Do not drive vehicles through flooded areas. Most flood deaths occur
in automobiles when people try to drive through flooded areas.

Stay tuned to developments by listening to NOAA Weather Radio...local
radio...media or cable TV.","Lenoir, NC",2020-06-05,01:37:00,...the flood warning is extended for the following rivers in north carolina... neuse river at kinston affecting lenoir county the flood warning extended for the neuse river at kinston. * until tuesday evening. * at 9 pm thursday the stage was 14.7 feet. * minor flooding is occurring and minor flooding is forecast. * flood stage is 14.0 feet. * forecast...the river will continue rising to near 14.9 feet by saturday morning. the river is expected to fall below flood stage early tuesday afternoon. * impact...at 14.0 feet...water overflows into lowlands adjacent to the river. water access docks are also affected.,[],"['tuesday evening', '9 pm thursday', 'saturday morning', 'early tuesday afternoon']",[],[],"['neuse river at kinston', 'lenoir county', 'neuse river at kinston']",['minor flooding'],"['14.7 feet', 'stage', '14.0 feet', '14.0 feet']","['expect', 'tend', 'will']",[],['impact']
NWS-IDP-PROD-4256205-3586909,2020-06-05T19:57:00.000Z,Actual,Update,NWS Boston/Norton MA,Small Craft Advisory,['Avoid'],Expected,Minor,Likely,Small Craft Advisory issued June 5 at 3:57PM EDT until June 6 at 6:00PM EDT by NWS Boston/Norton MA,"* WHAT...Southwest winds 10 to 15 kt and seas 3 to 5 feet.

* WHERE...Coastal waters from Provincetown MA to Chatham MA to
Nantucket MA out 20 nm.

* WHEN...Until 6 PM EDT Saturday.

* IMPACTS...Conditions will be hazardous to small craft.","Inexperienced mariners, especially those operating smaller
vessels, should avoid navigating in hazardous conditions.",Coastal waters from Provincetown MA to Chatham MA to Nantucket MA out 20 nm; Coastal Waters extending out to 25 nm South of Marthas Vineyard and Nantucket,2020-06-05,19:57:00,* what...southwest winds 10 to 15 kt and seas 3 to 5 feet. * where...coastal waters from provincetown ma to chatham ma to nantucket ma out 20 nm. * when...until 6 pm edt saturday. * impacts...conditions will be hazardous to small craft.,[],[],['until 6 pm edt saturday'],[],"['coastal waters', 'provincetown ma', 'chatham ma', 'nantucket ma']","['10 to 15 kt', '3 to 5 feet']",[],['will'],['conditions will be hazardous to small craft'],['impacts']
NWS-130404-686394-474732,2013-12-29T18:16:32.000Z,Actual,Update,NWS Des Moines IA,Wind Chill Advisory,['Prepare'],Expected,Moderate,Likely,Wind Chill Advisory issued December 29 at 12:16PM CST expiring December 30 at 12:00PM CST by NWS Des Moines IA,".THE COMBINATION OF WINDS AND COLD TEMPERATURES WILL CONTINUE TO
PRODUCE BITTERLY COLD WIND CHILLS THROUGH MONDAY MORNING.* WIND CHILL VALUES...WIND CHILLS WILL SETTLE TO BETWEEN 15 AND 25
  BELOW THIS AFTERNOON AS BRISK NORTHWEST WINDS PERSIST. WHILE
  WINDS WILL DIMINISH SOME THIS EVENING INTO TONIGHT...FALLING
  TEMPERATURES WILL CONTINUE TO PRODUCE WIND CHILLS OF 20 TO 30
  BELOW INTO MONDAY MORNING.

* WINDS...NORTHWEST WINDS AT 15 TO 25 MPH WITH HIGHER GUSTS CAN BE
  EXPECTED THIS AFTERNOON WEAKENING TO AROUND 10 MPH TONIGHT.","A WIND CHILL ADVISORY MEANS THAT VERY COLD AIR AND STRONG WINDS
WILL COMBINE TO GENERATE LOW WIND CHILLS. IF YOU MUST VENTURE
OUTDOORS...MAKE SURE YOU WEAR A HAT AND GLOVES. FROST BITE AND
HYPOTHERMIA MAY RESULT IF PRECAUTIONS ARE NOT TAKEN.

",Black Hawk; Grundy; Emmet; Webster; Winnebago; Bremer; Butler; Cerro Gordo; Kossuth; Wright; Tama; Story; Palo Alto; Marshall; Worth; Humboldt; Hardin; Hancock; Franklin; Hamilton,2013-12-29,18:16:32,.the combination of winds and cold temperatures will continue to produce bitterly cold wind chills through monday morning.* wind chill values...wind chills will settle to between 15 and 25 below this afternoon as brisk northwest winds persist. while winds will diminish some this evening into tonight...falling temperatures will continue to produce wind chills of 20 to 30 below into monday morning. * winds...northwest winds at 15 to 25 mph with higher gusts can be expected this afternoon weakening to around 10 mph tonight.,[],"['monday morning', 'this afternoon', 'this evening', 'tonight', 'monday morning', 'this afternoon', 'tonight']",[],[],[],['15 to 25 mph'],"['wind chills', 'wind chills', 'falling   temperatures', 'wind chills']","['expect', 'some', 'around', 'can', 'will']",[],[]
NWS-IDP-PROD-4260135-3589591,2020-06-07T03:37:00.000Z,Actual,Alert,NWS Eureka CA,Small Craft Advisory,['Avoid'],Expected,Minor,Likely,Small Craft Advisory issued June 6 at 8:37PM PDT until June 8 at 3:00PM PDT by NWS Eureka CA,"* WHAT...North winds 15 to 20 kt with gusts up to around 25 kt
and seas 7 to 10 feet expected.

* WHERE...Cape Mendocino to Pt Arena 10 to 60 nm.

* WHEN...From 5 PM Sunday to 3 PM PDT Monday.

* IMPACTS...Conditions will be hazardous to small crafts.","Inexperienced mariners, especially those operating smaller
vessels, should avoid navigating in hazardous conditions.",Waters from Cape Mendocino to Pt. Arena CA from 10 to 60 nm,2020-06-07,03:37:00,* what...north winds 15 to 20 kt with gusts up to around 25 kt and seas 7 to 10 feet expected. * where...cape mendocino to pt arena 10 to 60 nm. * when...from 5 pm sunday to 3 pm pdt monday. * impacts...conditions will be hazardous to small crafts.,[],"['5 pm sunday', '3 pm pdt monday']",[],[],"['cape mendocino', 'pt arena']","['15 to 20 kt', 'up to around 25 kt', '7 to 10 feet', '10 to 60 nm']",[],"['expect', 'around', 'will']",['conditions will be hazardous to small crafts'],['impacts']
NWS-IDP-PROD-4263586,2020-06-08T17:46:00.000Z,Actual,Alert,NWS Melbourne FL,Marine Weather Statement,['Monitor'],Expected,Minor,Observed,Marine Weather Statement issued June 8 at 1:46PM EDT by NWS Melbourne FL,"The areas affected include...
Flagler Beach to Volusia-Brevard County Line 0-20 nm...

At 145 PM EDT, Doppler radar indicated strong thunderstorms, capable
of producing winds to around 30 knots. These thunderstorms were
located along a line extending from 26 nm southwest of Palm Coast to
20 nm west of Maytown, moving northeast at 30 knots.","Mariners can expect gusty winds to around 30 knots, locally higher
waves, and lightning strikes. Boaters should seek safe harbor
immediately until these storms pass.

These strong thunderstorms will likely produce winds to around 30
knots, and could pose a serious hazard for boaters. A special marine
warning may eventually be required when these storms reach the
nearshore waters. Boaters should consider heading for shore before
these storms arrive.",Flagler Beach to Volusia-Brevard County Line 0-20 nm,2020-06-08,17:46:00,"the areas affected include... flagler beach to volusia-brevard county line 0-20 nm... at 145 pm edt, doppler radar indicated strong thunderstorms, capable of producing winds to around 30 knots. these thunderstorms were located along a line extending from 26 nm southwest of palm coast to 20 nm west of maytown, moving northeast at 30 knots.",[],['145 pm edt'],[],[],"['flagler beach', 'volusia-brevard county line', 'palm coast', '20 nm west of maytown']","['30 knots', '30 knots']",[],"['may', 'around', 'tend', 'indicate']",[],[]
NWS-IDP-PROD-4257898,2020-06-06T13:54:00.000Z,Actual,Alert,NWS Key West FL,Marine Weather Statement,['Monitor'],Expected,Minor,Observed,Marine Weather Statement issued June 6 at 9:54AM EDT by NWS Key West FL,"The areas affected include...
Straits of Florida from Halfmoon Shoal to 20 nm west of Dry Tortugas
out 60 nm...

At 953 AM EDT, National Weather Service meteorologists detected a
thunderstorm, capable of producing wind gusts near 35 knots. This
thunderstorm was located 48 nm south of Tortugas Ecological Reserve
South, moving north at 30 knots.

Through 1100 AM, prepare for thunderstorms with wind gusts near 35
knots...locally rough and confused seas...occasional lightning
strikes...and potentially blinding downpours.",,Straits of Florida from Halfmoon Shoal to 20 NM west of Dry Tortugas out 20 NM; Straits of Florida from Halfmoon Shoal to 20 NM west of Dry Tortugas 20 to 60 NM out,2020-06-06,13:54:00,"the areas affected include... straits of florida from halfmoon shoal to 20 nm west of dry tortugas out 60 nm... at 953 am edt, national weather service meteorologists detected a thunderstorm, capable of producing wind gusts near 35 knots. this thunderstorm was located 48 nm south of tortugas ecological reserve south, moving north at 30 knots. through 1100 am, prepare for thunderstorms with wind gusts near 35 knots...locally rough and confused seas...occasional lightning strikes...and potentially blinding downpours.",[],['953 am edt'],['through 1100 am'],[],"['straits of florida', 'halfmoon shoal']","['35 knots', '30 knots', '35 knots']",[],[],[],['locally rough and confused seas']
NWS-130404-684994,2013-12-28T20:36:38.000Z,Actual,Alert,NWS Wichita KS,Extreme Fire Danger,['Prepare'],Expected,Moderate,Likely,Extreme Fire Danger issued December 28 at 2:36PM CST by NWS Wichita KS,"THE GFDI DOES NOT ACCOUNT FOR PRECIPITATION THAT OCCURS WITHIN
THE HOUR PRECEDING ANY GIVEN FORECAST HOUR BELOW OR ANY SNOW ON
THE GROUND AT THE FORECAST HOUR. PLEASE MAKE APPROPRIATE ADJUSTMENTS.(ALL TIME REFERENCES ARE IN CST)

DAY/DATE      24HR INDEX   *  MID  3AM  6AM  9AM NOON  3PM  6PM  9PM
SAT DEC 28  HIGH       14  *                            H    L    H  
SUN DEC 29  HIGH       16  *   H    H    H    H    H    M    L    L  
MON DEC 30  MODERATE    7  *   L    L    L    L    M    M    L    L  
TUE DEC 31  HIGH       12  *   L    L    L    M    H    H    M    L  
WED JAN 01  LOW         1  *   L    L    L    L    L    L    L    L  
THU JAN 02  LOW         1  *   L    L    L    L    L    L    L    L",,Lincoln,2013-12-28,20:36:38,the gfdi does not account for precipitation that occurs within the hour preceding any given forecast hour below or any snow on the ground at the forecast hour. please make appropriate adjustments.(all time references are in cst) day/date 24hr index * mid 3am 6am 9am noon 3pm 6pm 9pm sat dec 28 high 14 * h l h sun dec 29 high 16 * h h h h h m l l mon dec 30 moderate 7 * l l l l m m l l tue dec 31 high 12 * l l l m h h m l wed jan 01 low 1 * l l l l l l l l thu jan 02 low 1 * l l l l l l l l,[],"['mid', 'noon']",[],[],[],['moderate'],[],[],['please make appropriate adjustments'],[]
NWS-130404-681668,2013-12-26T03:36:34.000Z,Actual,Alert,NWS Riverton WY,Special Weather Statement,['Execute'],Expected,Moderate,Observed,Special Weather Statement issued December 25 at 8:36PM MST by NWS Riverton WY,"SPSRIW

SPECIAL WEATHER STATEMENT
NATIONAL WEATHER SERVICE RIVERTON WY
836 PM MST WED DEC 25 2013

WYZ003-261100-
CODY FOOTHILLS-
836 PM MST WED DEC 25 2013

STRONG WINDS HAVE DEVELOPED IN THE CODY FOOTHILLS TONIGHT AND WILL
CONTINUE AT TIMES THROUGH AT LEAST FRIDAY...WITH THE BEST CHANCES 
OCCURRING THE REST OF TONIGHT INTO THURSDAY MORNING. WIND GUSTS TO 
AROUND 60 MPH HAVE OCCURRED THIS EVENING ALONG HIGHWAY 120 SOUTH OF
CLARK. 

EXPECT WEST WINDS 30 TO 35 MPH WITH GUSTS OF 50 TO 60 MPH IN THE 
WINDIER AREAS TONIGHT. THE AREAS MOST PRONE TO STRONG WINDS 
WILL BE ALONG HIGHWAY 120 JUST SOUTH OF CLARK...THE CLARKS FORK 
CANYON AND JUST SOUTH OF CODY ON HIGHWAY 120. 

TRAVELLERS ALONG HIGHWAY 120 FROM JUST SOUTH OF CODY NORTH TO THE
COMMUNITY OF CLARK SHOULD BE ALERT FOR THESE STRONG CROSSWINDS AT
TIMES.",,Park,2013-12-26,03:36:34,spsriw special weather statement national weather service riverton wy 836 pm mst wed dec 25 2013 wyz003-261100- cody foothills- 836 pm mst wed dec 25 2013 strong winds have developed in the cody foothills tonight and will continue at times through at least friday...with the best chances occurring the rest of tonight into thursday morning. wind gusts to around 60 mph have occurred this evening along highway 120 south of clark. expect west winds 30 to 35 mph with gusts of 50 to 60 mph in the windier areas tonight. the areas most prone to strong winds will be along highway 120 just south of clark...the clarks fork canyon and just south of cody on highway 120. travellers along highway 120 from just south of cody north to the community of clark should be alert for these strong crosswinds at times.,[],"['tonight', 'tonight', 'tonight']",[],[],"['cody foothills', 'cody foothills', 'highway 120', 'highway 120 just south of clark', 'the clarks fork  canyon', 'just south of cody on highway 120', 'highway 120', 'just south of cody']","['wind gusts to  around 60 mph', '30 to 35 mph', '50 to 60 mph']",[],"['expect', 'most', 'should', 'at least', 'around', 'can', 'will']",[],[]
NWS-130404-688634,2013-12-31T10:20:57.000Z,Actual,Alert,NWS Topeka KS,Extreme Fire Danger,['Prepare'],Expected,Moderate,Likely,Extreme Fire Danger issued December 31 at 4:20AM CST by NWS Topeka KS,"(ALL TIME REFERENCES ARE IN CST)

DAY/DATE      24HR INDEX   *  MID  3AM  6AM  9AM NOON  3PM  6PM  9PM
TUE DEC 31  HIGH       17  *        L    L    L    H    H    M    L  
WED JAN 01  MODERATE    5  *   L    L    L    L    M    M    M    L  
THU JAN 02  LOW         1  *   L    L    L    L    L    L    L    L  
FRI JAN 03  HIGH        9  *   L    L    L    L    M    H    M    M  
SAT JAN 04  MODERATE    5  *   M    M    L    L    L    L    L    L  
SUN JAN 05  LOW         1  *   L    L    L    L    L    L    L    L",,Chase,2013-12-31,10:20:57,(all time references are in cst) day/date 24hr index * mid 3am 6am 9am noon 3pm 6pm 9pm tue dec 31 high 17 * l l l h h m l wed jan 01 moderate 5 * l l l l m m m l thu jan 02 low 1 * l l l l l l l l fri jan 03 high 9 * l l l l m h m m sat jan 04 moderate 5 * m m l l l l l l sun jan 05 low 1 * l l l l l l l l,[],"['mid', 'noon']",[],[],[],"['high', 'moderate', 'low', 'high', 'moderate', 'low']",[],[],[],[]
NWS-IDP-PROD-4258552-3588458,2020-06-06T19:10:00.000Z,Actual,Alert,NWS Gray ME,Special Marine Warning,['Avoid'],Immediate,Severe,Likely,Special Marine Warning issued June 6 at 3:10PM EDT until June 6 at 4:15PM EDT by NWS Gray ME,"The National Weather Service in Gray Maine has issued a

* Special Marine Warning for...
Coastal Waters from Cape Elizabeth, ME to Merrimack River, MA out
25 NM...

* Until 415 PM EDT.

* At 310 PM EDT, a strong thunderstorm was located over Hampton,
moving east at 25 knots.

HAZARD...Wind gusts to 40 knots and small hail.

SOURCE...Radar.

IMPACT...Small craft could be damaged in briefly higher winds and
suddenly higher waves.

* Locations impacted include...
The Mouth Of The Merrimack River and Hampton.",Move to safe harbor until hazardous weather passes.,"Coastal Waters from Cape Elizabeth, ME to Merrimack River, MA out 25 NM",2020-06-06,19:10:00,"the national weather service in gray maine has issued a * special marine warning for... coastal waters from cape elizabeth, me to merrimack river, ma out 25 nm... * until 415 pm edt. * at 310 pm edt, a strong thunderstorm was located over hampton, moving east at 25 knots. hazard...wind gusts to 40 knots and small hail. source...radar. impact...small craft could be damaged in briefly higher winds and suddenly higher waves. * locations impacted include... the mouth of the merrimack river and hampton.",['special marine warning'],['310 pm edt'],['until 415 pm edt'],[],"['gray maine', 'coastal waters', 'cape elizabeth, me', 'merrimack river', 'hampton', 'merrimack river', 'hampton']","['25 knots', 'wind gusts to 40 knots']",[],['could'],[],['small craft could be damaged']
NWS-IDP-PROD-4264745-3592939,2020-06-09T05:14:00.000Z,Actual,Alert,NWS Sioux Falls SD,Tornado Warning,['Shelter'],Immediate,Extreme,Observed,Tornado Warning issued June 9 at 12:14AM CDT until June 9 at 12:45AM CDT by NWS Sioux Falls SD,"The National Weather Service in Sioux Falls has issued a

* Tornado Warning for...
Northeastern Kingsbury County in east central South Dakota...

* Until 1245 AM CDT.

* At 1213 AM CDT, a severe thunderstorm capable of producing a
tornado was located near Lake Preston, or 9 miles northeast of Lake
Thompson State Recreation Area, moving northeast at 30 mph.

HAZARD...Tornado.

SOURCE...Radar indicated rotation.

IMPACT...Flying debris will be dangerous to those caught without
shelter. Mobile homes will be damaged or destroyed.
Damage to roofs, windows, and vehicles will occur.  Tree
damage is likely.

* This dangerous storm will be near...
Badger around 1230 AM CDT.

Other locations impacted by this tornadic thunderstorm include Erwin.","TAKE COVER NOW! Move to a basement or an interior room on the lowest
floor of a sturdy building. Avoid windows. If you are outdoors, in a
mobile home, or in a vehicle, move to the closest substantial shelter
and protect yourself from flying debris.

Tornadoes are extremely difficult to see and confirm at night. Do not
wait to see or hear the tornado. TAKE COVER NOW!","Kingsbury, SD",2020-06-09,05:14:00,"the national weather service in sioux falls has issued a * tornado warning for... northeastern kingsbury county in east central south dakota... * until 1245 am cdt. * at 1213 am cdt, a severe thunderstorm capable of producing a tornado was located near lake preston, or 9 miles northeast of lake thompson state recreation area, moving northeast at 30 mph. hazard...tornado. source...radar indicated rotation. impact...flying debris will be dangerous to those caught without shelter. mobile homes will be damaged or destroyed. damage to roofs, windows, and vehicles will occur. tree damage is likely. * this dangerous storm will be near... badger around 1230 am cdt. other locations impacted by this tornadic thunderstorm include erwin.",[],"['1213 am cdt', 'around 1230 am cdt']",['until 1245 am cdt'],[],"['sioux falls', 'northeastern kingsbury county', 'east central south dakota', 'lake preston', 'lake thompson state recreation area', 'badger', 'erwin']",[],[],"['like', 'likely', 'around', 'indicate', 'will']",[],"['flying debris', 'mobile homes will be damaged or destroyed', 'damage to roofs, windows, and vehicles', 'tree damage is likely']"
NWS-IDP-PROD-4261549-3590524,2020-06-07T20:37:00.000Z,Actual,Update,NWS Medford OR,Small Craft Advisory,['Avoid'],Expected,Minor,Likely,Small Craft Advisory issued June 7 at 1:37PM PDT until June 7 at 5:00PM PDT by NWS Medford OR,"* WHAT...Seas 8 to 10 ft at 10 seconds expected.

* WHERE...All areas.

* WHEN...Until 5 PM PDT this afternoon.

* IMPACTS...Gusty winds and/or steep seas could capsize or
damage smaller vessels.

* View the hazard area in detail at
https://www.wrh.noaa.gov/mfr/HAZARD","Inexperienced mariners, especially those operating smaller
vessels, should remain in port and avoid the area of hazardous
conditions.",Coastal waters from Cape Blanco OR to Pt. St. George CA out 10 nm; Waters from Cape Blanco OR to Pt. St. George CA from 10 to 60 nm,2020-06-07,20:37:00,* what...seas 8 to 10 ft at 10 seconds expected. * where...all areas. * when...until 5 pm pdt this afternoon. * impacts...gusty winds and/or steep seas could capsize or damage smaller vessels. * view the hazard area in detail at https://www.wrh.noaa.gov/mfr/hazard,[],['this afternoon'],['10 seconds'],[],['all areas'],[],['8 to 10 ft'],"['expect', 'could']",[],['could capsize or damage smaller vessels']
NWS-130404-680928,2013-12-25T14:32:40.000Z,Actual,Alert,NWS Wichita KS,Extreme Fire Danger,['Prepare'],Expected,Moderate,Likely,Extreme Fire Danger issued December 25 at 8:32AM CST by NWS Wichita KS,"THE GFDI DOES NOT ACCOUNT FOR PRECIPITATION THAT OCCURS WITHIN
THE HOUR PRECEDING ANY GIVEN FORECAST HOUR BELOW OR ANY SNOW ON
THE GROUND AT THE FORECAST HOUR. PLEASE MAKE APPROPRIATE ADJUSTMENTS.(ALL TIME REFERENCES ARE IN CST)

DAY/DATE      24HR INDEX   *  MID  3AM  6AM  9AM NOON  3PM  6PM  9PM
WED DEC 25  MODERATE    4  *                  L    L    M    L    L  
THU DEC 26  MODERATE    5  *   L    L    L    L    M    M    L    L  
FRI DEC 27  MODERATE    3  *   L    L    L    L    L    L    L    L  
SAT DEC 28  MODERATE    5  *   L    L    L    M    M    M    L    M  
SUN DEC 29  MODERATE    6  *   M    M    M    M    M    M    L    L  
MON DEC 30  LOW         1  *   L    L    L    L    L    L    L    L",,McPherson,2013-12-25,14:32:40,the gfdi does not account for precipitation that occurs within the hour preceding any given forecast hour below or any snow on the ground at the forecast hour. please make appropriate adjustments.(all time references are in cst) day/date 24hr index * mid 3am 6am 9am noon 3pm 6pm 9pm wed dec 25 moderate 4 * l l m l l thu dec 26 moderate 5 * l l l l m m l l fri dec 27 moderate 3 * l l l l l l l l sat dec 28 moderate 5 * l l l m m m l m sun dec 29 moderate 6 * m m m m m m l l mon dec 30 low 1 * l l l l l l l l,[],['noon'],[],[],[],"['moderate', 'moderate', 'moderate', 'moderate', 'moderate', 'low']",[],[],['please make appropriate adjustments'],[]
urn:oid:2.49.0.1.840.0.6bee37f85764f9e856e7a2dc79fa785e5a6ae08b.004.1,2022-12-22T16:03:00.000Z,Actual,Update,NWS Tallahassee FL,Coastal Flood Advisory,['Monitor'],Expected,Minor,Likely,Coastal Flood Advisory issued December 22 at 11:03AM EST until December 23 at 4:00PM EST by NWS Tallahassee FL,"* WHAT...Minor coastal flooding expected.

* WHERE...Coastal Taylor and Coastal Dixie Counties.

* WHEN...From 7 PM Thursday to 4 PM EST Friday.

* IMPACTS...Water levels will rise to 2 to 2.5 feet mean higher
high water around the time of high tide. These water levels
will result in minor flooding in Steinhatchee, Horseshoe
Beach, and Suwannee. In Suwannee, water will likely overtop
some canals flooding low lying areas and roadways in the
community.

* ADDITIONAL DETAILS...Water levels will be highest around the
time of high tide which is 1230 am Friday morning and around 2
pm on Friday afternoon. Thereafter, winds will decrease, ending
the coastal flood threat.
","If travel is required, allow extra time as some roads may be
closed. Do not drive around barricades or through water of
unknown depth. Take the necessary actions to protect flood-prone
property.",,2022-12-22,16:03:00,"* what...minor coastal flooding expected. * where...coastal taylor and coastal dixie counties. * when...from 7 pm thursday to 4 pm est friday. * impacts...water levels will rise to 2 to 2.5 feet mean higher high water around the time of high tide. these water levels will result in minor flooding in steinhatchee, horseshoe beach, and suwannee. in suwannee, water will likely overtop some canals flooding low lying areas and roadways in the community. * additional details...water levels will be highest around the time of high tide which is 1230 am friday morning and around 2 pm on friday afternoon. thereafter, winds will decrease, ending the coastal flood threat.",[],"['around the time of high tide', 'around the time of high tide', '1230 am friday morning', 'around 2 pm on friday afternoon']",['from 7 pm thursday to 4 pm est friday'],[],"['coastal taylor and coastal dixie counties', 'steinhatchee', 'horseshoe beach', 'suwannee', 'suwannee']",[],"['water levels', '2 to 2.5 feet mean higher high water', 'water levels']","['expect', 'some', 'like', 'likely', 'around', 'can', 'will']",[],[]
NWS-IDP-PROD-4265171-3593217,2020-06-09T10:42:00.000Z,Actual,Alert,NWS Memphis TN,Flood Advisory,['Avoid'],Expected,Minor,Likely,Flood Advisory issued June 9 at 5:42AM CDT until June 9 at 8:45AM CDT by NWS Memphis TN,"The National Weather Service in Memphis has issued a

* Urban and Small Stream Flood Advisory for...
Southwestern Lafayette County in northwestern Mississippi...
Southeastern Panola County in northwestern Mississippi...
Northeastern Tallahatchie County in northwestern Mississippi...
Northern Yalobusha County in northwestern Mississippi...

* Until 845 AM CDT.

* At 542 AM CDT, Doppler radar indicated heavy rain due to
thunderstorms. This will cause urban and small stream flooding.
Between 2 and 3 inches of rain have fallen.

Some locations that will experience flooding include...
Oxford, Water Valley, George Payne State Park, Holly Springs
National Forest, Pope, Springdale, Velma, Burgess, Enid, Oakland,
Courtland, Taylor, Shuford, Eureka Springs and Tillatoba.",,"Lafayette, MS; Tallahatchie, MS; Panola, MS; Yalobusha, MS",2020-06-09,10:42:00,"the national weather service in memphis has issued a * urban and small stream flood advisory for... southwestern lafayette county in northwestern mississippi... southeastern panola county in northwestern mississippi... northeastern tallahatchie county in northwestern mississippi... northern yalobusha county in northwestern mississippi... * until 845 am cdt. * at 542 am cdt, doppler radar indicated heavy rain due to thunderstorms. this will cause urban and small stream flooding. between 2 and 3 inches of rain have fallen. some locations that will experience flooding include... oxford, water valley, george payne state park, holly springs national forest, pope, springdale, velma, burgess, enid, oakland, courtland, taylor, shuford, eureka springs and tillatoba.",[],['542 am cdt'],['until 845 am cdt'],[],"['memphis', 'southwestern lafayette county', 'northwestern mississippi', 'southeastern panola county', 'northwestern mississippi', 'northeastern tallahatchie county', 'northwestern mississippi', 'northern yalobusha county', 'northwestern mississippi', 'oxford', 'water valley', 'george payne state park', 'holly springs national forest', 'pope', 'springdale', 'velma', 'burgess', 'enid', 'oakland', 'courtland', 'taylor', 'shuford', 'eureka springs', 'tillatoba']",['heavy rain'],['between 2 and 3 inches of rain'],"['some', 'indicate', 'will']",[],[]
NWS-130404-688430,2013-12-31T07:57:33.000Z,Actual,Alert,NWS Wichita KS,Extreme Fire Danger,['Prepare'],Expected,Moderate,Likely,Extreme Fire Danger issued December 31 at 1:57AM CST by NWS Wichita KS,"THE GFDI DOES NOT ACCOUNT FOR PRECIPITATION THAT OCCURS WITHIN
THE HOUR PRECEDING ANY GIVEN FORECAST HOUR BELOW OR ANY SNOW ON
THE GROUND AT THE FORECAST HOUR. PLEASE MAKE APPROPRIATE ADJUSTMENTS.(ALL TIME REFERENCES ARE IN CST)

DAY/DATE      24HR INDEX   *  MID  3AM  6AM  9AM NOON  3PM  6PM  9PM
TUE DEC 31  HIGH       11  *        L    L    L    H    H    M    L  
WED JAN 01  MODERATE    7  *   L    L    L    L    M    M    M    M  
THU JAN 02  LOW         1  *   L    L    L    L    L    L    L    L  
FRI JAN 03  HIGH       11  *   L    L    L    M    H    H    H    M  
SAT JAN 04  MODERATE    6  *   M    M    L    L    L    M    L    L  
SUN JAN 05  LOW         1  *   L    L    L    L    L    L    L    L",,McPherson,2013-12-31,07:57:33,the gfdi does not account for precipitation that occurs within the hour preceding any given forecast hour below or any snow on the ground at the forecast hour. please make appropriate adjustments.(all time references are in cst) day/date 24hr index * mid 3am 6am 9am noon 3pm 6pm 9pm tue dec 31 high 11 * l l l h h m l wed jan 01 moderate 7 * l l l l m m m m thu jan 02 low 1 * l l l l l l l l fri jan 03 high 11 * l l l m h h h m sat jan 04 moderate 6 * m m l l l m l l sun jan 05 low 1 * l l l l l l l l,[],"['mid', 'noon']",[],[],[],"['high', 'moderate', 'high', 'moderate']",[],[],['please make appropriate adjustments'],[]
urn:oid:2.49.0.1.840.0.d913ca748abeed1e021876551847173f6485a9d3.003.2,2022-12-22T09:19:00.000Z,Actual,Update,NWS Sioux Falls SD,Blizzard Warning,['Prepare'],Expected,Extreme,Likely,Blizzard Warning issued December 22 at 3:19AM CST until December 23 at 6:00PM CST by NWS Sioux Falls SD,"* WHAT...For the Winter Weather Advisory, blowing snow. Winds
gusting as high as 35 mph. For the Blizzard Warning, blizzard
conditions expected. Winds gusting as high as 45 mph. For the
Wind Chill Warning, dangerously cold wind chills. Wind chills as
low as 50 below zero.

* WHERE...Lincoln, Lyon, Murray and Pipestone Counties.

* WHEN...For the Wind Chill Warning, until noon CST Saturday.
For the Winter Weather Advisory, until noon CST today.
For the Blizzard Warning, from noon today to 6 PM CST Friday.

* IMPACTS...Widespread blowing snow could significantly reduce
visibility. The hazardous conditions could impact the morning
or evening commute. Gusty winds could bring down tree
branches. The dangerously cold wind chills could cause
frostbite on exposed skin in as little as 10 minutes.

* ADDITIONAL DETAILS...Wind gusts up to 45 mph will produce
widespread blowing snow which will result in near whiteout
conditions beginning this afternoon. Those with holiday travel
plans will want to monitor the forecast closely and adjust plans
as necessary. Any person that becomes stranded or trapped
outdoors could encounter a life-threatening situation in a short
amount of time.
","Avoid outside activities if possible. When outside, make sure you
wear appropriate clothing, a hat, and gloves.

Travel should be restricted to emergencies only. If you must
travel, have a winter survival kit with you. If you get stranded,
stay with your vehicle.

Use caution while traveling, especially in open areas.

The latest road conditions for the state you are calling from can
be obtained by calling 5 1 1.",,2022-12-22,09:19:00,"* what...for the winter weather advisory, blowing snow. winds gusting as high as 35 mph. for the blizzard warning, blizzard conditions expected. winds gusting as high as 45 mph. for the wind chill warning, dangerously cold wind chills. wind chills as low as 50 below zero. * where...lincoln, lyon, murray and pipestone counties. * when...for the wind chill warning, until noon cst saturday. for the winter weather advisory, until noon cst today. for the blizzard warning, from noon today to 6 pm cst friday. * impacts...widespread blowing snow could significantly reduce visibility. the hazardous conditions could impact the morning or evening commute. gusty winds could bring down tree branches. the dangerously cold wind chills could cause frostbite on exposed skin in as little as 10 minutes. * additional details...wind gusts up to 45 mph will produce widespread blowing snow which will result in near whiteout conditions beginning this afternoon. those with holiday travel plans will want to monitor the forecast closely and adjust plans as necessary. any person that becomes stranded or trapped outdoors could encounter a life-threatening situation in a short amount of time.","['winter weather advisory', 'blizzard warning', 'wind chill warning', 'wind chill warning', 'winter weather advisory', 'blizzard warning']","['noon cst saturday', 'noon cst today', 'noon today', '6 pm cst friday', 'beginning this afternoon']",[],[],"['lincoln', 'lyon', 'murray', 'pipestone counties']","['winds gusting as high as 35 mph', 'winds gusting as high as 45 mph', 'dangerously cold wind chills', 'wind chills as low as 50 below zero', 'dangerously cold wind chills', 'wind gusts up to 45 mph']",[],"['expect', 'could', 'read', 'little', 'can', 'will']",['will want to monitor the forecast closely and adjust plans as necessary'],"['could significantly reduce visibility', 'gusty winds could bring down tree branches']"
NWS-IDP-PROD-4264714-3592906,2020-06-09T04:48:00.000Z,Actual,Alert,NWS North Platte NE,Flood Advisory,['Avoid'],Expected,Minor,Likely,Flood Advisory issued June 8 at 11:48PM CDT until June 9 at 6:45AM CDT by NWS North Platte NE,"The National Weather Service in North Platte has issued a

* Urban and Small Stream Flood Advisory for...
Rock County in north central Nebraska...
Southeastern Brown County in north central Nebraska...

* Until 645 AM CDT Tuesday.

* At 1146 PM CDT, Doppler radar indicated heavy rain due to
thunderstorms. This will cause urban and small stream flooding to
continue in the advisory area. Up to three inches of rain have
already fallen.

* Some locations that will experience flooding include...
Bassett, Newport, Rose, Duff, Pony Lake, Sybrant, Jones Lake, Twin
Lakes State Wildlife Management Area and Johnsons Corner.

Additional rainfall of up to 2 inches is expected over the area as
additional thunderstorms move into the advisory area after 2 am CDT.
This additional rain will result in minor flooding.

This includes the following highways...
Highway 183 between mile markers 149 and 182.
Highway 20 between mile markers 258 and 274.","Turn around, don't drown when encountering flooded roads. Most flood
deaths occur in vehicles.

A Flood Advisory means river or stream flows are elevated, or ponding
of water in urban or other areas is occurring or is imminent.","Rock, NE; Brown, NE",2020-06-09,04:48:00,"the national weather service in north platte has issued a * urban and small stream flood advisory for... rock county in north central nebraska... southeastern brown county in north central nebraska... * until 645 am cdt tuesday. * at 1146 pm cdt, doppler radar indicated heavy rain due to thunderstorms. this will cause urban and small stream flooding to continue in the advisory area. up to three inches of rain have already fallen. * some locations that will experience flooding include... bassett, newport, rose, duff, pony lake, sybrant, jones lake, twin lakes state wildlife management area and johnsons corner. additional rainfall of up to 2 inches is expected over the area as additional thunderstorms move into the advisory area after 2 am cdt. this additional rain will result in minor flooding. this includes the following highways... highway 183 between mile markers 149 and 182. highway 20 between mile markers 258 and 274.",[],"['1146 pm cdt', 'after 2 am cdt']",['until 645 am cdt tuesday'],[],"['north platte', 'rock county', 'north central nebraska', 'southeastern brown county', 'north central nebraska', 'bassett', 'newport', 'rose', 'duff', 'pony lake', 'sybrant', 'jones lake', 'twin lakes state wildlife management area', 'johnsons corner', 'highway 183 between mile markers 149 and 182', 'highway 20 between mile markers 258 and 274']",['heavy rain'],"['up to three inches', 'up to 2 inches']","['expect', 'some', 'read', 'indicate', 'will']",[],[]
NWS-IDP-PROD-4255236-3586368,2020-06-05T07:41:00.000Z,Actual,Update,NWS Baltimore MD/Washington DC,Small Craft Advisory,['Avoid'],Expected,Minor,Likely,Small Craft Advisory issued June 5 at 3:41AM EDT until June 5 at 7:00PM EDT by NWS Baltimore MD/Washington DC,"* WHAT...South winds 10 to 15 kt with gusts up to 20 kt expected.

* WHERE...Tangier Sound and the inland waters surrounding
Bloodsworth Island and Chesapeake Bay from Drum Point MD to
Smith Point VA.

* WHEN...From noon today to 7 PM EDT this evening.

* IMPACTS...Conditions will be hazardous to small craft.","Inexperienced mariners, especially those operating smaller
vessels, should avoid navigating in hazardous conditions.",Chesapeake Bay from Drum Point MD to Smith Point VA; Tangier Sound and the inland waters surrounding Bloodsworth Island,2020-06-05,07:41:00,* what...south winds 10 to 15 kt with gusts up to 20 kt expected. * where...tangier sound and the inland waters surrounding bloodsworth island and chesapeake bay from drum point md to smith point va. * when...from noon today to 7 pm edt this evening. * impacts...conditions will be hazardous to small craft.,[],['noon today'],['to 7 pm edt this evening'],[],"['tangier sound', 'bloodsworth island', 'chesapeake bay', 'drum point md', 'smith point va']","['10 to 15 kt', 'up to 20 kt']",[],"['expect', 'will']",['conditions will be hazardous to small craft'],['impacts']
NWS-130404-690245-477208,2014-01-01T14:34:06.000Z,Actual,Update,NWS Little Rock AR,Flood Statement,['Avoid'],Immediate,Severe,Observed,Flood Statement issued January 1 at 8:32AM CST by NWS Little Rock AR,"...FROM THE NATIONAL WEATHER SERVICE IN LITTLE ROCK...THE FLOOD 
WARNING CONTINUES FOR THE FOLLOWING RIVER IN ARKANSAS... 

  BLACK RIVER AT POCAHONTAS AFFECTING RANDOLPH COUNTY


...FROM THE NATIONAL WEATHER SERVICE IN LITTLE ROCK...THE FLOOD 
WARNING CONTINUES FOR THE FOLLOWING RIVER IN ARKANSAS... 

  BLACK RIVER AT BLACK ROCK AFFECTING JACKSON...LAWRENCE AND 
  INDEPENDENCE COUNTIES


RIVER FORECASTS ARE BASED ON CURRENT CONDITIONS AND RAINFALL 
FORECASTED TO OCCUR OVER THE NEXT 12 HOURS. DURING PERIODS OF 
FLOODING...EVENING FORECASTS ARE REISSUED WITH UPDATED RAINFALL 
FORECASTS.
 
OBSERVED AND FORECASTED STAGE DATA PLOTS ARE AVAILABLE ON OUR 
ADVANCED HYDROLOGIC PREDICTION SERVICE WEB PAGE AT...
WWW.SRH.NOAA.GOV/LZK
UNDER THE CURRENT CONDITIONS SECTION SAFETY MESSAGE...REMEMBER TO TURN AROUND...DONT DROWN
DO NOT DRIVE CARS THROUGH FLOODED AREAS.

EVERYONE WITH PROPERTY OR OTHER INTEREST ALONG STREAMS AND RIVERS
SHOULD REMAIN ALERT TO CHANGING WEATHER FORECAST. SHOULD CONDITIONS 
CHANGE...LOOK FOR RIVER FORECAST OR FLOOD WARNINGS FOR USE IN MAKING 
INFORMED DECISIONS TO PROTECT LIFE AND PROPERTY.THE FLOOD WARNING CONTINUES FOR
  THE BLACK RIVER AT BLACK ROCK.
* UNTIL FURTHER NOTICE...OR UNTIL THE WARNING IS CANCELLED.
* AT 8:00 AM WEDNESDAY THE STAGE WAS 19.9 FEET. 
* MINOR FLOODING IS OCCURRING AND MINOR FLOODING IS FORECAST.
* FLOOD STAGE IS 14.0 FEET. 
* FORECAST...THE RIVER WILL CONTINUE TO FALL TO A STAGE OF 18.0 FEET 
  BY FRIDAY MORNING.



&&


             FLD  OBSERVED                  FORECAST 6AM
LOCATION     STG  STG  DAY TIME    THU    FRI    SAT    SUN    MON

BLACK RIVER
  BLACK ROCK  14  19.9 WED 08 AM   19.0   18.0   16.8   15.4   14.1",,Lawrence; Independence; Jackson,2014-01-01,14:34:06,...from the national weather service in little rock...the flood warning continues for the following river in arkansas... black river at pocahontas affecting randolph county ...from the national weather service in little rock...the flood warning continues for the following river in arkansas... black river at black rock affecting jackson...lawrence and independence counties river forecasts are based on current conditions and rainfall forecasted to occur over the next 12 hours. during periods of flooding...evening forecasts are reissued with updated rainfall forecasts. observed and forecasted stage data plots are available on our advanced hydrologic prediction service web page at... www.srh.noaa.gov/lzk under the current conditions section safety message...remember to turn around...dont drown do not drive cars through flooded areas. everyone with property or other interest along streams and rivers should remain alert to changing weather forecast. should conditions change...look for river forecast or flood warnings for use in making informed decisions to protect life and property.the flood warning continues for the black river at black rock. * until further notice...or until the warning is cancelled. * at 8:00 am wednesday the stage was 19.9 feet. * minor flooding is occurring and minor flooding is forecast. * flood stage is 14.0 feet. * forecast...the river will continue to fall to a stage of 18.0 feet by friday morning. && fld observed forecast 6am location stg stg day time thu fri sat sun mon black river black rock 14 19.9 wed 08 am 19.0 18.0 16.8 15.4 14.1,[],"['8:00 am wednesday', 'friday morning']",['until further notice'],[],"['little rock', 'black river at pocahontas', 'randolph county', 'little rock', 'black river at black rock', 'jackson', 'lawrence and    independence counties', 'black river at black rock', 'black rock']",[],[],"['should', 'little', 'around', 'can', 'will']","['remember to turn around', 'do not drive cars through flooded areas']",[]
urn:oid:2.49.0.1.840.0.d7434dd7cf1cac96b97660b213be6b9ce2e9bddf.002.2,2022-12-22T08:37:00.000Z,Actual,Alert,NWS Aberdeen SD,Blizzard Warning,['Prepare'],Expected,Extreme,Likely,Blizzard Warning issued December 22 at 2:37AM CST until December 24 at 6:00AM CST by NWS Aberdeen SD,"* WHAT...For the Wind Chill Warning, dangerously cold wind
chills. Wind chills as low as 50 below zero. For the Blizzard
Warning, blizzard conditions expected. Winds gusting as high
as 50 mph.

* WHERE...Portions of northeast South Dakota.

* WHEN...For the Wind Chill Warning, until noon CST Saturday.
For the Blizzard Warning, from noon today to 6 AM CST Saturday.

* IMPACTS...Plan on slippery road conditions. Widespread blowing
snow could significantly reduce visibility. The hazardous
conditions could impact the morning or evening commute. The
dangerously cold wind chills could cause frostbite on exposed
skin in as little as 10 minutes.

* ADDITIONAL DETAILS...Pre-Holiday travel this afternoon through
Friday will be impacted. Stranded motorists will face the
threat of frostbite, hypothermia and even life threatening
exposure.
","Avoid outside activities if possible. When outside, make sure you
wear appropriate clothing, a hat, and gloves.

Travel should be restricted to emergencies only. If you must
travel, have a winter survival kit with you. If you get stranded,
stay with your vehicle.

The latest road conditions can be obtained by calling 5 1 1.",,2022-12-22,08:37:00,"* what...for the wind chill warning, dangerously cold wind chills. wind chills as low as 50 below zero. for the blizzard warning, blizzard conditions expected. winds gusting as high as 50 mph. * where...portions of northeast south dakota. * when...for the wind chill warning, until noon cst saturday. for the blizzard warning, from noon today to 6 am cst saturday. * impacts...plan on slippery road conditions. widespread blowing snow could significantly reduce visibility. the hazardous conditions could impact the morning or evening commute. the dangerously cold wind chills could cause frostbite on exposed skin in as little as 10 minutes. * additional details...pre-holiday travel this afternoon through friday will be impacted. stranded motorists will face the threat of frostbite, hypothermia and even life threatening exposure.","['wind chill warning', 'blizzard warning', 'wind chill warning', 'blizzard warning']","['noon cst saturday', 'noon today', '6 am cst saturday', 'this afternoon through friday']",[],[],['portions of northeast south dakota'],"['as low as 50 below zero', 'winds gusting as high as 50 mph']","['dangerously cold wind chills', 'dangerously cold wind chills']","['expect', 'could', 'read', 'little', 'can', 'will']",['plan on slippery road conditions'],['could significantly reduce visibility']
NWS-IDP-PROD-4257965-3588056,2020-06-06T14:43:00.000Z,Actual,Update,NWS Bismarck ND,Severe Thunderstorm Warning,['Shelter'],Immediate,Severe,Observed,Severe Thunderstorm Warning issued June 6 at 9:43AM CDT until June 6 at 10:15AM CDT by NWS Bismarck ND,"At 942 AM CDT, a severe thunderstorm was located near Columbus, or 20
miles west of Bowbells, moving northeast at 40 mph.

HAZARD...60 mph wind gusts and quarter size hail.

SOURCE...Radar indicated.

IMPACT...Hail damage to vehicles is expected. Expect wind damage to
roofs, siding, and trees.

This severe storm will be near...
Portal around 1000 AM CDT.

Other locations impacted by this severe thunderstorm include Larson.","For your protection move to an interior room on the lowest floor of a
building.","Burke, ND",2020-06-06,14:43:00,"at 942 am cdt, a severe thunderstorm was located near columbus, or 20 miles west of bowbells, moving northeast at 40 mph. hazard...60 mph wind gusts and quarter size hail. source...radar indicated. impact...hail damage to vehicles is expected. expect wind damage to roofs, siding, and trees. this severe storm will be near... portal around 1000 am cdt. other locations impacted by this severe thunderstorm include larson.",['radar indicated'],"['942 am cdt', '1000 am cdt']",[],[],"['columbus', 'bowbells', 'portal', 'larson']","['40 mph', '60 mph']",[],"['expect', 'around', 'indicate', 'will']",[],"['quarter size hail', 'hail damage to vehicles']"
NWS-130404-690524-477385,2014-01-01T18:37:01.000Z,Actual,Update,NWS Des Moines IA,Winter Weather Advisory,['Execute'],Expected,Moderate,Likely,Winter Weather Advisory issued January 1 at 12:36PM CST expiring January 1 at 6:00PM CST by NWS Des Moines IA,"...MODERATE SNOW SOUTH .MODERATE SNOW WILL FALL OVER SOUTHERN IOWA THIS AFTERNOON
RESULTING IN SEVERAL INCHES OF ACCUMULATION AND LEADING TO
HAZARDOUS TRAVEL CONDITIONS.* SHORT TERM TRENDS...MODERATE SNOW WILL FALL THROUGH THE
  AFTERNOON BEFORE ENDING THIS EVENING.

* STORM TOTAL SNOW ACCUMULATIONS...GENERALLY TWO TO FOUR INCHES
  OF SNOW ARE FORECAST.

* WINDS/VISIBILITY...10 TO 15 MPH NORTHEAST TO NORTH WINDS MAY 
  PRODUCE MINOR BLOWING AND DRIFTING. VISIBILITIES MAY DROP TO A 
  MILE OR LESS DURING PERIODS OF HEAVIER SNOW. 

* IMPACTS...SNOW COVERED ROADS AND REDUCED VISIBILITIES WILL 
  PRODUCE HAZARDOUS CONDITIONS FOR HOLIDAY TRAVELERS THIS NEW 
  YEARS DAY.","A WINTER WEATHER ADVISORY FOR SNOW MEANS THAT PERIODS OF SNOW
WILL CAUSE PRIMARILY TRAVEL DIFFICULTIES. BE PREPARED FOR SNOW
COVERED ROADS AND LIMITED VISIBILITIES...AND USE CAUTION WHILE
DRIVING.

",Ringgold; Clarke; Appanoose; Davis; Decatur; Monroe; Marion; Mahaska; Wapello; Wayne; Lucas,2014-01-01,18:37:01,...moderate snow south .moderate snow will fall over southern iowa this afternoon resulting in several inches of accumulation and leading to hazardous travel conditions.* short term trends...moderate snow will fall through the afternoon before ending this evening. * storm total snow accumulations...generally two to four inches of snow are forecast. * winds/visibility...10 to 15 mph northeast to north winds may produce minor blowing and drifting. visibilities may drop to a mile or less during periods of heavier snow. * impacts...snow covered roads and reduced visibilities will produce hazardous conditions for holiday travelers this new years day.,[],"['this afternoon', 'this evening']",[],[],['southern iowa'],"['moderate snow', 'moderate snow', 'moderate snow', '10 to 15 mph']","['several inches of accumulation', 'storm total snow accumulations', 'visibilities may drop to a    mile or less']","['generally', 'several', 'may', 'will']",[],"['hazardous travel conditions', 'impacts']"
NWS-130404-686076-474457,2013-12-29T14:19:16.000Z,Actual,Alert,NWS Greenville-Spartanburg SC,Flood Advisory,['Avoid'],Expected,Minor,Likely,Flood Advisory issued December 29 at 9:19AM EST expiring December 29 at 11:00AM EST by NWS Greenville-Spartanburg SC,"THE NATIONAL WEATHER SERVICE IN GREENVILLE-SPARTANBURG HAS ISSUED AN

* URBAN AND SMALL STREAM FLOOD ADVISORY FOR HEAVY RAINFALL IN...
  EAST CENTRAL MECKLENBURG COUNTY IN THE PIEDMONT OF NORTH
  CAROLINA...

* UNTIL 1100 AM EST

* AT 908 AM EST...RECENT RAINFALL MEASURED FROM RAIN GAUGES AND      
  DOPPLER RADAR INDICATE ONE TO ONE AND A HALF INCHES OF RAIN HAS    
  FALLEN OVER THE MALLARD CREEK AREA OVER THE PAST 6 HOURS.     

* RUNOFF FROM THIS RAINFALL COULD CAUSE MINOR FLOODING TO OCCUR      
  ALONG MALLARD CREEK AT PAVILLION ROAD. THE FLOOD STAGE IS 12.0     
  FEET AND THE CURRENT STAGE IS 11.0 FEET. A STEADY BUT SLOW RISE IN 
  WATER LEVELS IS EXPECTED OVER THE NEXT TWO HOURS AND THE STREAM    
  MAY APPROACH OR REACH FLOOD LEVEL BY 1100 AM. THE NATIONAL WEATHER 
  SERVICE WILL CONTINUE TO MONITOR THIS CHANGING SITUATION.","PLEASE REPORT HIGH WATER...FLOODING...LANDSLIDES OR OTHER SEVERE
WEATHER TO THE NATIONAL WEATHER SERVICE GREENVILLE SPARTANBURG BY
CALLING TOLL FREE...1...800...2 6 7...8 1 0 1...OR BY POSTING ON OUR
FACEBOOK PAGE...OR TWEET IT USING HASHTAG NWSGSP. YOUR MESSAGE SHOULD
DESCRIBE THE EVENT AND THE SPECIFIC LOCATION WHERE IT OCCURRED.

EXCESSIVE RUNOFF FROM THIS STORM WILL CAUSE MINOR FLOODING OF SMALL
CREEKS AND STREAMS...URBAN AREAS...HIGHWAYS...STREETS AND UNDERPASSES
AS WELL AS OTHER DRAINAGE AREAS AND LOW LYING SPOTS.

",Mecklenburg,2013-12-29,14:19:16,the national weather service in greenville-spartanburg has issued an * urban and small stream flood advisory for heavy rainfall in... east central mecklenburg county in the piedmont of north carolina... * until 1100 am est * at 908 am est...recent rainfall measured from rain gauges and doppler radar indicate one to one and a half inches of rain has fallen over the mallard creek area over the past 6 hours. * runoff from this rainfall could cause minor flooding to occur along mallard creek at pavillion road. the flood stage is 12.0 feet and the current stage is 11.0 feet. a steady but slow rise in water levels is expected over the next two hours and the stream may approach or reach flood level by 1100 am. the national weather service will continue to monitor this changing situation.,['urban and small stream flood advisory'],"['1100 am est', '908 am est', '1100 am']",[],[],"['greenville-spartanburg', 'east central mecklenburg county', 'piedmont of north   carolina', 'mallard creek area', 'mallard creek', 'pavillion road']",[],"['heavy rainfall', 'one to one and a half inches', 'flood stage', '12.0        feet', '11.0 feet']","['expect', 'may', 'could', 'indicate', 'will']",[],[]
NWS-130404-689163-476503,2013-12-31T19:12:21.000Z,Actual,Update,NWS Chicago IL,Lake Effect Snow Watch,['Prepare'],Future,Extreme,Possible,Lake Effect Snow Watch issued December 31 at 1:11PM CST expiring January 2 at 4:00PM CST by NWS Chicago IL,"...LAKE EFFECT SNOW WATCH REMAINS IN EFFECT FROM LATE WEDNESDAY
NIGHT THROUGH THURSDAY AFTERNOON...

FOR THE WINTER WEATHER ADVISORY TONIGHT AND WEDNESDAY...

* TIMING...ONE PERIOD OF STEADIER SNOW IS EXPECTED THIS EVENING
  INTO THE EARLY PART OF THE OVERNIGHT HOURS FOLLOWED BY SOMEWHAT
  OF A LULL LATE TONIGHT INTO WEDNESDAY MORNING. A SECOND PERIOD OF
  HEAVIER SNOW IS EXPECTED TO DEVELOP WEDNESDAY MORNING AND
  CONTINUE INTO THE AFTERNOON. 

* ACCUMULATION...TOTAL SNOWFALL THROUGH WEDNESDAY AFTERNOON IS
  EXPECTED TO GENERALLY BE IN THE 4 TO 8 INCH RANGE...THOUGH
  ISOLATED HIGHER TOTALS ARE POSSIBLE.

FOR THE LAKE EFFECT SNOW WATCH...

* TIMING...LAKE EFFECT SNOW SQUALLS COULD AFFECT AREAS NEAR THE 
  LAKE LATE WEDNESDAY NIGHT AND CONTINUE INTO THURSDAY. 

* SNOW ACCUMULATIONS...LOCALIZED ACCUMULATIONS IN EXCESS OF 6 
  INCHES ARE POSSIBLE. 

* OTHER IMPACTS...THE POTENTIAL EXISTS FOR INTENSE SNOW SQUALLS 
  TO DEVELOP AND AFFECT AREAS NEAR THE LAKE WITH SNOWFALL RATES 
  WELL IN EXCESS OF AN INCH PER HOUR POSSIBLE.","A LAKE EFFECT SNOW WATCH MEANS THERE IS A POTENTIAL FOR A LARGE
AMOUNT OF SNOW IN ONLY A FEW HOURS. VISIBILITIES AND DEPTH OF
SNOW CAN VARY GREATLY...IMPACTING TRAVEL SIGNIFICANTLY. CONTINUE
TO MONITOR THE LATEST FORECASTS.

A WINTER WEATHER ADVISORY FOR SNOW MEANS THAT PERIODS OF SNOW
WILL CAUSE PRIMARILY TRAVEL DIFFICULTIES. BE PREPARED FOR SNOW
COVERED ROADS AND LIMITED VISIBILITIES...AND USE CAUTION WHILE
DRIVING.

",Cook; Lake; Lake,2013-12-31,19:12:21,...lake effect snow watch remains in effect from late wednesday night through thursday afternoon... for the winter weather advisory tonight and wednesday... * timing...one period of steadier snow is expected this evening into the early part of the overnight hours followed by somewhat of a lull late tonight into wednesday morning. a second period of heavier snow is expected to develop wednesday morning and continue into the afternoon. * accumulation...total snowfall through wednesday afternoon is expected to generally be in the 4 to 8 inch range...though isolated higher totals are possible. for the lake effect snow watch... * timing...lake effect snow squalls could affect areas near the lake late wednesday night and continue into thursday. * snow accumulations...localized accumulations in excess of 6 inches are possible. * other impacts...the potential exists for intense snow squalls to develop and affect areas near the lake with snowfall rates well in excess of an inch per hour possible.,"['lake effect snow watch', 'winter weather advisory', 'lake effect snow watch']","['late wednesday night', 'thursday afternoon', 'wednesday morning', 'wednesday afternoon', 'late wednesday night']",[],[],"['areas near the    lake', 'areas near the lake']",['snowfall rates    well in excess of an inch per hour'],['localized accumulations in excess of 6    inches'],"['expect', 'generally', 'some', 'somewhat', 'could', 'possible']",[],['other impacts']
urn:oid:2.49.0.1.840.0.5947aee38ab7bb4d16dfc3d49591042ae01fcc63.001.1,2022-12-22T09:19:00.000Z,Actual,Update,NWS Marquette MI,Small Craft Advisory,['Avoid'],Expected,Minor,Likely,Small Craft Advisory issued December 22 at 4:19AM EST until December 23 at 1:00AM EST by NWS Marquette MI,"* WHAT...For the Storm Warning, northwest winds 25 to 35 kt with
gusts up to 50 kt and waves 10 to 15 ft expected. For the Heavy
Freezing Spray Warning, heavy freezing spray at a rate of 2 cm
per hour or greater expected, and may rapidly accumulate on
vessels. For the Small Craft Advisory, northwest winds 15 to 20
kt with gusts up to 30 kt and waves 5 to 8 ft expected.

* WHERE...Saxon Harbor WI to Black River MI and Black River to
Ontonagon MI.

* WHEN...For the Storm Warning, from 1 AM Friday to 1 AM EST
Sunday. For the Small Craft Advisory, from 1 PM this afternoon
to 1 AM EST Friday.

* IMPACTS...Operating a vessel in heavy freezing spray is
hazardous. Freezing spray may render mechanical and electronic
components inoperative. Rapid ice accretion on decks and
superstructures may result in a catastrophic loss of
stability. Very strong winds will cause hazardous waves which
could capsize or damage vessels and reduce visibility.
","Mariners should prepare for dangerous accumulation of ice on
their vessel. If possible, remain in port, avoid the warning area
or conduct mitigation.

Mariners should remain in port, alter course, and/or secure the
vessel for severe conditions.",,2022-12-22,09:19:00,"* what...for the storm warning, northwest winds 25 to 35 kt with gusts up to 50 kt and waves 10 to 15 ft expected. for the heavy freezing spray warning, heavy freezing spray at a rate of 2 cm per hour or greater expected, and may rapidly accumulate on vessels. for the small craft advisory, northwest winds 15 to 20 kt with gusts up to 30 kt and waves 5 to 8 ft expected. * where...saxon harbor wi to black river mi and black river to ontonagon mi. * when...for the storm warning, from 1 am friday to 1 am est sunday. for the small craft advisory, from 1 pm this afternoon to 1 am est friday. * impacts...operating a vessel in heavy freezing spray is hazardous. freezing spray may render mechanical and electronic components inoperative. rapid ice accretion on decks and superstructures may result in a catastrophic loss of stability. very strong winds will cause hazardous waves which could capsize or damage vessels and reduce visibility.","['storm warning', 'heavy freezing spray warning', 'small craft advisory', 'storm warning', 'small craft advisory']","['1 am friday', '1 am est sunday', '1 pm this afternoon', '1 am est friday']",[],[],"['saxon harbor wi', 'black river', 'black river', 'ontonagon']","['25 to 35 kt', 'gusts up to 50 kt', '15 to 20 kt', 'gusts up to 30 kt']",['rate of 2 cm per hour or greater'],"['expect', 'may', 'could', 'will']",['operating a vessel in heavy freezing spray is hazardous'],"['may rapidly accumulate on vessels', 'freezing spray may render mechanical and electronic components inoperative', 'may result in a catastrophic loss of stability', 'which could capsize or damage vessels']"
NWS-IDP-PROD-4264009-3592389,2020-06-08T21:39:00.000Z,Actual,Update,NWS San Francisco CA,Small Craft Advisory,['Avoid'],Expected,Minor,Likely,Small Craft Advisory issued June 8 at 2:39PM PDT until June 8 at 9:00PM PDT by NWS San Francisco CA,"* WHAT...West winds 10 to 20 kt with gusts up to 30 kt and choppy
waters expected.

* WHERE...San Francisco Bay South of the Bay Bridge.

* WHEN...Until 9 PM PDT this evening.

* IMPACTS...Conditions will be hazardous to small craft.","Inexperienced mariners, especially those operating smaller
vessels, should avoid navigating in hazardous conditions.",San Francisco Bay South of the Bay Bridge,2020-06-08,21:39:00,* what...west winds 10 to 20 kt with gusts up to 30 kt and choppy waters expected. * where...san francisco bay south of the bay bridge. * when...until 9 pm pdt this evening. * impacts...conditions will be hazardous to small craft.,[],['this evening'],[],[],['san francisco bay south of the bay bridge'],"['10 to 20 kt', 'up to 30 kt']",[],"['expect', 'will']",[],"['impacts', 'conditions will be hazardous to small craft']"
NWS-130404-678253-469910,2013-12-24T02:44:53.000Z,Actual,Update,NWS Cleveland OH,Lake Effect Snow Warning,['Avoid'],Expected,Extreme,Likely,Lake Effect Snow Warning issued December 23 at 9:44PM EST expiring December 24 at 10:00PM EST by NWS Cleveland OH,"* ACCUMULATIONS...ACCUMULATIONS OF 6 TO 9 INCHES WILL BE 
  POSSIBLE WHERE BANDS PERSIST.

* TIMING...SNOW SHOWERS WILL INCREASE OVERNIGHT IN THE WARNING
  AREA. THE SNOW MAY BE HEAVY AT TIMES THROUGH TUESDAY MORNING...
  ESPECIALLY NEAR THE LAKE ERIE SHORELINE. SNOW WILL SHIFT INLAND
  ON TUESDAY AND DECREASE DURING THE AFTERNOON AND EARLY EVENING.

* WINDS...WEST WINDS OF 10 TO 15 MPH WILL TURN NORTHWEST TUESDAY
  AND MAY GUST TO 25 MPH AT TIMES. THE GUSTY WINDS WILL CAUSE
  BLOWING AND DRIFTING OF THE LIGHT FLUFFY SNOW.

* IMPACTS...SNOW WILL MAKE ROADS SLICK...REQUIRING LOWER SPEEDS 
  AND GREATER DISTANCES BETWEEN VEHICLES WHILE DRIVING. 
  CONDITIONS WILL BE VARIABLE WITH HEAVY SNOW POSSIBLE WITHIN 
  LAKE EFFECT SNOW BANDS.

* TEMPERATURES...TEMPERATURES WILL DROP INTO THE LOW 20S 
  OVERNIGHT AND RISE LITTLE ON TUESDAY.

* VISIBILITIES...VARIABLE...DROPPING TO A QUARTER MILE OR LESS 
  IN LAKE EFFECT SNOW BANDS.","IN LAKE EFFECT SNOW THE WEATHER CAN VARY FROM LOCALLY HEAVY SNOW
IN NARROW BANDS TO CLEAR SKIES JUST A FEW MILES AWAY. IF YOU WILL
BE TRAVELING ACROSS THE REGION BE PREPARED FOR RAPID CHANGES IN
ROAD AND VISIBILITY CONDITIONS. STAY TUNED TO NOAA WEATHER RADIO
FOR FURTHER DETAILS OR UPDATES.

",Erie,2013-12-24,02:44:53,* accumulations...accumulations of 6 to 9 inches will be possible where bands persist. * timing...snow showers will increase overnight in the warning area. the snow may be heavy at times through tuesday morning... especially near the lake erie shoreline. snow will shift inland on tuesday and decrease during the afternoon and early evening. * winds...west winds of 10 to 15 mph will turn northwest tuesday and may gust to 25 mph at times. the gusty winds will cause blowing and drifting of the light fluffy snow. * impacts...snow will make roads slick...requiring lower speeds and greater distances between vehicles while driving. conditions will be variable with heavy snow possible within lake effect snow bands. * temperatures...temperatures will drop into the low 20s overnight and rise little on tuesday. * visibilities...variable...dropping to a quarter mile or less in lake effect snow bands.,[],"['overnight', 'tuesday morning', 'tuesday', 'afternoon and early evening', 'tuesday', 'overnight']",[],[],"['warning   area', 'lake erie shoreline']",['10 to 15 mph'],"['accumulations', 'accumulations']","['may', 'possible', 'little', 'will']",[],['snow will make roads slick']
urn:oid:2.49.0.1.840.0.3e1f2534653e9069bddcca1d185b4f8e0f803f01.001.2,2022-12-22T11:55:00.000Z,Actual,Update,NWS Melbourne FL,Freeze Watch,['Prepare'],Future,Severe,Possible,Freeze Watch issued December 22 at 6:55AM EST until December 24 at 9:00AM EST by NWS Melbourne FL,"...DENSE FOG ADVISORY IS CANCELLED...

While areas of fog are still occuring, with pacthes of dense fog,
visibilties have improved since earelier this morning, and were
one half mile or greater across east central Florida. Motorists
should still use caution and reduce their speed if encountering
any patches of dense fog early this morning


* WHAT...For the Freeze Watch, sub-freezing temperatures as low
as 30 possible.

* WHERE...Inland Volusia, Northern Lake, Orange, Seminole,
Osceola, Okeechobee and Southern Lake Counties.

* WHEN...From late Friday night through Saturday morning.

* IMPACTS...Frost and freeze conditions could kill crops, other
sensitive vegetation and possibly damage unprotected outdoor
plumbing. Hazardous driving conditions due to low visibility.
","Take steps now to protect tender plants from the cold.

Many home fires occur during cold weather episodes. Use extreme
caution with space heaters, keeping the heater away from all
material that may be combustible, such as pillows, blankets and
curtains.",,2022-12-22,11:55:00,"...dense fog advisory is cancelled... while areas of fog are still occuring, with pacthes of dense fog, visibilties have improved since earelier this morning, and were one half mile or greater across east central florida. motorists should still use caution and reduce their speed if encountering any patches of dense fog early this morning * what...for the freeze watch, sub-freezing temperatures as low as 30 possible. * where...inland volusia, northern lake, orange, seminole, osceola, okeechobee and southern lake counties. * when...from late friday night through saturday morning. * impacts...frost and freeze conditions could kill crops, other sensitive vegetation and possibly damage unprotected outdoor plumbing. hazardous driving conditions due to low visibility.","['dense fog advisory', 'freeze watch']",['early this morning'],['from late friday night through saturday morning'],[],"['east central florida', 'inland volusia', 'northern lake', 'orange', 'seminole', 'osceola', 'okeechobee', 'southern lake counties']",[],[],"['could', 'should', 'possibly', 'possible', 'can']",['motorists should still use caution and reduce their speed'],"['one half mile or greater', 'sub-freezing temperatures', 'could kill crops', 'and possibly damage unprotected outdoor plumbing']"
urn:oid:2.49.0.1.840.0.084b568f7fac4ff97fb884f4c6e4a0fb83a36249.001.1,2022-12-22T08:02:00.000Z,Actual,Update,NWS Mount Holly NJ,Flood Watch,['Prepare'],Future,Severe,Possible,Flood Watch issued December 22 at 3:02AM EST until December 23 at 7:00AM EST by NWS Mount Holly NJ,"* WHAT...Flooding caused by excessive rainfall continues to be
possible.

* WHERE...Portions of northern Delaware...southern New Jersey...and
southeast Pennsylvania...including the following areas...in
northern Delaware...New Castle. In southern New Jersey...Camden,
Gloucester, Northwestern Burlington, and Salem. In southeast
Pennsylvania...Delaware, Eastern Chester, Eastern Montgomery,
Lower Bucks, and Philadelphia.

* WHEN...From 1 PM EST this afternoon through Friday morning.

* IMPACTS...Excessive runoff may result in flooding of rivers,
creeks, streams, and other low-lying and flood-prone locations.
Creeks and streams may rise out of their banks. Flooding may occur
in poor drainage and urban areas.

* ADDITIONAL DETAILS...
- http://www.weather.gov/safety/flood
",,,2022-12-22,08:02:00,"* what...flooding caused by excessive rainfall continues to be possible. * where...portions of northern delaware...southern new jersey...and southeast pennsylvania...including the following areas...in northern delaware...new castle. in southern new jersey...camden, gloucester, northwestern burlington, and salem. in southeast pennsylvania...delaware, eastern chester, eastern montgomery, lower bucks, and philadelphia. * when...from 1 pm est this afternoon through friday morning. * impacts...excessive runoff may result in flooding of rivers, creeks, streams, and other low-lying and flood-prone locations. creeks and streams may rise out of their banks. flooding may occur in poor drainage and urban areas. * additional details... - http://www.weather.gov/safety/flood",[],"['1 pm est this afternoon', 'friday morning']",[],[],"['delaware', 'southern new jersey', 'southeast pennsylvania', 'delaware', 'new castle', 'southern new jersey', 'camden', 'gloucester', 'northwestern burlington', 'salem', 'southeast pennsylvania', 'delaware', 'eastern chester', 'eastern montgomery', 'lower bucks', 'philadelphia', 'creeks and streams']",[],[],"['may', 'possible']",[],['flooding may occur in poor drainage and urban areas']
NWS-IDP-PROD-4262066-3590971,2020-06-08T00:41:00.000Z,Actual,Update,NWS New Orleans LA,Flood Warning,['Avoid'],Immediate,Severe,Observed,Flood Warning issued June 7 at 7:41PM CDT until June 18 at 7:00AM CDT by NWS New Orleans LA,"...The Flood Warning continues for the following rivers in
Louisiana...

Mississippi River At Donaldsonville affecting Ascension Parish.

Mississippi River At Baton Rouge affecting West Baton Rouge and
East Baton Rouge Parishes.

Mississippi River At Red River Landing affecting West Feliciana,
East Baton Rouge and Pointe Coupee Parishes.

For the Lower Mississippi River...including Red River Landing, Baton
Rouge, Donaldsonville, Reserve, New Orleans...Minor flooding is
forecast.

The Flood Warning continues for
the Mississippi River At Baton Rouge.
* Until Thursday, June 18.
* At 7:00 PM CDT Sunday the stage was 37.8 feet.
* Flood stage is 35.0 feet.
* Minor flooding is occurring and minor flooding is forecast.
* Recent Activity...The maximum river stage in the 24 hours ending
at 7:00 PM CDT Sunday was 37.8 feet.
* Forecast...The river is expected to rise to a crest of 37.9 feet
just after midnight tonight. It will then fall below flood stage
Thursday, June 18.
* Impact...At 38.0 feet, River traffic and industrial activity on
the river side of the levees will be greatly affected.
Navigational safety regulations will be strictly enforced.","Stay tuned to further developments by listening to your local radio,
television, or NOAA Weather Radio for further information.

A Flood Warning means that flooding is imminent or occurring. All
interested parties should take necessary precautions immediately.

Additional information is available at www.weather.gov.

The next statement will be issued tonight.","East Baton Rouge, LA; West Baton Rouge, LA",2020-06-08,00:41:00,"...the flood warning continues for the following rivers in louisiana... mississippi river at donaldsonville affecting ascension parish. mississippi river at baton rouge affecting west baton rouge and east baton rouge parishes. mississippi river at red river landing affecting west feliciana, east baton rouge and pointe coupee parishes. for the lower mississippi river...including red river landing, baton rouge, donaldsonville, reserve, new orleans...minor flooding is forecast. the flood warning continues for the mississippi river at baton rouge. * until thursday, june 18. * at 7:00 pm cdt sunday the stage was 37.8 feet. * flood stage is 35.0 feet. * minor flooding is occurring and minor flooding is forecast. * recent activity...the maximum river stage in the 24 hours ending at 7:00 pm cdt sunday was 37.8 feet. * forecast...the river is expected to rise to a crest of 37.9 feet just after midnight tonight. it will then fall below flood stage thursday, june 18. * impact...at 38.0 feet, river traffic and industrial activity on the river side of the levees will be greatly affected. navigational safety regulations will be strictly enforced.",[],"['7:00 pm cdt sunday', 'just after midnight tonight', 'thursday, june 18']","['until thursday, june 18']",[],"['mississippi river at donaldsonville', 'ascension parish', 'mississippi river at baton rouge', 'baton rouge', 'baton rouge', 'mississippi river at red river landing', 'west feliciana', 'east baton rouge', 'mississippi river', 'red river landing', 'baton rouge', 'donaldsonville', 'reserve', 'new orleans', 'mississippi river at baton rouge']",[],[],"['expect', 'will']",['navigational safety regulations'],[]
NWS-130404-689541,2014-01-01T00:36:45.000Z,Actual,Alert,NWS Wichita KS,Extreme Fire Danger,['Prepare'],Expected,Moderate,Likely,Extreme Fire Danger issued December 31 at 6:36PM CST by NWS Wichita KS,"THE GFDI DOES NOT ACCOUNT FOR PRECIPITATION THAT OCCURS WITHIN
THE HOUR PRECEDING ANY GIVEN FORECAST HOUR BELOW OR ANY SNOW ON
THE GROUND AT THE FORECAST HOUR. PLEASE MAKE APPROPRIATE ADJUSTMENTS.(ALL TIME REFERENCES ARE IN CST)

DAY/DATE      24HR INDEX   *  MID  3AM  6AM  9AM NOON  3PM  6PM  9PM
TUE DEC 31  MODERATE    4  *                                 M    L  
WED JAN 01  MODERATE    7  *   L    L    L    L    M    M    M    L  
THU JAN 02  LOW         1  *   L    L    L    L    L    L    L    L  
FRI JAN 03  HIGH       12  *   L    L    M    M    H    H    M    M  
SAT JAN 04  MODERATE    4  *   M    L    L    L    M    M    M    L  
SUN JAN 05  LOW         1  *   L    L    L    L    L    L    L    L",,McPherson,2014-01-01,00:36:45,the gfdi does not account for precipitation that occurs within the hour preceding any given forecast hour below or any snow on the ground at the forecast hour. please make appropriate adjustments.(all time references are in cst) day/date 24hr index * mid 3am 6am 9am noon 3pm 6pm 9pm tue dec 31 moderate 4 * m l wed jan 01 moderate 7 * l l l l m m m l thu jan 02 low 1 * l l l l l l l l fri jan 03 high 12 * l l m m h h m m sat jan 04 moderate 4 * m l l l m m m l sun jan 05 low 1 * l l l l l l l l,[],"['noon', 'low']",[],[],[],"['moderate', 'moderate', 'high', 'moderate']",[],[],['please make appropriate adjustments'],[]
NWS-130404-683294,2013-12-27T11:45:06.000Z,Actual,Alert,NWS Wichita KS,Extreme Fire Danger,['Prepare'],Expected,Moderate,Likely,Extreme Fire Danger issued December 27 at 5:44AM CST by NWS Wichita KS,"THE GFDI DOES NOT ACCOUNT FOR PRECIPITATION THAT OCCURS WITHIN
THE HOUR PRECEDING ANY GIVEN FORECAST HOUR BELOW OR ANY SNOW ON
THE GROUND AT THE FORECAST HOUR. PLEASE MAKE APPROPRIATE ADJUSTMENTS.(ALL TIME REFERENCES ARE IN CST)

DAY/DATE      24HR INDEX   *  MID  3AM  6AM  9AM NOON  3PM  6PM  9PM
FRI DEC 27  MODERATE    7  *             L    L    M    M    M    M  
SAT DEC 28  HIGH       12  *   M    M    M    M    H    H    L    M  
SUN DEC 29  HIGH       12  *   H    H    H    H    H    M    L    L  
MON DEC 30  LOW         2  *   L    L    L    L    L    L    L    L  
TUE DEC 31  LOW         1  *   L    L    L    L    L    L    L    L  
WED JAN 01  LOW         1  *   L    L    L    L    L    L    L    L",,Russell,2013-12-27,11:45:06,the gfdi does not account for precipitation that occurs within the hour preceding any given forecast hour below or any snow on the ground at the forecast hour. please make appropriate adjustments.(all time references are in cst) day/date 24hr index * mid 3am 6am 9am noon 3pm 6pm 9pm fri dec 27 moderate 7 * l l m m m m sat dec 28 high 12 * m m m m h h l m sun dec 29 high 12 * h h h h h m l l mon dec 30 low 2 * l l l l l l l l tue dec 31 low 1 * l l l l l l l l wed jan 01 low 1 * l l l l l l l l,[],"['mid', 'noon']",[],[],[],['moderate'],[],[],[],[]
NWS-IDP-PROD-4258419,2020-06-06T18:01:00.000Z,Actual,Alert,NWS Key West FL,Marine Weather Statement,['Monitor'],Expected,Minor,Observed,Marine Weather Statement issued June 6 at 2:01PM EDT by NWS Key West FL,"The areas affected include...
Hawk Channel and Straits of Florida from west end of Seven Mile
Bridge to 20 nm west of Dry Tortugas out 60 nm...
Gulf of Mexico from west end of Seven Mile Bridge to Halfmoon Shoal
out to 5 fathoms...
Gulf of Mexico including Dry Tortugas and Rebecca Shoal Channel...
Gulf Waters from East Cape Sable to Chokoloskee 20 to 60 nm out and
beyond 5 fathoms...

At 159 PM EDT, National Weather Service meteorologists detected a
thunderstorm, capable of producing wind gusts near 35 knots. This
thunderstorm was located 20 nm south of Twenty-Eight Foot Shoal
Light, moving north at 25 knots.

Locations include...
Twenty-Eight Foot Shoal Light and Halfmoon Shoal Light.

Through 300 PM, prepare for thunderstorms with wind gusts near 35
knots...locally rough and confused seas...occasional lightning
strikes...and potentially blinding downpours.",,Straits of Florida from west end of Seven Mile Bridge to south of Halfmoon Shoal out 20 NM; Straits of Florida from Halfmoon Shoal to 20 NM west of Dry Tortugas out 20 NM; Gulf of Mexico from West End of Seven Mile Bridge to Halfmoon Shoal out to 5 Fathoms; Straits of Florida from west end of Seven Mile Bridge to south of Halfmoon Shoal 20 to 60 NM out; Gulf waters from East Cape Sable to Chokoloskee 20 to 60 NM out and beyond 5 fathoms; Gulf of Mexico including Dry Tortugas and Rebecca Shoal Channel; Straits of Florida from Halfmoon Shoal to 20 NM west of Dry Tortugas 20 to 60 NM out; Hawk Channel from west end of Seven Mile Bridge to Halfmoon Shoal out to the reef,2020-06-06,18:01:00,"the areas affected include... hawk channel and straits of florida from west end of seven mile bridge to 20 nm west of dry tortugas out 60 nm... gulf of mexico from west end of seven mile bridge to halfmoon shoal out to 5 fathoms... gulf of mexico including dry tortugas and rebecca shoal channel... gulf waters from east cape sable to chokoloskee 20 to 60 nm out and beyond 5 fathoms... at 159 pm edt, national weather service meteorologists detected a thunderstorm, capable of producing wind gusts near 35 knots. this thunderstorm was located 20 nm south of twenty-eight foot shoal light, moving north at 25 knots. locations include... twenty-eight foot shoal light and halfmoon shoal light. through 300 pm, prepare for thunderstorms with wind gusts near 35 knots...locally rough and confused seas...occasional lightning strikes...and potentially blinding downpours.",[],['159 pm edt'],['through 300 pm'],[],"['hawk channel and straits of florida', 'west end of seven mile bridge', 'gulf of mexico', 'west end of seven mile bridge', 'gulf of mexico', 'chokoloskee', 'twenty-eight foot shoal light', 'twenty-eight foot shoal light', 'halfmoon shoal light']","['35 knots', '25 knots', '35 knots']",[],[],[],[]
NWS-IDP-PROD-4253095-3584887,2020-06-04T17:13:00.000Z,Actual,Update,NWS Flagstaff AZ,Fire Weather Watch,['Prepare'],Future,Severe,Possible,Fire Weather Watch issued June 4 at 10:13AM MST until June 5 at 8:00PM MST by NWS Flagstaff AZ,"* AFFECTED AREA...Locations near Fredonia, Grand Canyon, Jacob
Lake, North Rim, Prescott, Prescott Valley, Seligman and
Valle. This includes portions of the Coconino National Forest,
Kaibab National Forest and Prescott National Forest.

* WINDS...South 15 to 25 mph with gusts up to 35 mph.

* RELATIVE HUMIDITY...As low as 13 percent.

* IMPACTS...The combination of strong gusty winds and low
relative humidity may create critical fire weather conditions.","A Fire Weather Watch means that critical fire weather conditions
are possible. Listen for later forecasts and possible red flag
warnings.

Please notify field crews of this fire weather watch.",Kaibab Plateau; Coconino Plateau; Grand Canyon Country; Yavapai County  Mountains,2020-06-04,17:13:00,"* affected area...locations near fredonia, grand canyon, jacob lake, north rim, prescott, prescott valley, seligman and valle. this includes portions of the coconino national forest, kaibab national forest and prescott national forest. * winds...south 15 to 25 mph with gusts up to 35 mph. * relative humidity...as low as 13 percent. * impacts...the combination of strong gusty winds and low relative humidity may create critical fire weather conditions.",[],[],[],[],"['fredonia', 'grand canyon', 'jacob lake', 'north rim', 'prescott', 'prescott', 'seligman', 'valle', 'kaibab national forest', 'prescott']","['15 to 25 mph', 'gusts up to 35 mph', 'as low as 13 percent']",[],"['may', 'can']",[],['impacts']
NWS-130404-693902-480565,2014-01-03T09:41:33.000Z,Actual,Alert,NWS Bismarck ND,Blizzard Warning,['Prepare'],Expected,Extreme,Likely,Blizzard Warning issued January 3 at 3:41AM CST expiring January 4 at 12:00PM CST by NWS Bismarck ND,".BLIZZARD CONDITIONS WILL DEVELOP ACROSS THE U.S. HIGHWAY 2 AND 85
CORRIDORS THIS AFTERNOON...AND ACROSS THE REMAINDER OF WESTERN AND
CENTRAL NORTH DAKOTA THIS EVENING. NORTHWEST WINDS TO 50 MPH
COMBINED WITH SNOW CURRENTLY ON THE GROUND AND ONE TO TWO INCHES
OF NEW SNOW WILL CAUSE NEAR ZERO VISIBILITIES. CONDITIONS WILL
IMPROVE SATURDAY AFTERNOON. 

TRAVEL WILL BE EXTREMELY HAZARDOUS...IF NOT IMPOSSIBLE. IF YOU
ABSOLUTELY MUST TRAVEL...TAKE A WINTER SURVIVAL KIT...INFORM
OTHERS OF YOUR TRAVEL PLANS...AND BE READY FOR THE CHALLENGES YOU
COULD FACE IF STRANDED. DRESS FOR THE OUTSIDE WEATHER...NOT THE
INSIDE CAR TEMPERATURE.

FOLLOWING THE BLIZZARD...LOW TEMPERATURES TO 30 BELOW WITH WIND
CHILLS TO 60 BELOW ZERO ARE POSSIBLE SATURDAY NIGHT THROUGH
TUESDAY MORNING.THE NATIONAL WEATHER SERVICE IN BISMARCK HAS ISSUED A BLIZZARD
WARNING...WHICH IS IN EFFECT FROM 6 PM CST /5 PM MST/ THIS
EVENING TO NOON CST /11 AM MST/ SATURDAY. 

* TIMING...THIS EVENING INTO SATURDAY MORNING.

* WINDS/VISIBILITY...GUSTS TO 50 MPH WITH NEAR ZERO VISIBILITIES IN
  BLOWING SNOW.

* SNOW ACCUMULATIONS...LESS THAN ONE INCH.

* IMPACTS...TRAVEL WILL BE EXTREMELY HAZARDOUS...IF NOT
  IMPOSSIBLE.

* WIND CHILLS...TO 60 BELOW ZERO SATURDAY NIGHT THROUGH TUESDAY
  MORNING.","A BLIZZARD WARNING MEANS SEVERE WINTER WEATHER CONDITIONS ARE
EXPECTED OR OCCURRING. SNOW...AND OR BLOWING SNOW...COUPLED WITH
STRONG WINDS...WILL RESULT IN EXTREMELY POOR VISIBILITIES. THIS
WILL LEAD TO WHITEOUT CONDITIONS...MAKING TRAVEL EXTREMELY
DANGEROUS. IF YOU ABSOLUTELY MUST TRAVEL...HAVE A WINTER SURVIVAL
KIT WITH YOU. IF YOU GET STRANDED...STAY WITH YOUR VEHICLE.

",Morton; Sioux; Sheridan; LaMoure; Kidder; Grant; McIntosh; Dickey; Foster; Burleigh; Emmons; Logan; Oliver; Stutsman; Wells,2014-01-03,09:41:33,.blizzard conditions will develop across the u.s. highway 2 and 85 corridors this afternoon...and across the remainder of western and central north dakota this evening. northwest winds to 50 mph combined with snow currently on the ground and one to two inches of new snow will cause near zero visibilities. conditions will improve saturday afternoon. travel will be extremely hazardous...if not impossible. if you absolutely must travel...take a winter survival kit...inform others of your travel plans...and be ready for the challenges you could face if stranded. dress for the outside weather...not the inside car temperature. following the blizzard...low temperatures to 30 below with wind chills to 60 below zero are possible saturday night through tuesday morning.the national weather service in bismarck has issued a blizzard warning...which is in effect from 6 pm cst /5 pm mst/ this evening to noon cst /11 am mst/ saturday. * timing...this evening into saturday morning. * winds/visibility...gusts to 50 mph with near zero visibilities in blowing snow. * snow accumulations...less than one inch. * impacts...travel will be extremely hazardous...if not impossible. * wind chills...to 60 below zero saturday night through tuesday morning.,['blizzard warning'],"['this afternoon', 'this evening', 'saturday afternoon', 'saturday night through tuesday morning', 'this evening', 'this evening', 'saturday morning', 'saturday night through tuesday   morning']",[],[],"['u.s. highway 2 and 85 corridors', 'western and central north dakota', 'bismarck']","['near zero visibilities', 'wind chills to 60 below zero', 'gusts to 50 mph', 'near zero visibilities']",['less than one inch'],"['could', 'possible', 'read', 'will', 'must']","['take a winter survival kit', 'inform others of your travel plans']","['if not impossible', 'impacts', 'travel will be extremely hazardous', 'if not   impossible']"
NWS-IDP-PROD-4263967-3592352,2020-06-08T21:09:00.000Z,Actual,Update,NWS Little Rock AR,Flash Flood Warning,['Avoid'],Immediate,Severe,Likely,Flash Flood Warning issued June 8 at 4:09PM CDT until June 8 at 4:30PM CDT by NWS Little Rock AR,"At 407 PM CDT, Doppler radar and automated rain gauges indicated
thunderstorms producing heavy rain across the warned area. Between 2
and 3 inches of rain have fallen. Flash flooding is ongoing or
expected to begin shortly.

HAZARD...Flash flooding caused by thunderstorms.

SOURCE...Doppler radar and automated gauges.

IMPACT...Flooding of small creeks and streams, urban areas,
highways, streets and underpasses as well as other
drainage and low lying areas.

Some locations that will experience flash flooding include...
Pine Bluff, Sheridan, White Hall, Redfield, Altheimer, Pine Bluff
Arsenal, Warbritton, Hensley Island, Lamont, Orion, Cottondale,
Cane Creek, Madding, Linwood, Sulphur Springs, Sherrill, Ain,
Hardin, Dexter and Samples.

This includes the following streams and drainages...
Carver Mill Creek, Graves Creek, Red Fork, Choctaw Bayou, Clegg
Creek, Dyson Creek, Tulley Creek, Simpson Creek, Hurricane Creek,
Tollman Branch, Johnson Creek, Hubbard Creek, Gamble Creek, Duck
Creek, Case Creek, Boggy Bayou, Cousart Bayou, Cane Creek, White Oak
Creek, Running Branch, Clear Creek, Camp Creek, Campbell Bayou, Love
Creek, Chapel Creek, Little Derrieusseaux Creek, Wabbaseka Bayou,
Saline River, Town Branch, Hudgens Creek, Brushy Creek, Dale Creek,
Harris Bayou, Rosin Branch, Deep Bayou, Caney Creek, Hudson Creek,
Beard Branch, Caney Bayou, Bear Creek, Big Creek, Logan Creek, Price
Branch, Bayou Bartholomew, Arnold Creek, East Fork Derrieusseaux
Creek, Sandy Bayou, Dry Lost Creek, Tenmile Creek, Jay Creek, Davis
Bayou, Jacks Bayou, Mill Creek, Indian Bayou, Black Bayou, Kelly
Branch, Big Brushy Creek, Plum Bayou, Caple Creek, Flat Creek, West
Branch Flat Creek, Barnes Creek, Waterloo Bayou, Cypress Creek,
Arkansas River, Nevins Creek, Flat Bayou, Derrieusseaux Creek and
Eastwood Bayou.","Please report flooding to your local law enforcement agency when you
can do so safely.","Grant, AR; Jefferson, AR",2020-06-08,21:09:00,"at 407 pm cdt, doppler radar and automated rain gauges indicated thunderstorms producing heavy rain across the warned area. between 2 and 3 inches of rain have fallen. flash flooding is ongoing or expected to begin shortly. hazard...flash flooding caused by thunderstorms. source...doppler radar and automated gauges. impact...flooding of small creeks and streams, urban areas, highways, streets and underpasses as well as other drainage and low lying areas. some locations that will experience flash flooding include... pine bluff, sheridan, white hall, redfield, altheimer, pine bluff arsenal, warbritton, hensley island, lamont, orion, cottondale, cane creek, madding, linwood, sulphur springs, sherrill, ain, hardin, dexter and samples. this includes the following streams and drainages... carver mill creek, graves creek, red fork, choctaw bayou, clegg creek, dyson creek, tulley creek, simpson creek, hurricane creek, tollman branch, johnson creek, hubbard creek, gamble creek, duck creek, case creek, boggy bayou, cousart bayou, cane creek, white oak creek, running branch, clear creek, camp creek, campbell bayou, love creek, chapel creek, little derrieusseaux creek, wabbaseka bayou, saline river, town branch, hudgens creek, brushy creek, dale creek, harris bayou, rosin branch, deep bayou, caney creek, hudson creek, beard branch, caney bayou, bear creek, big creek, logan creek, price branch, bayou bartholomew, arnold creek, east fork derrieusseaux creek, sandy bayou, dry lost creek, tenmile creek, jay creek, davis bayou, jacks bayou, mill creek, indian bayou, black bayou, kelly branch, big brushy creek, plum bayou, caple creek, flat creek, west branch flat creek, barnes creek, waterloo bayou, cypress creek, arkansas river, nevins creek, flat bayou, derrieusseaux creek and eastwood bayou.",[],['407 pm cdt'],[],[],"['urban areas', 'highways', 'streets and underpasses', 'pine bluff', 'sheridan', 'white hall', 'redfield', 'altheimer', 'pine bluff', 'warbritton', 'hensley island', 'lamont', 'orion', 'cottondale', 'cane creek', 'madding', 'linwood', 'sulphur springs', 'sherrill', 'ain', 'hardin', 'dexter', 'samples', 'carver mill creek', 'graves creek', 'red fork', 'choctaw bayou', 'clegg creek', 'dyson creek', 'tulley creek', 'hurricane creek', 'cane creek', 'camp creek', 'little derrieusseaux creek', 'brushy creek', 'caney creek', 'flat creek']",[],[],"['expect', 'some', 'little', 'can', 'indicate', 'will', 'clear']",[],[]
NWS-IDP-PROD-4258564-3588468,2020-06-06T19:12:00.000Z,Actual,Alert,NWS Wilmington NC,Coastal Flood Advisory,['Monitor'],Expected,Minor,Likely,Coastal Flood Advisory issued June 6 at 3:12PM EDT until June 7 at 2:00AM EDT by NWS Wilmington NC,"* WHAT...Up to one foot of inundation above ground level
expected in low-lying areas near shorelines and tidal
waterways.

* WHERE...The lower Cape Fear River including downtown
Wilmington.

* WHEN...From 9 PM this evening to 2 AM EDT Sunday.

* IMPACTS...Water six to 12 inches deep could collect on the
lowest parts of Battleship Road and USS North Carolina Road.
Water will begin to spread on to River Road about a quarter mile
south of The Cape Boulevard. In downtown Wilmington, water will
cover more than a block of Water Street near Market Street with
three to six inches of water just south of Market Street.","Do not drive around barricades or through water of unknown depth.
Take the necessary actions to protect flood-prone property.",Inland New Hanover,2020-06-06,19:12:00,"* what...up to one foot of inundation above ground level expected in low-lying areas near shorelines and tidal waterways. * where...the lower cape fear river including downtown wilmington. * when...from 9 pm this evening to 2 am edt sunday. * impacts...water six to 12 inches deep could collect on the lowest parts of battleship road and uss north carolina road. water will begin to spread on to river road about a quarter mile south of the cape boulevard. in downtown wilmington, water will cover more than a block of water street near market street with three to six inches of water just south of market street.",[],"['9 pm this evening', '2 am edt sunday']",[],[],"['low-lying areas near shorelines and tidal waterways', 'the lower cape fear river', 'downtown wilmington', 'about a quarter mile south of the cape boulevard', 'downtown wilmington', 'near market street', 'just south of market street']",[],"['up to one foot of inundation above ground level', 'water six to 12 inches deep']","['expect', 'could', 'read', 'about', 'will']",[],['impacts']
NWS-IDP-PROD-4264837-3592989,2020-06-09T06:52:00.000Z,Actual,Alert,NWS Detroit/Pontiac MI,Small Craft Advisory,['Avoid'],Expected,Minor,Likely,Small Craft Advisory issued June 9 at 2:52AM EDT until June 10 at 11:00PM EDT by NWS Detroit/Pontiac MI,"* WHAT...Expect sustained winds up to 19 knots from the south
with gusts up to 31 knots. The largest significant waves will
be 3 feet with a potential maximum wave height of 4 feet.

* WHERE...In Lake St Clair, Lake St Clair. In Lake Erie,
Michigan Waters of Lake Erie from Detroit River to North Cape
MI.

* WHEN...The maximum winds are expected around 7 PM EDT
Wednesday with the largest waves expected around 7 AM EDT
Wednesday.

* IMPACTS...Conditions will be hazardous to small craft.","Inexperienced mariners, especially those operating smaller
vessels, should avoid navigating in hazardous conditions.",Lake St. Clair Open Lake (U.S. Portion); Michigan Waters of Lake Erie from Detroit River to North Cape MI,2020-06-09,06:52:00,"* what...expect sustained winds up to 19 knots from the south with gusts up to 31 knots. the largest significant waves will be 3 feet with a potential maximum wave height of 4 feet. * where...in lake st clair, lake st clair. in lake erie, michigan waters of lake erie from detroit river to north cape mi. * when...the maximum winds are expected around 7 pm edt wednesday with the largest waves expected around 7 am edt wednesday. * impacts...conditions will be hazardous to small craft.",[],"['around 7 pm edt wednesday', 'around 7 am edt wednesday']",[],[],"['lake st clair', 'lake st clair', 'lake erie', 'michigan', 'lake erie', 'detroit river', 'north cape mi']","['up to 19 knots', 'up to 31 knots']","['3 feet', '4 feet']","['expect', 'around', 'can', 'will']",[],"['impacts', 'conditions will be hazardous to small craft']"
NWS-130404-688586-476159,2013-12-31T09:34:27.000Z,Actual,Update,NWS Twin Cities/Chanhassen MN,Wind Chill Advisory,['Prepare'],Expected,Moderate,Likely,Wind Chill Advisory issued December 31 at 3:34AM CST expiring December 31 at 12:00PM CST by NWS Twin Cities/Chanhassen MN,".A REINFORCING SURGE OF ARCTIC AIR WILL COVER THE REGION THIS
MORNING. NORTHWEST WINDS COMBINED WITH CONTINUED COLD TEMPERATURES
WILL PRODUCE WIND CHILL VALUES OF 25 BELOW TO 35 BELOW ZERO AT
TIMES THIS MORNING. MUCH OF CENTRAL MINNESOTA INTO WEST CENTRAL
WISCONSIN IS UNDER A WIND CHILL ADVISORY OR WARNING THROUGH NOON.

ALONG WITH THE COLD AIR...SNOW IS EXPECTED TO DEVELOP ACROSS SOUTH
CENTRAL MINNESOTA THIS MORNING...GENERATING A 2 TO 3 INCH
ACCUMULATION...MAINLY ALONG THE INTERSTATE 90 CORRIDOR. THE SNOW
SHOULD BEGIN AFTER 7 AM...CONTINUE THROUGH THE DAY...AND END
AROUND 7 PM. BOTH THE LATE MORNING AND EVENING COMMUTE WILL BE
IMPACTED.  A WINTER WEATHER ADVISORY IS IN EFFECT FOR THIS PORTION
OF SOUTH CENTRAL MINNESOTA TODAY.A WIND CHILL ADVISORY REMAINS IN EFFECT UNTIL NOON CST TODAY. 

* WIND CHILL VALUES: AS LOW AS 25 BELOW ZERO.","A WIND CHILL ADVISORY MEANS THAT VERY COLD AIR AND STRONG WINDS
WILL COMBINE TO GENERATE LOW WIND CHILLS. THIS WILL RESULT IN
FROST BITE AND LEAD TO HYPOTHERMIA IF PRECAUTIONS ARE NOT TAKEN.
IF YOU MUST VENTURE OUTDOORS...MAKE SURE YOU WEAR A HAT AND
GLOVES.

",Nicollet; Renville; Wright; Stevens; Steele; Rice; Ramsey; Isanti; Kandiyohi; McLeod; Meeker; Pope; Anoka; Benton; Carver; Chippewa; Chisago; Dakota; Goodhue; Hennepin; Le Sueur; Scott; Sherburne; Sibley; Swift; Stearns; Washington; Polk; Pierce; Chippewa; Dunn; Eau Claire; Barron; Pepin; St. Croix; Rusk,2013-12-31,09:34:27,.a reinforcing surge of arctic air will cover the region this morning. northwest winds combined with continued cold temperatures will produce wind chill values of 25 below to 35 below zero at times this morning. much of central minnesota into west central wisconsin is under a wind chill advisory or warning through noon. along with the cold air...snow is expected to develop across south central minnesota this morning...generating a 2 to 3 inch accumulation...mainly along the interstate 90 corridor. the snow should begin after 7 am...continue through the day...and end around 7 pm. both the late morning and evening commute will be impacted. a winter weather advisory is in effect for this portion of south central minnesota today.a wind chill advisory remains in effect until noon cst today. * wind chill values: as low as 25 below zero.,"['wind chill advisory or warning', 'winter weather advisory', 'wind chill advisory']","['noon', 'noon']",[],[],"['much of central minnesota', 'west central wisconsin', 'south central minnesota', 'interstate 90 corridor', 'south central minnesota']",[],[],"['expect', 'should', 'much', 'around', 'mainly', 'will']",[],[]
NWS-IDP-PROD-4264177-3592484,2020-06-09T00:02:00.000Z,Actual,Update,NWS North Platte NE,Tornado Warning,['Shelter'],Immediate,Extreme,Observed,Tornado Warning issued June 8 at 7:02PM CDT until June 8 at 7:45PM CDT by NWS North Platte NE,"At 702 PM CDT, a severe thunderstorm capable of producing a tornado
was located 9 miles northeast of Arnold, or 21 miles east of
Stapleton, moving northeast at 15 mph.

HAZARD...Tornado and golf ball size hail.

SOURCE...Radar indicated rotation.

IMPACT...Flying debris will be dangerous to those caught without
shelter. Mobile homes will be damaged or destroyed. Damage
to roofs, windows, and vehicles will occur.  Tree damage is
likely.

This dangerous storm will be near...
Anselmo around 750 PM CDT.

Other locations impacted by this tornadic thunderstorm include
Milburn Diversion Dam State Wildlife Management Area, Linscott and
Pleasant Hill.

This includes the following highways...
Highway 2 between mile markers 234 and 260.
Highway 92 between mile markers 252 and 266.","TAKE COVER NOW! Move to a basement or an interior room on the lowest
floor of a sturdy building. Avoid windows. If you are outdoors, in a
mobile home, or in a vehicle, move to the closest substantial shelter
and protect yourself from flying debris.","Blaine, NE; Custer, NE",2020-06-09,00:02:00,"at 702 pm cdt, a severe thunderstorm capable of producing a tornado was located 9 miles northeast of arnold, or 21 miles east of stapleton, moving northeast at 15 mph. hazard...tornado and golf ball size hail. source...radar indicated rotation. impact...flying debris will be dangerous to those caught without shelter. mobile homes will be damaged or destroyed. damage to roofs, windows, and vehicles will occur. tree damage is likely. this dangerous storm will be near... anselmo around 750 pm cdt. other locations impacted by this tornadic thunderstorm include milburn diversion dam state wildlife management area, linscott and pleasant hill. this includes the following highways... highway 2 between mile markers 234 and 260. highway 92 between mile markers 252 and 266.",[],"['702 pm cdt', '750 pm cdt']",[],[],"['arnold', 'stapleton', 'anselmo', 'milburn diversion dam state wildlife management area', 'linscott', 'pleasant hill', 'highway 2', 'highway 92 between mile markers 252 and 266']",[],[],"['like', 'likely', 'around', 'indicate', 'will']",[],"['flying debris will be dangerous to those caught without shelter', 'mobile homes will be damaged or destroyed', 'damage to roofs, windows, and vehicles', 'tree damage is likely']"
NWS-IDP-PROD-4258014-3588097,2020-06-06T14:59:00.000Z,Actual,Update,NWS New Orleans LA,Storm Surge Warning,['Avoid'],Expected,Extreme,Likely,Storm Surge Warning issued June 6 at 9:59AM CDT by NWS New Orleans LA,"* LOCATIONS AFFECTED
- New Orleans
- Lakefront Airport
- Lake Catherine

* WIND
- LATEST LOCAL FORECAST: Equivalent Tropical Storm force wind
- Peak Wind Forecast: 35-45 mph with gusts to 65 mph
- Window for Tropical Storm force winds: Sunday morning until
early Monday morning

- THREAT TO LIFE AND PROPERTY THAT INCLUDES TYPICAL FORECAST
UNCERTAINTY IN TRACK, SIZE AND INTENSITY: Potential for wind 58
to 73 mph
- The wind threat has increased from the previous assessment.
- PLAN: Plan for dangerous wind of equivalent strong tropical
storm force.
- PREPARE: Remaining efforts to protect life and property
should be completed as soon as possible. Prepare for
significant wind damage.
- ACT: Move to safe shelter before the wind becomes hazardous.

- POTENTIAL IMPACTS: Significant
- Some damage to roofing and siding materials, along with
damage to porches, awnings, carports, and sheds. A few
buildings experiencing window, door, and garage door
failures. Mobile homes damaged, especially if unanchored.
Unsecured lightweight objects become dangerous projectiles.
- Several large trees snapped or uprooted, but with greater
numbers in places where trees are shallow rooted. Several
fences and roadway signs blown over.
- Some roads impassable from large debris, and more within
urban or heavily wooded places. A few bridges, causeways,
and access routes impassable.
- Scattered power and communications outages, but more
prevalent in areas with above ground lines.

* STORM SURGE
- LATEST LOCAL FORECAST: Life-threatening storm surge possible
- Peak Storm Surge Inundation: The potential for 3-5 feet
above ground somewhere within surge prone areas
- Window of concern: Around high tide

- THREAT TO LIFE AND PROPERTY THAT INCLUDES TYPICAL FORECAST
UNCERTAINTY IN TRACK, SIZE AND INTENSITY: Potential for storm
surge flooding greater than 3 feet above ground
- The storm surge threat has remained nearly steady from the
previous assessment.
- PLAN: Plan for life-threatening storm surge flooding of
greater than 3 feet above ground.
- PREPARE: Storm surge flooding preparations should be
underway. Assemble disaster supplies and know your
evacuation route.
- ACT: Leave if evacuation orders are given for your area.
Failure to heed evacuation orders may result in the loss of
your life.

- POTENTIAL IMPACTS: Significant
- Areas of inundation from storm surge flooding. Damage to
several buildings, mainly near the coast.
- Sections of near-shore escape routes and secondary roads
become weakened or washed out, especially in usually
vulnerable low spots. 3 to 6 feet of inundation is possible
outdide the hurricane protection levee on the east bank
near Lake Catherine and Lakefront Airport. No inundation
expected inside the hurricane protection levees on the east
bank and on the parish levee on the west bank.
- Major shoreline erosion with heavy surf. Strong and
numerous rip currents.
- Moderate damage to marinas, docks, boardwalks, and piers.
Several small craft broken away from moorings, especially
in unprotected anchorages.

* FLOODING RAIN
- LATEST LOCAL FORECAST: Flood Watch is in effect
- Peak Rainfall Amounts: Additional 4-8 inches, with locally
higher amounts

- THREAT TO LIFE AND PROPERTY THAT INCLUDES TYPICAL FORECAST
UNCERTAINTY IN TRACK, SIZE AND INTENSITY: Potential for major
flooding rain
- The flooding rain threat has remained nearly steady from
the previous assessment.
- PLAN: Emergency plans should include the potential for
major flooding from heavy rain. Evacuations and rescues are
likely.
- PREPARE: Strongly consider protective actions, especially
if you are in an area vulnerable to flooding.
- ACT: Heed any flood watches and warnings. Failure to take
action will likely result in serious injury or loss of life.

- POTENTIAL IMPACTS: Extensive
- Major rainfall flooding may prompt many evacuations and
rescues.
- Rivers and tributaries may rapidly overflow their banks in
multiple places. Small streams, creeks, canals, bayous, and
ditches may become dangerous rivers. Flood control systems
and barriers may become stressed.
- Flood waters can enter many structures within multiple
communities, some structures becoming uninhabitable or
washed away. Many places where flood waters may cover
escape routes. Streets and parking lots become rivers of
moving water with underpasses submerged. Driving conditions
become dangerous. Many road and bridge closures with some
weakened or washed out.

* TORNADO
- LATEST LOCAL FORECAST:
- Situation is somewhat favorable for tornadoes

- THREAT TO LIFE AND PROPERTY THAT INCLUDES TYPICAL FORECAST
UNCERTAINTY IN TRACK, SIZE AND INTENSITY: Potential for a few
tornadoes
- The tornado threat has remained nearly steady from the
previous assessment.
- PLAN: Emergency plans should include the potential for a
few tornadoes.
- PREPARE: If your shelter is particularly vulnerable to
tornadoes, prepare to relocate to safe shelter before
hazardous weather arrives.
- ACT: If a tornado warning is issued, be ready to shelter
quickly.

- POTENTIAL IMPACTS: Limited
- The occurrence of isolated tornadoes can hinder the
execution of emergency plans during tropical events.
- A few places may experience tornado damage, along with
power and communications disruptions.
- Locations could realize roofs peeled off buildings,
chimneys toppled, mobile homes pushed off foundations or
overturned, large tree tops and branches snapped off,
shallow-rooted trees knocked over, moving vehicles blown
off roads, and small boats pulled from moorings.

* FOR MORE INFORMATION:
- http://www.slfpae.com/closures.aspx
- http://homeport.uscg.mil
- http://emergency.louisiana.gov",,Orleans,2020-06-06,14:59:00,"* locations affected - new orleans - lakefront airport - lake catherine * wind - latest local forecast: equivalent tropical storm force wind - peak wind forecast: 35-45 mph with gusts to 65 mph - window for tropical storm force winds: sunday morning until early monday morning - threat to life and property that includes typical forecast uncertainty in track, size and intensity: potential for wind 58 to 73 mph - the wind threat has increased from the previous assessment. - plan: plan for dangerous wind of equivalent strong tropical storm force. - prepare: remaining efforts to protect life and property should be completed as soon as possible. prepare for significant wind damage. - act: move to safe shelter before the wind becomes hazardous. - potential impacts: significant - some damage to roofing and siding materials, along with damage to porches, awnings, carports, and sheds. a few buildings experiencing window, door, and garage door failures. mobile homes damaged, especially if unanchored. unsecured lightweight objects become dangerous projectiles. - several large trees snapped or uprooted, but with greater numbers in places where trees are shallow rooted. several fences and roadway signs blown over. - some roads impassable from large debris, and more within urban or heavily wooded places. a few bridges, causeways, and access routes impassable. - scattered power and communications outages, but more prevalent in areas with above ground lines. * storm surge - latest local forecast: life-threatening storm surge possible - peak storm surge inundation: the potential for 3-5 feet above ground somewhere within surge prone areas - window of concern: around high tide - threat to life and property that includes typical forecast uncertainty in track, size and intensity: potential for storm surge flooding greater than 3 feet above ground - the storm surge threat has remained nearly steady from the previous assessment. - plan: plan for life-threatening storm surge flooding of greater than 3 feet above ground. - prepare: storm surge flooding preparations should be underway. assemble disaster supplies and know your evacuation route. - act: leave if evacuation orders are given for your area. failure to heed evacuation orders may result in the loss of your life. - potential impacts: significant - areas of inundation from storm surge flooding. damage to several buildings, mainly near the coast. - sections of near-shore escape routes and secondary roads become weakened or washed out, especially in usually vulnerable low spots. 3 to 6 feet of inundation is possible outdide the hurricane protection levee on the east bank near lake catherine and lakefront airport. no inundation expected inside the hurricane protection levees on the east bank and on the parish levee on the west bank. - major shoreline erosion with heavy surf. strong and numerous rip currents. - moderate damage to marinas, docks, boardwalks, and piers. several small craft broken away from moorings, especially in unprotected anchorages. * flooding rain - latest local forecast: flood watch is in effect - peak rainfall amounts: additional 4-8 inches, with locally higher amounts - threat to life and property that includes typical forecast uncertainty in track, size and intensity: potential for major flooding rain - the flooding rain threat has remained nearly steady from the previous assessment. - plan: emergency plans should include the potential for major flooding from heavy rain. evacuations and rescues are likely. - prepare: strongly consider protective actions, especially if you are in an area vulnerable to flooding. - act: heed any flood watches and warnings. failure to take action will likely result in serious injury or loss of life. - potential impacts: extensive - major rainfall flooding may prompt many evacuations and rescues. - rivers and tributaries may rapidly overflow their banks in multiple places. small streams, creeks, canals, bayous, and ditches may become dangerous rivers. flood control systems and barriers may become stressed. - flood waters can enter many structures within multiple communities, some structures becoming uninhabitable or washed away. many places where flood waters may cover escape routes. streets and parking lots become rivers of moving water with underpasses submerged. driving conditions become dangerous. many road and bridge closures with some weakened or washed out. * tornado - latest local forecast: - situation is somewhat favorable for tornadoes - threat to life and property that includes typical forecast uncertainty in track, size and intensity: potential for a few tornadoes - the tornado threat has remained nearly steady from the previous assessment. - plan: emergency plans should include the potential for a few tornadoes. - prepare: if your shelter is particularly vulnerable to tornadoes, prepare to relocate to safe shelter before hazardous weather arrives. - act: if a tornado warning is issued, be ready to shelter quickly. - potential impacts: limited - the occurrence of isolated tornadoes can hinder the execution of emergency plans during tropical events. - a few places may experience tornado damage, along with power and communications disruptions. - locations could realize roofs peeled off buildings, chimneys toppled, mobile homes pushed off foundations or overturned, large tree tops and branches snapped off, shallow-rooted trees knocked over, moving vehicles blown off roads, and small boats pulled from moorings. * for more information: - http://www.slfpae.com/closures.aspx - http://homeport.uscg.mil - http://emergency.louisiana.gov",[],"['sunday morning', 'early monday morning']",[],[],"['new orleans', 'lakefront airport', 'lake catherine', 'somewhere within surge prone areas']","['35-45 mph', 'equivalent strong tropical storm force']",[],"['expect', 'usually', 'several', 'some', 'somewhat', 'like', 'somewhere', 'consider', 'found', 'may', 'could', 'should', 'likely', 'possible', 'read', 'few', 'around', 'can', 'mainly', 'will', 'certain', 'many']","['prepare for significant wind damage', 'move to safe shelter before the wind becomes hazardous', 'assemble disaster supplies and know your evacuation route']","['a few buildings experiencing window, door, and garage door failures', 'unsecured lightweight objects become dangerous projectiles', 'several large trees snapped or uprooted', 'several fences and roadway signs blown over', 'scattered power and communications outages']"
NWS-IDP-PROD-4257461,2020-06-06T06:59:00.000Z,Actual,Alert,NWS Key West FL,Marine Weather Statement,['Monitor'],Expected,Minor,Observed,Marine Weather Statement issued June 6 at 2:59AM EDT by NWS Key West FL,"The areas affected include...
Gulf Waters from East Cape Sable to Chokoloskee 20 to 60 nm out and
beyond 5 fathoms...

At 255 AM EDT, National Weather Service meteorologists detected a
line of showers, capable of producing wind gusts near 30 knots.
These showers were located in an area extending from 30 miles north
of Cosgrove Shoal Light to near the L Tower, moving northwest at 25
knots.

Locations include...
L Tower.

Prepare for squalls with wind gusts near 30 knots...locally rough
and confused seas...and potentially blinding downpours.",,Gulf waters from East Cape Sable to Chokoloskee 20 to 60 NM out and beyond 5 fathoms,2020-06-06,06:59:00,"the areas affected include... gulf waters from east cape sable to chokoloskee 20 to 60 nm out and beyond 5 fathoms... at 255 am edt, national weather service meteorologists detected a line of showers, capable of producing wind gusts near 30 knots. these showers were located in an area extending from 30 miles north of cosgrove shoal light to near the l tower, moving northwest at 25 knots. locations include... l tower. prepare for squalls with wind gusts near 30 knots...locally rough and confused seas...and potentially blinding downpours.",[],['255 am edt'],[],[],"['gulf waters', 'east cape sable', 'chokoloskee', 'l tower', 'l tower']","['30 knots', '25 knots', '30 knots']",[],['tend'],['prepare for squalls'],[]
NWS-IDP-PROD-4258024-3588110,2020-06-06T14:59:00.000Z,Actual,Update,NWS New Orleans LA,Storm Surge Warning,['Avoid'],Expected,Extreme,Likely,Storm Surge Warning issued June 6 at 9:59AM CDT by NWS New Orleans LA,"* LOCATIONS AFFECTED
- Port Sulphur
- Empire
- Venice

* WIND
- LATEST LOCAL FORECAST: Equivalent Tropical Storm force wind
- Peak Wind Forecast: 35-45 mph with gusts to 65 mph
- Window for Tropical Storm force winds: Sunday morning until
early Monday morning

- THREAT TO LIFE AND PROPERTY THAT INCLUDES TYPICAL FORECAST
UNCERTAINTY IN TRACK, SIZE AND INTENSITY: Potential for wind 58
to 73 mph
- The wind threat has increased from the previous assessment.
- PLAN: Plan for dangerous wind of equivalent strong tropical
storm force.
- PREPARE: Remaining efforts to protect life and property
should be completed as soon as possible. Prepare for
significant wind damage.
- ACT: Move to safe shelter before the wind becomes hazardous.

- POTENTIAL IMPACTS: Significant
- Some damage to roofing and siding materials, along with
damage to porches, awnings, carports, and sheds. A few
buildings experiencing window, door, and garage door
failures. Mobile homes damaged, especially if unanchored.
Unsecured lightweight objects become dangerous projectiles.
- Several large trees snapped or uprooted, but with greater
numbers in places where trees are shallow rooted. Several
fences and roadway signs blown over.
- Some roads impassable from large debris, and more within
urban or heavily wooded places. A few bridges, causeways,
and access routes impassable.
- Scattered power and communications outages, but more
prevalent in areas with above ground lines.

* STORM SURGE
- LATEST LOCAL FORECAST: Life-threatening storm surge possible
- Peak Storm Surge Inundation: The potential for 3-5 feet
above ground somewhere within surge prone areas
- Window of concern: early Sunday morning until Monday evening

- THREAT TO LIFE AND PROPERTY THAT INCLUDES TYPICAL FORECAST
UNCERTAINTY IN TRACK, SIZE AND INTENSITY: Potential for storm
surge flooding greater than 3 feet above ground
- The storm surge threat has remained nearly steady from the
previous assessment.
- PLAN: Plan for life-threatening storm surge flooding of
greater than 3 feet above ground.
- PREPARE: Evacuation efforts and flood preparations should
soon be brought to completion before conditions become
unsafe.
- ACT: Leave immediately if evacuation orders are given for
your area to avoid being cut off from emergency services or
needlessly risk lives.

- POTENTIAL IMPACTS: Significant
- Areas of inundation from storm surge flooding. Damage to
several buildings, mainly near the coast.
- Sections of near-shore escape routes and secondary roads
become weakened or washed out, especially in usually
vulnerable low spots.
- Major shoreline erosion with heavy surf. Strong and
numerous rip currents.
- Moderate damage to marinas, docks, boardwalks, and piers.
Several small craft broken away from moorings, especially
in unprotected anchorages.

* FLOODING RAIN
- LATEST LOCAL FORECAST: Flood Watch is in effect
- Peak Rainfall Amounts: Additional 3-6 inches, with locally
higher amounts

- THREAT TO LIFE AND PROPERTY THAT INCLUDES TYPICAL FORECAST
UNCERTAINTY IN TRACK, SIZE AND INTENSITY: Potential for
moderate flooding rain
- The flooding rain threat has remained nearly steady from
the previous assessment.
- PLAN: Emergency plans should include the potential for
moderate flooding from heavy rain. Evacuations and rescues
are possible.
- PREPARE: Consider protective actions if you are in an area
vulnerable to flooding.
- ACT: Heed any flood watches and warnings. Failure to take
action may result in serious injury or loss of life.

- POTENTIAL IMPACTS: Significant
- Moderate rainfall flooding may prompt several evacuations
and rescues.
- Rivers and tributaries may quickly become swollen with
swifter currents and overspill their banks in a few places,
especially in usually vulnerable spots. Small streams,
creeks, canals, bayous, and ditches overflow.
- Flood waters can enter some structures or weaken
foundations. Several places may experience expanded areas
of rapid inundation at underpasses, low-lying spots, and
poor drainage areas. Some streets and parking lots take on
moving water as storm drains and retention ponds overflow.
Driving conditions become hazardous. Some road and bridge
closures.

* TORNADO
- LATEST LOCAL FORECAST:
- Situation is somewhat favorable for tornadoes

- THREAT TO LIFE AND PROPERTY THAT INCLUDES TYPICAL FORECAST
UNCERTAINTY IN TRACK, SIZE AND INTENSITY: Potential for a few
tornadoes
- The tornado threat has remained nearly steady from the
previous assessment.
- PLAN: Emergency plans should include the potential for a
few tornadoes.
- PREPARE: If your shelter is particularly vulnerable to
tornadoes, prepare to relocate to safe shelter before
hazardous weather arrives.
- ACT: If a tornado warning is issued, be ready to shelter
quickly.

- POTENTIAL IMPACTS: Limited
- The occurrence of isolated tornadoes can hinder the
execution of emergency plans during tropical events.
- A few places may experience tornado damage, along with
power and communications disruptions.
- Locations could realize roofs peeled off buildings,
chimneys toppled, mobile homes pushed off foundations or
overturned, large tree tops and branches snapped off,
shallow-rooted trees knocked over, moving vehicles blown
off roads, and small boats pulled from moorings.

* FOR MORE INFORMATION:
-  http://emergency.louisiana.gov",,Lower Plaquemines,2020-06-06,14:59:00,"* locations affected - port sulphur - empire - venice * wind - latest local forecast: equivalent tropical storm force wind - peak wind forecast: 35-45 mph with gusts to 65 mph - window for tropical storm force winds: sunday morning until early monday morning - threat to life and property that includes typical forecast uncertainty in track, size and intensity: potential for wind 58 to 73 mph - the wind threat has increased from the previous assessment. - plan: plan for dangerous wind of equivalent strong tropical storm force. - prepare: remaining efforts to protect life and property should be completed as soon as possible. prepare for significant wind damage. - act: move to safe shelter before the wind becomes hazardous. - potential impacts: significant - some damage to roofing and siding materials, along with damage to porches, awnings, carports, and sheds. a few buildings experiencing window, door, and garage door failures. mobile homes damaged, especially if unanchored. unsecured lightweight objects become dangerous projectiles. - several large trees snapped or uprooted, but with greater numbers in places where trees are shallow rooted. several fences and roadway signs blown over. - some roads impassable from large debris, and more within urban or heavily wooded places. a few bridges, causeways, and access routes impassable. - scattered power and communications outages, but more prevalent in areas with above ground lines. * storm surge - latest local forecast: life-threatening storm surge possible - peak storm surge inundation: the potential for 3-5 feet above ground somewhere within surge prone areas - window of concern: early sunday morning until monday evening - threat to life and property that includes typical forecast uncertainty in track, size and intensity: potential for storm surge flooding greater than 3 feet above ground - the storm surge threat has remained nearly steady from the previous assessment. - plan: plan for life-threatening storm surge flooding of greater than 3 feet above ground. - prepare: evacuation efforts and flood preparations should soon be brought to completion before conditions become unsafe. - act: leave immediately if evacuation orders are given for your area to avoid being cut off from emergency services or needlessly risk lives. - potential impacts: significant - areas of inundation from storm surge flooding. damage to several buildings, mainly near the coast. - sections of near-shore escape routes and secondary roads become weakened or washed out, especially in usually vulnerable low spots. - major shoreline erosion with heavy surf. strong and numerous rip currents. - moderate damage to marinas, docks, boardwalks, and piers. several small craft broken away from moorings, especially in unprotected anchorages. * flooding rain - latest local forecast: flood watch is in effect - peak rainfall amounts: additional 3-6 inches, with locally higher amounts - threat to life and property that includes typical forecast uncertainty in track, size and intensity: potential for moderate flooding rain - the flooding rain threat has remained nearly steady from the previous assessment. - plan: emergency plans should include the potential for moderate flooding from heavy rain. evacuations and rescues are possible. - prepare: consider protective actions if you are in an area vulnerable to flooding. - act: heed any flood watches and warnings. failure to take action may result in serious injury or loss of life. - potential impacts: significant - moderate rainfall flooding may prompt several evacuations and rescues. - rivers and tributaries may quickly become swollen with swifter currents and overspill their banks in a few places, especially in usually vulnerable spots. small streams, creeks, canals, bayous, and ditches overflow. - flood waters can enter some structures or weaken foundations. several places may experience expanded areas of rapid inundation at underpasses, low-lying spots, and poor drainage areas. some streets and parking lots take on moving water as storm drains and retention ponds overflow. driving conditions become hazardous. some road and bridge closures. * tornado - latest local forecast: - situation is somewhat favorable for tornadoes - threat to life and property that includes typical forecast uncertainty in track, size and intensity: potential for a few tornadoes - the tornado threat has remained nearly steady from the previous assessment. - plan: emergency plans should include the potential for a few tornadoes. - prepare: if your shelter is particularly vulnerable to tornadoes, prepare to relocate to safe shelter before hazardous weather arrives. - act: if a tornado warning is issued, be ready to shelter quickly. - potential impacts: limited - the occurrence of isolated tornadoes can hinder the execution of emergency plans during tropical events. - a few places may experience tornado damage, along with power and communications disruptions. - locations could realize roofs peeled off buildings, chimneys toppled, mobile homes pushed off foundations or overturned, large tree tops and branches snapped off, shallow-rooted trees knocked over, moving vehicles blown off roads, and small boats pulled from moorings. * for more information: - http://emergency.louisiana.gov",[],"['sunday morning', 'early monday morning', 'early sunday morning', 'monday evening']",[],[],"['port sulphur - empire - venice', 'somewhere within surge prone areas']","['35-45 mph', 'equivalent strong tropical storm force']",[],"['usually', 'several', 'some', 'somewhat', 'somewhere', 'consider', 'found', 'may', 'could', 'should', 'possible', 'read', 'few', 'can', 'mainly', 'certain']","['prepare for significant wind damage', 'move to safe shelter before the wind becomes hazardous']","['a few buildings experiencing window, door, and garage door failures', 'unsecured lightweight objects become dangerous projectiles', 'several large trees snapped or uprooted', 'several fences and roadway signs blown over', 'scattered power and communications outages']"
urn:oid:2.49.0.1.840.0.68cb80f8d739556fd1df7686b278c98f61081961.001.1,2022-12-22T11:42:00.000Z,Actual,Alert,NWS Los Angeles/Oxnard CA,Small Craft Advisory,['Avoid'],Expected,Minor,Likely,Small Craft Advisory issued December 22 at 3:42AM PST until December 22 at 9:00AM PST by NWS Los Angeles/Oxnard CA,"* WHAT...Hazardous sea conditions.

* WHERE...Waters from Pt. Sal to Santa Cruz Island CA and
westward 60 nm including San Miguel and Santa Rosa Islands and
Outer waters from Santa Cruz Island to San Clemente Island to
60 NM offshore including San Nicolas and Santa Barbara Islands.

* WHEN...Until 9 AM PST this morning.

* IMPACTS...Conditions will be hazardous to small craft.

* ADDITIONAL DETAILS...See the Coastal Waters Forecast (CWFLOX).
","Inexperienced mariners, especially those operating smaller
vessels, should avoid navigating in hazardous conditions.",,2022-12-22,11:42:00,* what...hazardous sea conditions. * where...waters from pt. sal to santa cruz island ca and westward 60 nm including san miguel and santa rosa islands and outer waters from santa cruz island to san clemente island to 60 nm offshore including san nicolas and santa barbara islands. * when...until 9 am pst this morning. * impacts...conditions will be hazardous to small craft. * additional details...see the coastal waters forecast (cwflox).,[],[],['until 9 am pst this morning'],[],"['santa cruz island', 'including san miguel and santa rosa islands', 'santa cruz island', 'including san nicolas and santa barbara islands']",[],"['60 nm', '60 nm']",['will'],[],['impacts']
NWS-IDP-PROD-4258152-3588218,2020-06-06T15:42:00.000Z,Actual,Alert,NWS New Orleans LA,Flood Warning,['Avoid'],Expected,Severe,Likely,Flood Warning issued June 6 at 10:42AM CDT until June 9 at 2:04PM CDT by NWS New Orleans LA,"...The National Weather Service in New Orleans LA has issued a Flood
Warning for the following rivers in Louisiana...

Tchefuncte River Above U.S. Highway 190 Near Covington affecting
St. Tammany Parish.

Bogue Falaya River At Boston St in Covington affecting St.
Tammany Parish.

Bogue Falaya River At Camp Covington affecting St. Tammany Parish.

...The National Weather Service in New Orleans LA has issued a Flood
Warning for the following rivers in Mississippi...Louisiana...

Bogue Chitto River Near Tylertown affecting Pike and Walthall
Counties.

Bogue Chitto River At Franklinton affecting Washington Parish.

Bogue Chitto River Near Bush affecting St. Tammany Parish.

For the Tchefuncte River...including Folsom, U.S. Highway 190 Near
Covington...Minor flooding is forecast.
For the Bogue Falaya...including Camp Covington, Boston St in
Covington...Minor flooding is forecast.
For the Bogue Chitto River...including Tylertown, Franklinton,
Bush...Moderate flooding is forecast.

The National Weather Service in New Orleans has issued a

* Flood Warning for
the Bogue Falaya River At Camp Covington.
* From Monday evening to Tuesday afternoon.
* At 10:00 AM CDT Saturday the stage was 35.4 feet.
* Flood stage is 45.0 feet.
* Minor flooding is forecast.
* Forecast...The river is expected to rise above flood stage late
Monday evening to a crest of 46.0 feet early Tuesday morning. It
will then fall below flood stage Tuesday morning.
* Impact...At 45.0 feet, Water will encroach residential property in
the vicinity of the gage. Residences on the east bank near the
river will be threatened. Water will cover entrance driveways to
property on the east bank.","Motorists should not attempt to drive around barricades or drive
cars through flooded areas.

Turn around, don't drown when encountering flooded roads. Most flood
deaths occur in vehicles.

Additional information is available at www.weather.gov.","St. Tammany, LA",2020-06-06,15:42:00,"...the national weather service in new orleans la has issued a flood warning for the following rivers in louisiana... tchefuncte river above u.s. highway 190 near covington affecting st. tammany parish. bogue falaya river at boston st in covington affecting st. tammany parish. bogue falaya river at camp covington affecting st. tammany parish. ...the national weather service in new orleans la has issued a flood warning for the following rivers in mississippi...louisiana... bogue chitto river near tylertown affecting pike and walthall counties. bogue chitto river at franklinton affecting washington parish. bogue chitto river near bush affecting st. tammany parish. for the tchefuncte river...including folsom, u.s. highway 190 near covington...minor flooding is forecast. for the bogue falaya...including camp covington, boston st in covington...minor flooding is forecast. for the bogue chitto river...including tylertown, franklinton, bush...moderate flooding is forecast. the national weather service in new orleans has issued a * flood warning for the bogue falaya river at camp covington. * from monday evening to tuesday afternoon. * at 10:00 am cdt saturday the stage was 35.4 feet. * flood stage is 45.0 feet. * minor flooding is forecast. * forecast...the river is expected to rise above flood stage late monday evening to a crest of 46.0 feet early tuesday morning. it will then fall below flood stage tuesday morning. * impact...at 45.0 feet, water will encroach residential property in the vicinity of the gage. residences on the east bank near the river will be threatened. water will cover entrance driveways to property on the east bank.",[],"['monday evening to tuesday afternoon', 'early tuesday morning']",[],[],"['tchefuncte river', 'u.s. highway 190', 'covington', 'st. tammany parish', 'bogue falaya river', 'boston st', 'covington', 'st. tammany parish', 'bogue falaya river', 'camp covington', 'st. tammany parish', 'bogue chitto river', 'tylertown', 'pike and walthall counties', 'bogue chitto river', 'franklinton', 'bogue chitto river', 'bush', 'st. tammany parish', 'tchefuncte river', 'folsom', 'u.s. highway 190', 'covington', 'camp covington', 'boston st', 'covington', 'bogue chitto river', 'tylertown', 'franklinton', 'bush', 'bogue falaya river', 'camp covington']","['minor flooding', 'minor flooding', 'minor flooding']",[],"['expect', 'will', 'many']",[],[]
NWS-130404-693500-480106,2014-01-03T04:00:45.000Z,Actual,Update,NWS Bismarck ND,Blizzard Watch,['Prepare'],Future,Extreme,Possible,Blizzard Watch issued January 2 at 10:00PM CST expiring January 4 at 12:00PM CST by NWS Bismarck ND,"...BLIZZARD WATCH WESTERN AND CENTRAL NORTH DAKOTA FRIDAY
AFTERNOON THROUGH SATURDAY MORNING...

.STRONG NORTHWEST WINDS TO 40 MPH ARE POSSIBLE FRIDAY AFTERNOON
IN NORTHERN NORTH DAKOTA STRONG WINDS AND ADDITIONAL LIGHT SNOW...BLIZZARD CONDITIONS WITH
VISIBILITIES TO LESS THAN ONE QUARTER MILE ARE POSSIBLE...FRIDAY
AFTERNOON THROUGH SATURDAY MORNING.

IF TRAVELING...BE SURE TO HAVE A WINTER SURVIVAL KIT...INFORM
OTHERS OF YOUR TRAVEL PLANS...AND BE READY FOR THE CHALLENGES YOU
COULD FACE IF STRANDED. DRESS FOR THE OUTSIDE WEATHER...NOT THE
INSIDE CAR TEMPERATURE.* TIMING...FRIDAY EVENING INTO SATURDAY MORNING.

* WINDS/VISIBILITY...GUSTS TO 40 MPH WITH VISIBILITIES LESS THAN 
  ONE QUARTER MILE. 

* SNOW ACCUMULATIONS...LESS THAN ONE INCH POSSIBLE.","A BLIZZARD WATCH MEANS THERE IS A POTENTIAL FOR SNOW...AND OR
BLOWING SNOW WITH STRONG WINDS AND EXTREMELY POOR VISIBILITIES.
THIS CAN LEAD TO WHITEOUT CONDITIONS AND MAKE TRAVEL EXTREMELY
DANGEROUS.

",Morton; Sioux; McLean; Sheridan; LaMoure; Kidder; Golden Valley; Grant; Adams; Billings; Hettinger; McIntosh; Bowman; Dickey; Foster; Burleigh; Emmons; Logan; Mercer; Oliver; Slope; Stark; Stutsman; Wells; Dunn,2014-01-03,04:00:45,...blizzard watch western and central north dakota friday afternoon through saturday morning... .strong northwest winds to 40 mph are possible friday afternoon in northern north dakota strong winds and additional light snow...blizzard conditions with visibilities to less than one quarter mile are possible...friday afternoon through saturday morning. if traveling...be sure to have a winter survival kit...inform others of your travel plans...and be ready for the challenges you could face if stranded. dress for the outside weather...not the inside car temperature.* timing...friday evening into saturday morning. * winds/visibility...gusts to 40 mph with visibilities less than one quarter mile. * snow accumulations...less than one inch possible.,['blizzard watch'],"['friday afternoon', 'friday afternoon', 'friday afternoon', 'saturday morning', 'friday evening into saturday morning']",[],[],"['western and central north dakota', 'northern north dakota']","['strong northwest winds to 40 mph', 'strong winds and additional light snow', 'gusts to 40 mph']","['visibilities to less than one quarter mile', 'visibilities less than    one quarter mile', 'snow accumulations', 'less than one inch']","['could', 'possible', 'read', 'be sure']","['be sure to have a winter survival kit', 'inform others of your travel plans', 'and be ready for the challenges you could face if stranded']",[]
NWS-IDP-PROD-4253570,2020-06-04T21:03:00.000Z,Actual,Alert,NWS Charleston WV,Special Weather Statement,['Execute'],Expected,Moderate,Observed,Special Weather Statement issued June 4 at 5:03PM EDT by NWS Charleston WV,"At 503 PM EDT, a strong thunderstorm was located near Williamstown,
or near Marietta, moving east at 30 mph.

Winds in excess of 40 mph and pea size hail are possible with this
storm.

Locations impacted include...
Marietta, St. Marys, Williamstown, Belmont, Boaz, Newport, Matamoras,
Friendly, Willow Island, Maxwell, Schultz, Arvilla, Point Lookout,
New Matamoras, Wick, Waverly and Hebron.

This includes the following highways...
Interstate 77 in West Virginia between mile markers 182 and 186.
Interstate 77 in Ohio between mile markers 1 and 3.

This storm may intensify, so be certain to monitor local radio
stations and available television stations for additional information
and possible warnings from the National Weather Service.",,Pleasants; Tyler; Wood; Ritchie; Washington,2020-06-04,21:03:00,"at 503 pm edt, a strong thunderstorm was located near williamstown, or near marietta, moving east at 30 mph. winds in excess of 40 mph and pea size hail are possible with this storm. locations impacted include... marietta, st. marys, williamstown, belmont, boaz, newport, matamoras, friendly, willow island, maxwell, schultz, arvilla, point lookout, new matamoras, wick, waverly and hebron. this includes the following highways... interstate 77 in west virginia between mile markers 182 and 186. interstate 77 in ohio between mile markers 1 and 3. this storm may intensify, so be certain to monitor local radio stations and available television stations for additional information and possible warnings from the national weather service.",[],['503 pm edt'],[],[],"['williamstown', 'marietta', 'marietta', 'st. marys', 'williamstown', 'belmont', 'boaz', 'newport', 'matamoras', 'friendly', 'willow island', 'maxwell', 'schultz', 'arvilla', 'point lookout', 'new matamoras', 'wick', 'waverly', 'hebron', 'interstate 77', 'mile markers 182 and 186', 'interstate 77', 'mile markers 1 and 3']",['winds in excess of 40 mph'],[],"['may', 'possible', 'will', 'certain']",['so be certain to monitor local radio stations and available television stations'],[]
NWS-IDP-PROD-4262998-3591707,2020-06-08T09:42:11.000Z,Actual,Update,NWS New Orleans LA,Storm Surge Warning,['Avoid'],Expected,Extreme,Likely,Storm Surge Warning issued June 8 at 4:31AM CDT by NWS New Orleans LA,"* LOCATIONS AFFECTED
- Chalmette
- Arabi

* STORM SURGE
- LATEST LOCAL FORECAST: Localized storm surge possible
- Peak Storm Surge Inundation: The potential for 1-3 feet
above ground somewhere within surge prone areas
- Window of concern: Begins early this morning

- THREAT TO LIFE AND PROPERTY THAT INCLUDES TYPICAL FORECAST
UNCERTAINTY IN TRACK, SIZE AND INTENSITY: Potential for storm
surge flooding greater than 1 foot above ground
- The storm surge threat has decreased from the previous
assessment.
- PLAN: Shelter against storm surge flooding greater than 1
foot above ground.
- PREPARE: All flood preparations should be complete. Expect
flooding of low-lying roads and property.
- ACT: Stay away from storm surge prone areas. Continue to
follow the instructions of local officials.

- POTENTIAL IMPACTS: Unfolding
- Potential impacts from the main surge event are unfolding.


* FOR MORE INFORMATION:
- http://www.slfpae.com/closures.aspx
- http://homeport.uscg.mil
- http://emergency.louisiana.gov",,Upper St. Bernard,2020-06-08,09:42:11,"* locations affected - chalmette - arabi * storm surge - latest local forecast: localized storm surge possible - peak storm surge inundation: the potential for 1-3 feet above ground somewhere within surge prone areas - window of concern: begins early this morning - threat to life and property that includes typical forecast uncertainty in track, size and intensity: potential for storm surge flooding greater than 1 foot above ground - the storm surge threat has decreased from the previous assessment. - plan: shelter against storm surge flooding greater than 1 foot above ground. - prepare: all flood preparations should be complete. expect flooding of low-lying roads and property. - act: stay away from storm surge prone areas. continue to follow the instructions of local officials. - potential impacts: unfolding - potential impacts from the main surge event are unfolding. * for more information: - http://www.slfpae.com/closures.aspx - http://homeport.uscg.mil - http://emergency.louisiana.gov",[],['early this morning'],[],['typical forecast uncertainty'],"['chalmette', 'arabi', 'somewhere within surge prone areas']",[],"['potential for 1-3 feet above ground', 'potential for storm surge flooding greater than 1 foot above ground']","['expect', 'some', 'somewhere', 'should', 'possible', 'certain']","['shelter against storm surge flooding greater than 1 foot above ground', 'all flood preparations should be complete', 'expect flooding of low-lying roads and property', 'stay away from storm surge prone areas', 'continue to follow the instructions of local officials']","['potential impacts', 'potential impacts']"
NWS-130404-690561-477398,2014-01-01T19:09:20.000Z,Actual,Alert,NWS Milwaukee/Sullivan WI,Lake Effect Snow Warning,['Avoid'],Expected,Extreme,Likely,Lake Effect Snow Warning issued January 1 at 1:08PM CST expiring January 2 at 3:00PM CST by NWS Milwaukee/Sullivan WI,".WINDS HAVE TURNED NORTH TO NORTHEAST OVER SOUTHEAST WISCONSIN.
THESE WINDS...AND THE COLD AIR IN PLACE WILL RESULT IN PERIODS OF
SNOW SHOWERS OVER THE LAKE SHORE COUNTIES TODAY AS WELL AS
COUNTIES FARTHER INLAND FROM THE LAKE...CONTINUING INTO THURSDAY.

TOTAL SNOWFALL OF 5 TO 10 INCHES IS EXPECTED FROM MILWAUKEE SOUTH
THROUGH KENOSHA COUNTIES...WITH THE POTENTIAL FOR 2 TO 5 INCHES
IN EASTERN PORTIONS OF WASHINGTON...WAUKESHA AND WALWORTH
COUNTIES. 

THE SNOW SHOWERS ARE EXPECTED TO BE MORE TRANSIENT TODAY BUT
COULD BECOME STATIONARY FOR A TIME TONIGHT INTO THURSDAY
RESULTING IN MORE PERSISTENT SNOWFALL ACROSS THE SAME AREA. ALL
INTERESTS TRAVELING IN THE ADVISORY AREA SHOULD BE PREPARED TO
ENCOUNTER REDUCED VISIBILITIES AND POSSIBLE RAPID ACCUMULATIONS
OF SNOW. SLOW DOWN IF YOU ENCOUNTER ONE OF THESE HEAVIER SNOW
SHOWERS.THE NATIONAL WEATHER SERVICE IN MILWAUKEE/SULLIVAN HAS ISSUED A
LAKE EFFECT SNOW WARNING...WHICH IS IN EFFECT UNTIL 3 PM CST
THURSDAY. THE LAKE EFFECT SNOW ADVISORY IS NO LONGER IN EFFECT. 

* TIMING...PERIODS OF SNOW SHOWERS WILL CONTINUE INTO THURSDAY. 
  THE SNOW SHOWERS MAY BE MODERATE TO HEAVY AT TIMES TONIGHT 
  INTO THURSDAY. 

* SNOW ACCUMULATIONS...4 TO 6 INCHES HAS ALREADY OCCURRED AND AN
  ADDITIONAL 3 TO 4 INCHES WILL YIELD TOTALS OF 7 TO 10 INCHES.

* IMPACTS...THE SNOW WILL CREATE SLIPPERY DRIVING CONDITIONS AND 
  REDUCED VISIBILITY.","A LAKE EFFECT SNOW WARNING MEANS SIGNIFICANT AMOUNTS OF LAKE-
EFFECT SNOW ARE FORECAST THAT WILL MAKE TRAVEL VERY HAZARDOUS OR
IMPOSSIBLE. LAKE-EFFECT SNOW SHOWERS TYPICALLY ALIGN THEMSELVES
IN BANDS AND WILL LIKELY BE INTENSE ENOUGH TO DROP 1 TO SEVERAL
INCHES OF SNOW PER HOUR FOR SEVERAL HOURS. VISIBILITIES VARY
GREATLY AND CAN DROP TO ZERO WITHIN MINUTES.  TRAVEL IS STRONGLY
DISCOURAGED. COMMERCE COULD BE SEVERELY IMPACTED. IF YOU MUST
TRAVEL...KEEP AN EXTRA FLASHLIGHT...FOOD...AND WATER IN YOUR
VEHICLE IN CASE OF AN EMERGENCY.

",Kenosha,2014-01-01,19:09:20,.winds have turned north to northeast over southeast wisconsin. these winds...and the cold air in place will result in periods of snow showers over the lake shore counties today as well as counties farther inland from the lake...continuing into thursday. total snowfall of 5 to 10 inches is expected from milwaukee south through kenosha counties...with the potential for 2 to 5 inches in eastern portions of washington...waukesha and walworth counties. the snow showers are expected to be more transient today but could become stationary for a time tonight into thursday resulting in more persistent snowfall across the same area. all interests traveling in the advisory area should be prepared to encounter reduced visibilities and possible rapid accumulations of snow. slow down if you encounter one of these heavier snow showers.the national weather service in milwaukee/sullivan has issued a lake effect snow warning...which is in effect until 3 pm cst thursday. the lake effect snow advisory is no longer in effect. * timing...periods of snow showers will continue into thursday. the snow showers may be moderate to heavy at times tonight into thursday. * snow accumulations...4 to 6 inches has already occurred and an additional 3 to 4 inches will yield totals of 7 to 10 inches. * impacts...the snow will create slippery driving conditions and reduced visibility.,['lake effect snow warning'],"['tonight into thursday', '3 pm cst thursday', 'tonight    into thursday']",[],[],"['southeast wisconsin', 'lake shore counties', 'milwaukee', 'kenosha counties', 'eastern portions of washington', 'waukesha and walworth counties', 'milwaukee']",['moderate to heavy'],"['5 to 10 inches', '2 to 5 inches', '4 to 6 inches', 'impacts']","['expect', 'may', 'could', 'should', 'possible', 'read', 'will']",[],[]
OnSolve-36a41f45ca4941d694bc8ae11bdfee51,2020-06-05T21:14:21.000Z,Actual,Alert,"MN Sherburne County Sheriff,Elk River,MN",Required Weekly Test,['Monitor'],Immediate,Extreme,Observed,Required Weekly Test,this is a test from Sherburne co sheriff,,MN Sherburne County Sheriff,2020-06-05,21:14:21,this is a test from sherburne co sheriff,[],[],[],[],['sherburne co sheriff'],[],[],[],[],[]
NWS-IDP-PROD-4258433-3588388,2020-06-06T18:15:00.000Z,Actual,Alert,NWS Lake Charles LA,Coastal Flood Advisory,['Monitor'],Expected,Minor,Likely,Coastal Flood Advisory issued June 6 at 1:15PM CDT until June 8 at 1:00PM CDT by NWS Lake Charles LA,"* WHAT...Minor coastal flooding expected.

* WHERE...Vermilion, Iberia and St. Mary Counties.

* WHEN...From 1 AM to 1 PM CDT Monday.

* IMPACTS...Flooding of lots, parks, and roads with only
isolated road closures expected.

* ADDITIONAL DETAILS...Actual tide levels are expected to be
between 1.5 and 2.0 feet mean higher high water with potential
inundation between 1 and 3 feet above ground in isolated spots.","If travel is required, allow extra time as some roads may be
closed. Do not drive around barricades or through water of
unknown depth. Take the necessary actions to protect flood-prone
property.",St. Mary; Iberia; Vermilion,2020-06-06,18:15:00,"* what...minor coastal flooding expected. * where...vermilion, iberia and st. mary counties. * when...from 1 am to 1 pm cdt monday. * impacts...flooding of lots, parks, and roads with only isolated road closures expected. * additional details...actual tide levels are expected to be between 1.5 and 2.0 feet mean higher high water with potential inundation between 1 and 3 feet above ground in isolated spots.",[],[],['from 1 am to 1 pm cdt monday'],[],"['vermilion', 'iberia', 'st. mary counties', 'isolated spots']",[],"['actual tide levels', 'between 1.5 and 2.0 feet mean higher high water', 'between 1 and 3 feet above ground']",['expect'],[],"['flooding of lots, parks, and roads']"
NWS-IDP-PROD-4259858-3589353,2020-06-07T02:07:00.000Z,Actual,Update,NWS Grand Junction CO,Flood Advisory,['Avoid'],Expected,Minor,Likely,Flood Advisory issued June 6 at 8:07PM MDT until June 6 at 8:15PM MDT by NWS Grand Junction CO,"Flood waters have receded. Flooding is no longer expected to pose a
threat. Please continue to heed remaining road closures.",,"San Juan, CO; Hinsdale, CO; La Plata, CO",2020-06-07,02:07:00,flood waters have receded. flooding is no longer expected to pose a threat. please continue to heed remaining road closures.,[],[],[],[],[],[],[],['expect'],['please continue to heed'],[]
NWS-IDP-PROD-4256473-3587110,2020-06-05T21:19:00.000Z,Actual,Alert,NWS Mount Holly NJ,Flood Advisory,['Avoid'],Expected,Minor,Likely,Flood Advisory issued June 5 at 5:19PM EDT until June 5 at 9:15PM EDT by NWS Mount Holly NJ,"The National Weather Service in Mount Holly NJ has issued a

* Flood Advisory for...
Northeastern New Castle County in northern Delaware...
Northern Salem County in southern New Jersey...
Northwestern Ocean County in southern New Jersey...
Camden County in southern New Jersey...
Gloucester County in southern New Jersey...
Northern Burlington County in southern New Jersey...
Southeastern Bucks County in southeastern Pennsylvania...
Philadelphia County in southeastern Pennsylvania...
Southeastern Delaware County in southeastern Pennsylvania...

* Until 915 PM EDT.

* At 518 PM EDT, Doppler radar indicated heavy rain due to
thunderstorms. This will cause minor flooding in the advisory area.
Up to one inch of rain has already fallen.

* Some locations that could experience flooding include...
Philadelphia, Camden, Wilmington, Gloucester City, Cherry Hill,
Bensalem, Evesham, Mount Laurel, Chester, Willingboro, Deptford,
Voorhees, Medford, West Deptford, Glassboro, Lindenwold,
Pennsville, Lumberton, Bellmawr and Yeadon.

This includes the following highways...
Atlantic City Expressway between mile markers 40 and 44.
Interstate 295 in New Jersey between mile markers 0 and 53.
Interstate 95 in Pennsylvania between mile markers 0 and 39.
New Jersey Turnpike between exits 1 and 6A.
Interstate 95 in Delaware between mile markers 14 and 23.
Interstate 476 in Pennsylvania between mile markers 0 and 1.
Interstate 676 in New Jersey between mile markers 0 and 4.
Interstate 676 in Pennsylvania between mile markers 0 and 1.
Interstate 76 in New Jersey between mile markers 0 and 3.
Interstate 76 in Pennsylvania between mile markers 343 and 351.","Protecting yourself from immediate threats to life and safety shall
take priority.  Whenever possible, as long as it does not cause
greater harm, all COVID-19 protective action guidance should be
followed.

A Flood Advisory means river or stream flows are elevated, or ponding
of water in urban or other areas is occurring or is imminent.","Camden, NJ; Philadelphia, PA; Salem, NJ; Ocean, NJ; Burlington, NJ; Bucks, PA; Gloucester, NJ; Delaware, PA; New Castle, DE",2020-06-05,21:19:00,"the national weather service in mount holly nj has issued a * flood advisory for... northeastern new castle county in northern delaware... northern salem county in southern new jersey... northwestern ocean county in southern new jersey... camden county in southern new jersey... gloucester county in southern new jersey... northern burlington county in southern new jersey... southeastern bucks county in southeastern pennsylvania... philadelphia county in southeastern pennsylvania... southeastern delaware county in southeastern pennsylvania... * until 915 pm edt. * at 518 pm edt, doppler radar indicated heavy rain due to thunderstorms. this will cause minor flooding in the advisory area. up to one inch of rain has already fallen. * some locations that could experience flooding include... philadelphia, camden, wilmington, gloucester city, cherry hill, bensalem, evesham, mount laurel, chester, willingboro, deptford, voorhees, medford, west deptford, glassboro, lindenwold, pennsville, lumberton, bellmawr and yeadon. this includes the following highways... atlantic city expressway between mile markers 40 and 44. interstate 295 in new jersey between mile markers 0 and 53. interstate 95 in pennsylvania between mile markers 0 and 39. new jersey turnpike between exits 1 and 6a. interstate 95 in delaware between mile markers 14 and 23. interstate 476 in pennsylvania between mile markers 0 and 1. interstate 676 in new jersey between mile markers 0 and 4. interstate 676 in pennsylvania between mile markers 0 and 1. interstate 76 in new jersey between mile markers 0 and 3. interstate 76 in pennsylvania between mile markers 343 and 351.",[],['518 pm edt'],['until 915 pm edt'],[],"['mount holly nj', 'northeastern new castle county', 'northern delaware', 'northern salem county', 'southern new jersey', 'northwestern ocean county', 'southern new jersey', 'camden county', 'southern new jersey', 'gloucester county', 'southern new jersey', 'northern burlington county', 'southern new jersey', 'southeastern bucks county', 'southeastern pennsylvania', 'philadelphia', 'southeastern pennsylvania', 'southeastern delaware county', 'southeastern pennsylvania', 'philadelphia', 'camden', 'wilmington', 'gloucester city', 'cherry hill', 'bensalem', 'evesham', 'mount laurel', 'chester', 'willingboro', 'deptford', 'voorhees', 'medford', 'deptford', 'glassboro', 'lindenwold', 'pennsville', 'lumberton', 'bellmawr', 'yeadon', 'atlantic city expressway']",[],[],"['some', 'could', 'read', 'indicate', 'will']",[],[]
NWS-130404-693531-480135,2014-01-03T04:45:32.000Z,Actual,Update,NWS Upton NY,Blizzard Warning,['Prepare'],Expected,Extreme,Likely,Blizzard Warning issued January 2 at 11:45PM EST expiring January 3 at 1:00PM EST by NWS Upton NY,"...* LOCATIONS...NASSAU AND SUFFOLK COUNTIES ON LONG ISLAND.

* HAZARD TYPES...SNOW AND BLOWING SNOW.

* ACCUMULATIONS...SNOW ACCUMULATION OF 6 TO 10 INCHES...WITH
  LOCALLY HIGHER AMOUNTS POSSIBLE.

* WINDS...NORTH 20 TO 30 MPH WITH GUSTS UP TO 45 MPH.

* WIND CHILLS...FROM 5 BELOW ZERO TO AROUND 10 BELOW ZERO OVERNIGHT
  AND FRIDAY.

* VISIBILITIES...ONE QUARTER MILE OR LESS AT TIMES.

* TEMPERATURES...10 TO 20.

* TIMING...OCCASIONAL LIGHT SNOW WILL BECOME A STEADY WIND 
  DRIVEN HEAVY SNOWFALL TONIGHT INTO FRIDAY MORNING.

* IMPACTS...HEAVY SNOWFALL...AND BLOWING AND DRIFTING OF POWDERY 
  SNOW TONIGHT INTO FRIDAY WILL CREATE WHITEOUT CONDITIONS... 
  MAKING TRAVEL CONDITIONS EXTREMELY DANGEROUS AND IMPACTING 
  SNOW PLOWING OPERATIONS. WIND CHILLS BELOW ZERO COULD LEAD TO 
  FROSTBITE OR HYPOTHERMIA FOR ANYONE EXPOSED TO THE COLD.","A BLIZZARD WARNING MEANS SEVERE WINTER WEATHER CONDITIONS ARE
EXPECTED OR OCCURRING. FALLING AND BLOWING SNOW WITH STRONG WINDS
AND POOR VISIBILITIES ARE LIKELY. THIS WILL LEAD TO WHITEOUT
CONDITIONS...MAKING TRAVEL EXTREMELY DANGEROUS. DO NOT TRAVEL. IF
YOU MUST TRAVEL...HAVE A WINTER SURVIVAL KIT WITH YOU. IF YOU GET
STRANDED...STAY WITH YOUR VEHICLE.

",Nassau; Suffolk,2014-01-03,04:45:32,...* locations...nassau and suffolk counties on long island. * hazard types...snow and blowing snow. * accumulations...snow accumulation of 6 to 10 inches...with locally higher amounts possible. * winds...north 20 to 30 mph with gusts up to 45 mph. * wind chills...from 5 below zero to around 10 below zero overnight and friday. * visibilities...one quarter mile or less at times. * temperatures...10 to 20. * timing...occasional light snow will become a steady wind driven heavy snowfall tonight into friday morning. * impacts...heavy snowfall...and blowing and drifting of powdery snow tonight into friday will create whiteout conditions... making travel conditions extremely dangerous and impacting snow plowing operations. wind chills below zero could lead to frostbite or hypothermia for anyone exposed to the cold.,[],"['overnight   and friday', 'tonight into friday morning', 'tonight into friday']",[],[],"['nassau and suffolk counties', 'long island']","['north 20 to 30 mph', 'gusts up to 45 mph', 'wind chills below zero']","['6 to 10 inches', 'heavy snowfall']","['could', 'possible', 'around', 'will']",[],"['impacting    snow plowing operations', 'could lead to    frostbite or hypothermia for anyone exposed to the cold']"
NWS-IDP-PROD-4261319,2020-06-07T18:51:00.000Z,Actual,Alert,NWS Miami FL,Marine Weather Statement,['Monitor'],Expected,Minor,Observed,Marine Weather Statement issued June 7 at 2:51PM EDT by NWS Miami FL,"The areas affected include...
Waters from Jupiter Inlet to Deerfield Beach FL from 20 to 60
NM...

At 250 PM EDT, Doppler radar indicated showers, capable of producing
winds to around 30 knots. These showers were located along a line
extending from 39 nm east of Palm Beach Shores to 43 nm east of Ocean
Ridge, moving north at 15 knots.","Mariners can expect gusty winds to around 30 knots, locally higher
waves, and lightning strikes. Boaters should seek safe harbor
immediately until these storms pass.

Waterspouts are possible with this activity. Remain on the alert in
case warnings are issued for waterspout development.",Waters from Jupiter Inlet to Deerfield Beach FL from 20 to 60 NM,2020-06-07,18:51:00,"the areas affected include... waters from jupiter inlet to deerfield beach fl from 20 to 60 nm... at 250 pm edt, doppler radar indicated showers, capable of producing winds to around 30 knots. these showers were located along a line extending from 39 nm east of palm beach shores to 43 nm east of ocean ridge, moving north at 15 knots.",[],['250 pm edt'],[],[],"['waters from jupiter inlet to deerfield beach fl', 'palm beach shores', 'ocean ridge']","['around 30 knots', '15 knots']",['20 to 60 nm'],"['around', 'tend', 'indicate']",[],[]
NWS-130404-688754-476257,2013-12-31T12:00:54.000Z,Actual,Update,NWS Hanford CA,Red Flag Warning,['Prepare'],Expected,Severe,Likely,Red Flag Warning issued December 31 at 4:00AM PST expiring December 31 at 10:00AM PST by NWS Hanford CA,"* AFFECTED AREA...FIRE WEATHER ZONE 295 KERN COUNTY MOUNTAINS.

* WINDS...NORTHEAST TO EAST 5 TO 10 MPH WITH LOCAL GUSTS TO 20 MPH.

* TIMING...THROUGH 10 AM PST TUESDAY.

* RELATIVE HUMIDITY...SINGLE DIGITS IN SEVERAL LOCATIONS
  CONTINUING THIS EVENING AND WILL RECOVER ONLY INTO THE TEENS TO
  MID 20S TONIGHT AND INTO TUESDAY MORNING.

* IMPACTS...IF FIRE IGNITION OCCURS THERE COULD BE RAPID SPREAD 
  AND EXTREME BEHAVIOR WITH THREAT TO LIFE AND PROPERTY.","A RED FLAG WARNING MEANS THAT CRITICAL FIRE WEATHER CONDITIONS
ARE EITHER OCCURRING NOW...OR WILL SHORTLY. A COMBINATION OF LOW
RELATIVE HUMIDITY AND WARM TEMPERATURES CAN CONTRIBUTE TO EXTREME
FIRE BEHAVIOR. PLEASE ADVISE THE APPROPRIATE OFFICIALS OR FIRE
CREWS IN THE FIELD OF THIS RED FLAG WARNING.

",Kern,2013-12-31,12:00:54,* affected area...fire weather zone 295 kern county mountains. * winds...northeast to east 5 to 10 mph with local gusts to 20 mph. * timing...through 10 am pst tuesday. * relative humidity...single digits in several locations continuing this evening and will recover only into the teens to mid 20s tonight and into tuesday morning. * impacts...if fire ignition occurs there could be rapid spread and extreme behavior with threat to life and property.,[],['10 am pst tuesday'],['continuing this evening'],[],"['fire weather zone 295 kern county mountains', 'several locations']","['5 to 10 mph', 'local gusts to 20 mph', 'single digits']",['relative humidity'],"['several', 'could', 'read', 'will']",[],"['there could be rapid spread    and extreme behavior', 'threat to life and property']"
NWS-130404-688660,2013-12-31T10:20:58.000Z,Actual,Alert,NWS Topeka KS,Extreme Fire Danger,['Prepare'],Expected,Moderate,Likely,Extreme Fire Danger issued December 31 at 4:20AM CST by NWS Topeka KS,"(ALL TIME REFERENCES ARE IN CST)

DAY/DATE      24HR INDEX   *  MID  3AM  6AM  9AM NOON  3PM  6PM  9PM
TUE DEC 31  VERY HIGH  21  *        L    L    L    H    H    M    L  
WED JAN 01  HIGH       10  *   L    L    L    L    M    H    M    M  
THU JAN 02  LOW         1  *   L    L    L    L    L    L    L    L  
FRI JAN 03  HIGH       13  *   L    L    L    M    H    H    H    M  
SAT JAN 04  MODERATE    5  *   M    L    L    L    M    M    M    L  
SUN JAN 05  LOW         1  *   L    L    L    L    L    L    L    L",,Harper,2013-12-31,10:20:58,(all time references are in cst) day/date 24hr index * mid 3am 6am 9am noon 3pm 6pm 9pm tue dec 31 very high 21 * l l l h h m l wed jan 01 high 10 * l l l l m h m m thu jan 02 low 1 * l l l l l l l l fri jan 03 high 13 * l l l m h h h m sat jan 04 moderate 5 * m l l l m m m l sun jan 05 low 1 * l l l l l l l l,[],"['mid', 'noon']",[],[],[],[],[],[],[],[]
NWS-IDP-PROD-4254435-3585763,2020-06-05T01:39:00.000Z,Actual,Update,NWS Cleveland OH,Flood Warning,['Avoid'],Immediate,Severe,Likely,Flood Warning issued June 4 at 9:39PM EDT until June 4 at 9:45PM EDT by NWS Cleveland OH,"Gauges indicate flood waters have receded along creeks in the
Nimishillen Creek basin. No additional flooding is expected. Please
continue to heed any road closures.",,"Stark, OH",2020-06-05,01:39:00,gauges indicate flood waters have receded along creeks in the nimishillen creek basin. no additional flooding is expected. please continue to heed any road closures.,[],[],[],[],"['along creeks', 'nimishillen creek basin']",[],[],"['expect', 'indicate']","['no additional flooding is expected', 'please continue to heed any road closures']",[]
NWS-IDP-PROD-4262048,2020-06-08T00:31:00.000Z,Actual,Alert,NWS Jacksonville FL,Marine Weather Statement,['Monitor'],Expected,Minor,Observed,Marine Weather Statement issued June 7 at 8:31PM EDT by NWS Jacksonville FL,"The areas affected include...
Coastal waters from St. Augustine to Flagler Beach FL out 20 NM...

At 830 PM EDT, Doppler radar indicated strong thunderstorms, capable
of producing winds to around 30 knots. These thunderstorms were
located 11 nm west of Daytona Beach, moving northeast at 20 knots.","Mariners can expect gusty winds to around 30 knots, locally higher
waves, and lightning strikes. Boaters should seek safe harbor
immediately until this storm passes.

This a strong thunderstorm will likely produce winds to around 30
knots, and could pose a serious hazard for boaters. A special marine
warning may eventually be required when this storm reaches the
nearshore waters. Boaters should consider heading for shore before
the storm arrives.",Coastal waters from St. Augustine to Flagler Beach FL out 20 NM,2020-06-08,00:31:00,"the areas affected include... coastal waters from st. augustine to flagler beach fl out 20 nm... at 830 pm edt, doppler radar indicated strong thunderstorms, capable of producing winds to around 30 knots. these thunderstorms were located 11 nm west of daytona beach, moving northeast at 20 knots.",[],['830 pm edt'],[],[],"['flagler beach', 'daytona beach']","['around 30 knots', '20 knots']",[],"['around', 'indicate']",[],[]
NWS-130404-692277-478886,2014-01-02T16:41:08.000Z,Actual,Alert,NWS Grand Rapids MI,Flood Advisory,['Avoid'],Expected,Minor,Observed,Flood Advisory issued January 2 at 11:40AM EST expiring January 7 at 7:00PM EST by NWS Grand Rapids MI,"...THE FLOOD ADVISORY IS CANCELLED FOR THE FOLLOWING RIVER IN 
SOUTHWEST LOWER MICHIGAN...

  PERE MARQUETTE RIVER NEAR SCOTTVILLE AFFECTING MASON COUNTY
...THE FLOOD ADVISORY IS CANCELLED FOR THE FOLLOWING RIVER IN 
SOUTHWEST LOWER MICHIGAN...

  MUSKEGON RIVER AT EVART AFFECTING OSCEOLA COUNTY

...THE NATIONAL WEATHER SERVICE IN GRAND RAPIDS HAS ISSUED A FLOOD 
ADVISORY FOR THE FOLLOWING RIVERS IN SOUTHWEST LOWER MICHIGAN SAFETY MESSAGE...CAUTION IS URGED WHEN WALKING NEAR RIVERBANKS.

A FLOOD ADVISORY MEANS MINOR FLOODING IS POSSIBLE AND RIVERS ARE 
FORECAST TO EXCEED BANKFULL.  IF YOU ARE IN THE ADVISORY AREA REMAIN 
ALERT TO POSSIBLE FLOODING... OR THE POSSIBILITY OF THE ADVISORY 
BEING UPGRADED TO A WARNING. REPORT OBSERVED FLOODING TO LOCAL 
EMERGENCY SERVICES OR LAW ENFORCEMENT AND REQUEST THEY PASS THIS 
INFORMATION ON TO THE NATIONAL WEATHER SERVICE.

STAY TUNED TO FURTHER DEVELOPMENTS BY LISTENING TO YOUR LOCAL 
RADIO... TELEVISION... OR NOAA WEATHER RADIO FOR FURTHER INFORMATION.PERE MARQUETTE RIVER NEAR SCOTTVILLE AFFECTING MASON COUNTY
...THE FLOOD ADVISORY IS CANCELLED FOR THE FOLLOWING RIVER IN 
SOUTHWEST LOWER MICHIGAN...

  MUSKEGON RIVER AT EVART AFFECTING OSCEOLA COUNTY

...THE NATIONAL WEATHER SERVICE IN GRAND RAPIDS HAS ISSUED A FLOOD 
ADVISORY FOR THE FOLLOWING RIVERS IN SOUTHWEST LOWER MICHIGAN...

  FLAT RIVER NEAR SMYRNA AFFECTING IONIA COUNTY

.COLD WEATHER CONTINUES ACROSS THE REGION WITH THICKENING ICE ON
AREA RIVERS. ICE JAMMING APPEARS TO BE AFFECTING THE FLAT RIVER AT
SMYRNA. TEMPERATURES ARE EXPECTED TO REMAIN BELOW FREEZING WITH
WIDESPREAD SNOWFALL ON SUNDAY AND SUNDAY NIGHT. BITTERLY COLD AIR
WILL FLOOD THE REGION ON MONDAY AND TUESDAY. THE FOLLOWING FORECAST
IS BASED ON OBSERVED AND FORECAST 24 HOUR PRECIPITATION.","THE NATIONAL WEATHER SERVICE IN GRAND RAPIDS HAS ISSUED A
* FLOOD ADVISORY FOR
  THE FLAT RIVER NEAR SMYRNA.
* DUE TO A POSSIBLE ICE JAM.
* UNTIL TUESDAY EVENING.
* AT 10 AM THURSDAY THE STAGE HAD RISEN TO 5.1 FEET.
* BANKFULL STAGE IS 5.5 FEET.
* FLOOD STAGE IS 8.5 FEET.
* FORECAST...THE RIVER WILL RISE TO NEAR 6.5 FEET BY EARLY SATURDAY
  AFTERNOON.
* ICE JAMS CAN CAUSE RIVER LEVELS TO FLUCTUATE RAPIDLY.
* IMPACT...AT 8.5 FEET...FLOODING BEGINS TO IMPACT HOMES AND FLOOD 
  BASEMENTS IN LOW LYING AREAS ALONG THE RIVER


&&

STAY TUNED TO FURTHER DEVELOPMENTS BY LISTENING TO YOUR LOCAL 
RADIO... TELEVISION... OR NOAA WEATHER RADIO FOR FURTHER INFORMATION.

A FLOOD ADVISORY MEANS MINOR FLOODING IS POSSIBLE AND RIVERS ARE 
FORECAST TO EXCEED BANKFULL.  IF YOU ARE IN THE ADVISORY AREA REMAIN 
ALERT TO POSSIBLE FLOODING... OR THE POSSIBILITY OF THE ADVISORY 
BEING UPGRADED TO A WARNING. REPORT OBSERVED FLOODING TO LOCAL 
EMERGENCY SERVICES OR LAW ENFORCEMENT AND REQUEST THEY PASS THIS 
INFORMATION ON TO THE NATIONAL WEATHER SERVICE.

SAFETY MESSAGE...CAUTION IS URGED WHEN WALKING NEAR RIVERBANKS.

MIC067-031840-
/O.NEW.KGRR.FL.Y.0002.140102T1640Z-140108T0000Z/
/SMYM4.N.IJ.000000T0000Z.000000T0000Z.000000T0000Z.OO/
1140 AM EST THU JAN 2 2014

",Ionia,2014-01-02,16:41:08,...the flood advisory is cancelled for the following river in southwest lower michigan... pere marquette river near scottville affecting mason county ...the flood advisory is cancelled for the following river in southwest lower michigan... muskegon river at evart affecting osceola county ...the national weather service in grand rapids has issued a flood advisory for the following rivers in southwest lower michigan safety message...caution is urged when walking near riverbanks. a flood advisory means minor flooding is possible and rivers are forecast to exceed bankfull. if you are in the advisory area remain alert to possible flooding... or the possibility of the advisory being upgraded to a warning. report observed flooding to local emergency services or law enforcement and request they pass this information on to the national weather service. stay tuned to further developments by listening to your local radio... television... or noaa weather radio for further information.pere marquette river near scottville affecting mason county ...the flood advisory is cancelled for the following river in southwest lower michigan... muskegon river at evart affecting osceola county ...the national weather service in grand rapids has issued a flood advisory for the following rivers in southwest lower michigan... flat river near smyrna affecting ionia county .cold weather continues across the region with thickening ice on area rivers. ice jamming appears to be affecting the flat river at smyrna. temperatures are expected to remain below freezing with widespread snowfall on sunday and sunday night. bitterly cold air will flood the region on monday and tuesday. the following forecast is based on observed and forecast 24 hour precipitation.,[],"['sunday and sunday night', 'monday and tuesday']",[],[],"['southwest lower michigan', 'pere marquette river', 'mason county', 'southwest lower michigan', 'muskegon river at evart', 'osceola county', 'grand rapids', 'southwest lower michigan', 'pere marquette river', 'mason county', 'southwest lower michigan', 'muskegon river at evart', 'osceola county', 'grand rapids', 'southwest lower michigan', 'flat river near smyrna', 'ionia county', 'flat river at smyrna']",['bitterly cold air'],[],"['expect', 'appear', 'appears', 'possible', 'read', 'can', 'will', 'possibility']",['caution is urged'],[]
NWS-IDP-PROD-4256137-3586876,2020-06-05T19:24:00.000Z,Actual,Alert,NWS Melbourne FL,Flood Advisory,['Avoid'],Expected,Minor,Likely,Flood Advisory issued June 5 at 3:24PM EDT until June 5 at 4:45PM EDT by NWS Melbourne FL,"The National Weather Service in Melbourne has issued a

* Flood Advisory for...
Western Martin County in east central Florida...

* Until 445 PM EDT.

* At 324 PM EDT, Doppler radar indicated heavy rain due to
thunderstorms. Minor flooding is ongoing or expected to begin
shortly in the advisory area. Between 1 and 2 inches of rain have
fallen.

Some locations that will experience flooding include...
Indiantown.","A Flood Advisory means river or stream flows are elevated, or
ponding of water in urban or other areas is occurring or is imminent.

Turn around, don't drown when encountering flooded roads. Most flood
deaths occur in vehicles.","Martin, FL",2020-06-05,19:24:00,"the national weather service in melbourne has issued a * flood advisory for... western martin county in east central florida... * until 445 pm edt. * at 324 pm edt, doppler radar indicated heavy rain due to thunderstorms. minor flooding is ongoing or expected to begin shortly in the advisory area. between 1 and 2 inches of rain have fallen. some locations that will experience flooding include... indiantown.",['flood advisory'],['324 pm edt'],['until 445 pm edt'],[],"['melbourne', 'western martin county', 'east central florida', 'indiantown']",['heavy rain'],['between 1 and 2 inches of rain'],"['expect', 'some', 'indicate', 'will']",[],[]
NWS-IDP-PROD-4256934-3587434,2020-06-06T01:04:00.000Z,Actual,Update,NWS Key West FL,Special Marine Warning,['Avoid'],Immediate,Severe,Likely,Special Marine Warning issued June 5 at 9:04PM EDT until June 5 at 9:30PM EDT by NWS Key West FL,"For the following areas...
Straits of Florida from west end of Seven Mile Bridge to south of
Halfmoon Shoal out 20 nm...

At 904 PM EDT, a strong thunderstorm was located 7 nm southeast of
American Shoal Light, moving northwest at 30 knots.

HAZARD...Wind gusts 34 knots or greater.

SOURCE...National Weather Service Meteorologist.

IMPACT...Expect wind gusts in excess of 34 knots, suddenly higher
waves, frequent lightning, and heavy downpours.

Locations in the warning include...
American Shoal Light.","Boaters should seek safe harbor now, and remain there until
threatening weather has passed.",Straits of Florida from west end of Seven Mile Bridge to south of Halfmoon Shoal out 20 NM,2020-06-06,01:04:00,"for the following areas... straits of florida from west end of seven mile bridge to south of halfmoon shoal out 20 nm... at 904 pm edt, a strong thunderstorm was located 7 nm southeast of american shoal light, moving northwest at 30 knots. hazard...wind gusts 34 knots or greater. source...national weather service meteorologist. impact...expect wind gusts in excess of 34 knots, suddenly higher waves, frequent lightning, and heavy downpours. locations in the warning include... american shoal light.",[],['904 pm edt'],[],['frequent lightning'],"['straits of florida', 'west end of seven mile bridge', 'american shoal light', 'american shoal light']","['30 knots', 'wind gusts 34 knots or greater']",[],"['expect', 'can']",[],"['impact', 'suddenly higher waves']"
urn:oid:2.49.0.1.840.0.c68ba80eee3ed70e6ee1a37ac11284e83d97a749.001.2,2022-12-22T16:30:00.000Z,Actual,Update,NWS Des Moines IA,Blizzard Warning,['Prepare'],Expected,Extreme,Likely,Blizzard Warning issued December 22 at 10:30AM CST until December 24 at 6:00AM CST by NWS Des Moines IA,"* WHAT...For the Winter Storm Warning, winds gusting as high as
40 mph this morning. For the Blizzard Warning, blizzard
conditions expected. Winds gusting as high as 50 mph or more.
Extreme cold and wind chills of 20 to 40 below zero will be
common and dropping to near 45 below tonight and Friday morning.

* WHERE...Much of Central and Northern Iowa along and north of
Interstate 80.

* WHEN...For the Winter Storm Warning, until noon CST today. For
the Blizzard Warning, from noon today to 6 AM CST Saturday.

* IMPACTS...Plan on snow and ice covered road conditions.
Widespread blowing snow will significantly reduce visibility.
The hazardous conditions will impact the morning and evening
commutes. Strong winds could bring down tree branches. The
dangerously cold wind chills as low as 45 below zero could cause
frostbite on exposed skin in as little as 10 minutes.

* ADDITIONAL DETAILS...The combination of blowing snow, blizzard
conditions, and extreme cold will be extremely hazardous and
life threatening if stranded outside.
","If you must travel, keep an extra flashlight, food, and water in
your vehicle in case of an emergency.

Travel should be restricted to emergencies only. If you must
travel, have a winter survival kit with you. If you get stranded,
stay with your vehicle.

For the latest travel conditions, check the Iowa 511 app,
www.511ia.org, or dial 511.",,2022-12-22,16:30:00,"* what...for the winter storm warning, winds gusting as high as 40 mph this morning. for the blizzard warning, blizzard conditions expected. winds gusting as high as 50 mph or more. extreme cold and wind chills of 20 to 40 below zero will be common and dropping to near 45 below tonight and friday morning. * where...much of central and northern iowa along and north of interstate 80. * when...for the winter storm warning, until noon cst today. for the blizzard warning, from noon today to 6 am cst saturday. * impacts...plan on snow and ice covered road conditions. widespread blowing snow will significantly reduce visibility. the hazardous conditions will impact the morning and evening commutes. strong winds could bring down tree branches. the dangerously cold wind chills as low as 45 below zero could cause frostbite on exposed skin in as little as 10 minutes. * additional details...the combination of blowing snow, blizzard conditions, and extreme cold will be extremely hazardous and life threatening if stranded outside.","['winter storm warning', 'blizzard warning', 'winter storm warning', 'blizzard warning']","['this morning', 'tonight and friday morning', 'noon cst today', 'noon today', '6 am cst saturday']",[],['common'],['much of central and northern iowa along and north of interstate 80'],"['winds gusting as high as 40 mph', 'winds gusting as high as 50 mph or more']",[],"['expect', 'could', 'read', 'much', 'little', 'can', 'will']",['plan on snow and ice covered road conditions'],"['widespread blowing snow will significantly reduce visibility', 'the hazardous conditions will impact the morning and evening commutes', 'strong winds could bring down tree branches']"
NWS-IDP-PROD-4257618-3587822,2020-06-06T08:51:00.000Z,Actual,Update,NWS Riverton WY,Severe Thunderstorm Warning,['Shelter'],Immediate,Severe,Observed,Severe Thunderstorm Warning issued June 6 at 2:51AM MDT until June 6 at 3:00AM MDT by NWS Riverton WY,"The storms which prompted the warning have weakened. Therefore, the
warning will be allowed to expire.",,"Hot Springs, WY; Washakie, WY; Johnson, WY",2020-06-06,08:51:00,"the storms which prompted the warning have weakened. therefore, the warning will be allowed to expire.",[],[],[],[],[],['have weakened'],[],"['therefore', 'will']",[],[]
urn:oid:2.49.0.1.840.0.f9d64c69217edb272193585face43e5e31c54ad8.011.2,2022-12-22T09:18:00.000Z,Actual,Update,NWS Twin Cities/Chanhassen MN,Winter Storm Warning,['Prepare'],Expected,Severe,Likely,Winter Storm Warning issued December 22 at 3:18AM CST until December 24 at 6:00AM CST by NWS Twin Cities/Chanhassen MN,"* WHAT...For the Winter Storm Warning, blowing snow expected.
Winds gusting as high as 45 mph. For the Wind Chill Advisory,
very cold wind chills expected. Wind chills as low as 35 below
zero.

* WHERE...Mille Lacs, Kanabec and Isanti Counties.

* WHEN...For the Winter Storm Warning, from 6 PM this evening to
6 AM CST Saturday. For the Wind Chill Advisory, until 6 PM CST
this evening.

* IMPACTS...Widespread blowing snow with whiteout conditions this
evening through Friday night will make travel nearly impossible.
The dangerously cold wind chills could cause frostbite on
exposed skin in as little as 10 minutes.

* ADDITIONAL DETAILS...Please avoid travel.
","Travel should be restricted to emergencies only. If you must
travel, have a winter survival kit with you with warm clothes and
a charged cell phone. Tell someone where you are going, and when
you expect to arrive. If you get stranded, stay with your
vehicle.

The latest road conditions for the state you are calling from can
be obtained by calling 5 1 1. Road conditions can also be found
at 511mn.org for Minnesota or 511wi.gov for Wisconsin.",,2022-12-22,09:18:00,"* what...for the winter storm warning, blowing snow expected. winds gusting as high as 45 mph. for the wind chill advisory, very cold wind chills expected. wind chills as low as 35 below zero. * where...mille lacs, kanabec and isanti counties. * when...for the winter storm warning, from 6 pm this evening to 6 am cst saturday. for the wind chill advisory, until 6 pm cst this evening. * impacts...widespread blowing snow with whiteout conditions this evening through friday night will make travel nearly impossible. the dangerously cold wind chills could cause frostbite on exposed skin in as little as 10 minutes. * additional details...please avoid travel.","['winter storm warning', 'wind chill advisory', 'winter storm warning', 'wind chill advisory']","['6 pm this evening', '6 am cst saturday', '6 pm cst this evening', 'this evening through friday night']",[],[],"['mille lacs', 'kanabec', 'isanti counties']","['winds gusting as high as 45 mph', 'as low as 35 below zero']",[],"['expect', 'could', 'possible', 'read', 'little', 'will']",['please avoid travel'],"['will make travel nearly impossible', 'could cause frostbite on exposed skin']"
NWS-IDP-PROD-4262459-3591265,2020-06-08T02:49:00.000Z,Actual,Update,NWS Aberdeen SD,Severe Thunderstorm Warning,['Shelter'],Immediate,Severe,Observed,Severe Thunderstorm Warning issued June 7 at 9:49PM CDT until June 7 at 10:15PM CDT by NWS Aberdeen SD,"At 948 PM CDT, severe thunderstorms were located along a line
extending from near Hecla to near Amherst to near Langford, moving
northeast at 55 mph.

HAZARD...70 mph wind gusts and penny size hail.

SOURCE...Radar indicated.

IMPACT...Expect considerable tree damage. Damage is likely to mobile
homes, roofs, and outbuildings.

Locations impacted include...
Britton, Langford, Hecla, Claremont, Kidder, Amherst, Sand Lake
Wildlife Refuge and Houghton.","For your protection move to an interior room on the lowest floor of a
building.

Prepare immediately for large hail and damaging winds. People outside
should move to a shelter, inside a strong building and away from
windows.","Marshall, SD; Brown, SD; Day, SD",2020-06-08,02:49:00,"at 948 pm cdt, severe thunderstorms were located along a line extending from near hecla to near amherst to near langford, moving northeast at 55 mph. hazard...70 mph wind gusts and penny size hail. source...radar indicated. impact...expect considerable tree damage. damage is likely to mobile homes, roofs, and outbuildings. locations impacted include... britton, langford, hecla, claremont, kidder, amherst, sand lake wildlife refuge and houghton.",['radar indicated'],['948 pm cdt'],[],[],"['hecla', 'amherst', 'langford', 'britton', 'langford', 'hecla', 'claremont', 'kidder', 'amherst', 'sand lake wildlife refuge', 'houghton']","['55 mph', '70 mph']",[],"['expect', 'like', 'consider', 'likely', 'tend', 'indicate']",[],"['penny size hail', 'expect considerable tree damage', 'damage is likely to mobile homes']"
NWS-130404-689955-477024,2014-01-01T08:59:49.000Z,Actual,Alert,NWS Burlington VT,Winter Storm Watch,['Prepare'],Future,Severe,Possible,Winter Storm Watch issued January 1 at 3:59AM EST expiring January 3 at 7:00AM EST by NWS Burlington VT,"THE NATIONAL WEATHER SERVICE IN BURLINGTON HAS ISSUED A WINTER
STORM WATCH...WHICH IS IN EFFECT FROM LATE TONIGHT THROUGH FRIDAY
MORNING.

* LOCATIONS...RUTLAND AND WINDSOR COUNTIES IN SOUTH CENTRAL VERMONT.

* HAZARD TYPES...SNOW.

* ACCUMULATIONS...6 OR MORE INCHES OF SNOW POSSIBLE THROUGH FRIDAY
  MORNING.

* TIMING...LIGHT SNOW WILL OVERSPREAD RUTLAND AND WINDSOR COUNTIES
  AFTER 3 AM EST THURSDAY MORNING AND CONTINUE THROUGH FRIDAY MORNING.

* IMPACTS...SNOW COVERED ROADWAYS WILL LEAD TO HAZARDOUS DRIVING CONDITIONS.

* WINDS...NORTH 10 TO 15 MPH WITH GUSTS UP TO 25 MPH.

* TEMPERATURES...LOWS 6 BELOW TO 6 ABOVE ZERO. HIGHS 6 TO 12 
  ABOVE.

* VISIBILITIES...1 MILE OR LESS AT TIMES.","A WINTER STORM WATCH MEANS THERE IS A POTENTIAL FOR SIGNIFICANT
SNOW...SLEET...OR ICE ACCUMULATIONS THAT MAY IMPACT TRAVEL.
CONTINUE TO MONITOR THE LATEST FORECASTS.

PLEASE STAY TUNED TO NOAA WEATHER RADIO...YOUR LOCAL MEDIA...OR
GO TO WWW.WEATHER.GOV/BURLINGTON FOR FURTHER UPDATES ON THIS
WEATHER SITUATION.

",Windsor; Rutland,2014-01-01,08:59:49,the national weather service in burlington has issued a winter storm watch...which is in effect from late tonight through friday morning. * locations...rutland and windsor counties in south central vermont. * hazard types...snow. * accumulations...6 or more inches of snow possible through friday morning. * timing...light snow will overspread rutland and windsor counties after 3 am est thursday morning and continue through friday morning. * impacts...snow covered roadways will lead to hazardous driving conditions. * winds...north 10 to 15 mph with gusts up to 25 mph. * temperatures...lows 6 below to 6 above zero. highs 6 to 12 above. * visibilities...1 mile or less at times.,['winter storm watch'],"['late tonight', 'friday morning', 'friday   morning', 'after 3 am est thursday morning', 'friday morning']",[],[],"['burlington', 'rutland and windsor counties', 'south central vermont', 'rutland and windsor counties']",['gusts up to 25 mph'],"['light snow', 'lows 6 below to 6 above zero', 'highs 6 to 12    above']","['possible', 'read', 'will']",[],"['snow covered roadways', 'hazardous driving conditions']"
NWS-IDP-PROD-4263569-3592122,2020-06-08T17:36:00.000Z,Actual,Update,NWS St Louis MO,Flood Warning,['Avoid'],Expected,Severe,Likely,Flood Warning issued June 8 at 12:36PM CDT until June 14 at 7:00AM CDT by NWS St Louis MO,"...The National Weather Service in St. Louis has issued a flood
warning for the following rivers in Missouri and Illinois...

Mississippi River at Quincy

Mississippi River at Lock & Dam 21

Mississippi River at Saverton

River forecasts are based on observed precipitation and forecast
precipitation for the next 48 hours.

The Flood Warning continues for
The Mississippi River at Lock & Dam 21.
* from late Wednesday night to Sunday morning.
* At 12:00 PM Monday the stage was 15.6 feet.
* Flood stage is 17.0 feet.
* Minor flooding is forecast.
* The river will rise above flood stage by early Thursday morning and
crest near 17.3 feet by Thursday evening.the river will fall below
flood stage by early Saturday morning.
* Impact:  At 14.0 feet...Unprotected bottomlands flood.","Rainfall heavier than forecast could cause river levels to rise even
higher than predicted.  The National Weather Service will monitor
this developing situation and issue follow up statements as
conditions or forecasts change.

Safety message:  Never drive cars, trucks, or sport utility vehicles
through flooded areas.  The water may be too deep to allow for safe
passage.

This product, along with additional weather and stream information,
is available at http://water.weather.gov/ahps2/index.php?wfo=lsx.","Marion, MO; Adams, IL",2020-06-08,17:36:00,...the national weather service in st. louis has issued a flood warning for the following rivers in missouri and illinois... mississippi river at quincy mississippi river at lock & dam 21 mississippi river at saverton river forecasts are based on observed precipitation and forecast precipitation for the next 48 hours. the flood warning continues for the mississippi river at lock & dam 21. * from late wednesday night to sunday morning. * at 12:00 pm monday the stage was 15.6 feet. * flood stage is 17.0 feet. * minor flooding is forecast. * the river will rise above flood stage by early thursday morning and crest near 17.3 feet by thursday evening.the river will fall below flood stage by early saturday morning. * impact: at 14.0 feet...unprotected bottomlands flood.,[],"['sunday morning', '12:00 pm monday', 'early thursday morning', 'thursday evening', 'early saturday morning']",['next 48 hours'],[],"['mississippi river at quincy mississippi river at lock & dam 21 mississippi river', 'mississippi river at lock & dam 21']",[],"['17.0 feet', 'flood stage', 'flood stage']",['will'],[],['impact']
NWS-IDP-PROD-4262134-3591029,2020-06-08T01:12:00.000Z,Actual,Update,NWS North Platte NE,Severe Thunderstorm Warning,['Shelter'],Immediate,Severe,Observed,Severe Thunderstorm Warning issued June 7 at 7:12PM MDT until June 7 at 7:30PM MDT by NWS North Platte NE,"At 712 PM MDT, a severe thunderstorm was located over Cody, or 28
miles southeast of Martin, moving northeast at 50 mph.

HAZARD...Two inch hail and 60 mph wind gusts.

SOURCE...Radar indicated.

IMPACT...People and animals outdoors will be injured. Expect hail
damage to roofs, siding, windows, and vehicles. Expect wind
damage to roofs, siding, and trees.

Locations impacted include...
Cody and Cody Lake.

This includes Highway 20 between mile markers 151 and 166.","For your protection move to an interior room on the lowest floor of a
building.","Cherry, NE",2020-06-08,01:12:00,"at 712 pm mdt, a severe thunderstorm was located over cody, or 28 miles southeast of martin, moving northeast at 50 mph. hazard...two inch hail and 60 mph wind gusts. source...radar indicated. impact...people and animals outdoors will be injured. expect hail damage to roofs, siding, windows, and vehicles. expect wind damage to roofs, siding, and trees. locations impacted include... cody and cody lake. this includes highway 20 between mile markers 151 and 166.",['radar indicated'],['712 pm mdt'],[],[],"['cody', 'martin', 'cody', 'cody', 'highway 20', 'mile markers 151 and 166']","['50 mph', '60 mph']",['two inch hail'],"['expect', 'indicate', 'will']","['expect hail damage to roofs, siding, windows, and vehicles', 'expect wind damage to roofs, siding, and trees']",[]
NWS-IDP-PROD-4265745-3593589,2020-06-09T18:48:00.000Z,Actual,Alert,NWS San Juan PR,Flood Advisory,['Avoid'],Expected,Minor,Likely,Flood Advisory issued June 9 at 1:48PM AST until June 9 at 4:45PM AST by NWS San Juan PR,"The National Weather Service in San Juan has issued a

* Urban and Small Stream Flood Advisory for...
Cayey Municipality in Puerto Rico...
Barranquitas Municipality in Puerto Rico...
Aibonito Municipality in Puerto Rico...

* Until 445 PM AST

* At 246 PM AST, Doppler radar indicated heavy rain due to
thunderstorms. This will cause urban flooding and sharp rises
along small streams and rivers. Showers and thunderstorms will
continue during the next two hours or so.","Turn around, don't drown when encountering flooded roads. Most flood
deaths occur in vehicles.","Aibonito, PR; Cayey, PR; Barranquitas, PR",2020-06-09,18:48:00,"the national weather service in san juan has issued a * urban and small stream flood advisory for... cayey municipality in puerto rico... barranquitas municipality in puerto rico... aibonito municipality in puerto rico... * until 445 pm ast * at 246 pm ast, doppler radar indicated heavy rain due to thunderstorms. this will cause urban flooding and sharp rises along small streams and rivers. showers and thunderstorms will continue during the next two hours or so.",['urban and small stream flood advisory'],"['445 pm ast', '246 pm ast']",['next two hours or so'],[],"['san juan', 'cayey municipality', 'puerto rico', 'barranquitas municipality', 'puerto rico', 'aibonito municipality', 'puerto rico']",['heavy rain'],[],"['indicate', 'will']",[],"['urban flooding', 'sharp rises', 'showers and thunderstorms']"
NWS-130404-688791,2013-12-31T13:21:57.000Z,Actual,Alert,NWS Wichita KS,Extreme Fire Danger,['Prepare'],Expected,Moderate,Likely,Extreme Fire Danger issued December 31 at 7:21AM CST by NWS Wichita KS,"THE GFDI DOES NOT ACCOUNT FOR PRECIPITATION THAT OCCURS WITHIN
THE HOUR PRECEDING ANY GIVEN FORECAST HOUR BELOW OR ANY SNOW ON
THE GROUND AT THE FORECAST HOUR. PLEASE MAKE APPROPRIATE ADJUSTMENTS.(ALL TIME REFERENCES ARE IN CST)

DAY/DATE      24HR INDEX   *  MID  3AM  6AM  9AM NOON  3PM  6PM  9PM
TUE DEC 31  HIGH       18  *                  L    H    H    M    L  
WED JAN 01  HIGH        9  *   L    L    L    M    M    H    M    L  
THU JAN 02  LOW         1  *   L    L    L    L    L    L    L    L  
FRI JAN 03  HIGH       14  *   L    L    L    M    H    H    H    M  
SAT JAN 04  MODERATE    7  *   M    L    L    L    M    M    M    L  
SUN JAN 05  LOW         1  *   L    L    L    L    L    L    L    L",,Rice,2013-12-31,13:21:57,the gfdi does not account for precipitation that occurs within the hour preceding any given forecast hour below or any snow on the ground at the forecast hour. please make appropriate adjustments.(all time references are in cst) day/date 24hr index * mid 3am 6am 9am noon 3pm 6pm 9pm tue dec 31 high 18 * l h h m l wed jan 01 high 9 * l l l m m h m l thu jan 02 low 1 * l l l l l l l l fri jan 03 high 14 * l l l m h h h m sat jan 04 moderate 7 * m l l l m m m l sun jan 05 low 1 * l l l l l l l l,[],"['mid', '3am', '9am noon', 'low', 'low']",[],[],[],['moderate'],[],[],[],[]
NWS-130404-692186-478774,2014-01-02T15:37:03.000Z,Actual,Alert,NWS Albany NY,Winter Weather Advisory,['Execute'],Expected,Moderate,Likely,Winter Weather Advisory issued January 2 at 10:36AM EST expiring January 3 at 10:00AM EST by NWS Albany NY,"...WIND CHILL WARNING REMAINS IN EFFECT FROM 7 PM THIS EVENING TO
11 AM EST FRIDAY...

* LOCATIONS...NORTHERN HERKIMER...HAMILTON...AND NORTHERN WARREN 
  COUNTIES. 

* ACCUMULATIONS...SNOW ACCUMULATION OF 5 TO 9 INCHES.

* MAXIMUM SNOWFALL RATES...ONE HALF TO ONE INCH PER HOUR.

* HAZARD TYPES...SNOW...BLOWING SNOW...AND DANGEROUSLY COLD WIND 
  CHILLS. 

* TIMING...STEADY LIGHT SNOW WILL CONTINUE THROUGH THE DAY 
  TODAY. SNOW WILL BECOME HEAVIER TONIGHT...THEN TAPER OFF 
  AROUND SUNRISE TOMORROW. AREAS OF BLOWING SNOW WILL OCCUR LATE 
  TONIGHT INTO TOMORROW MORNING. 

* WINDS...NORTHEAST 5 TO 10 MPH WITH GUSTS UP TO 20 MPH.

* TEMPERATURES...IN THE SINGLE DIGITS TODAY DROPPING TO 5 BELOW 
  ZERO TO 25 BELOW ZERO TONIGHT. 

* WIND CHILL TEMPERATURES...WILL DROP TO BETWEEN 25 BELOW AND 35 
  BELOW ZERO TONIGHT INTO TOMORROW MORNING. A FEW ISOLATED 
  EXPOSED LOCATIONS IN NORTHERN HERKIMER COUNTY MAY SEE WIND 
  CHILL VALUES AS LOW AS 40 BELOW ZERO. 

* IMPACTS...SNOW COVERED ROADS AND LOW VISIBILITY WILL MAKE FOR 
  DIFFICULT TRAVEL ACROSS THE REGION. WIND CHILL TEMPERATURES 
  BETWEEN 25 BELOW AND 40 BELOW ZERO WILL PRODUCE DANGEROUSLY 
  COLD CONDITIONS AND ALLOW FOR FROSTBITE AND HYPOTHERMIA TO 
  QUICKLY OCCUR.","A WINTER WEATHER ADVISORY FOR BLOWING SNOW MEANS THAT
VISIBILITIES WILL BE LIMITED DUE TO STRONG WINDS BLOWING SNOW
AROUND. USE CAUTION WHEN TRAVELING...ESPECIALLY IN OPEN AREAS.

A WINTER WEATHER ADVISORY FOR SNOW MEANS THAT PERIODS OF SNOW
WILL CAUSE PRIMARILY TRAVEL DIFFICULTIES. BE PREPARED FOR SNOW
COVERED ROADS AND LIMITED VISIBILITIES...AND USE CAUTION WHILE
DRIVING.

A WIND CHILL WARNING MEANS THE COMBINATION OF VERY COLD AIR AND
STRONG WINDS WILL CREATE DANGEROUSLY LOW WIND CHILL VALUES. THIS
WILL RESULT IN FROST BITE AND LEAD TO HYPOTHERMIA OR DEATH IF
PRECAUTIONS ARE NOT TAKEN.

A WINTER WEATHER ADVISORY MEANS THAT PERIODS OF SNOW WILL CAUSE
TRAVEL DIFFICULTIES. BE PREPARED FOR SLIPPERY ROADS AND LIMITED
VISIBILITIES...AND USE CAUTION WHILE DRIVING.

",Herkimer; Hamilton; Warren,2014-01-02,15:37:03,...wind chill warning remains in effect from 7 pm this evening to 11 am est friday... * locations...northern herkimer...hamilton...and northern warren counties. * accumulations...snow accumulation of 5 to 9 inches. * maximum snowfall rates...one half to one inch per hour. * hazard types...snow...blowing snow...and dangerously cold wind chills. * timing...steady light snow will continue through the day today. snow will become heavier tonight...then taper off around sunrise tomorrow. areas of blowing snow will occur late tonight into tomorrow morning. * winds...northeast 5 to 10 mph with gusts up to 20 mph. * temperatures...in the single digits today dropping to 5 below zero to 25 below zero tonight. * wind chill temperatures...will drop to between 25 below and 35 below zero tonight into tomorrow morning. a few isolated exposed locations in northern herkimer county may see wind chill values as low as 40 below zero. * impacts...snow covered roads and low visibility will make for difficult travel across the region. wind chill temperatures between 25 below and 40 below zero will produce dangerously cold conditions and allow for frostbite and hypothermia to quickly occur.,['wind chill warning'],"['11 am est friday', 'tonight', 'sunrise tomorrow', 'late    tonight into tomorrow morning', 'tonight', 'tonight into tomorrow morning']",[],[],"['northern herkimer', 'hamilton', 'northern warren    counties', 'a few isolated    exposed locations', 'northern herkimer']",['gusts up to 20 mph'],"['5 to 9 inches', 'maximum snowfall rates', 'one half to one inch per hour']","['may', 'few', 'around', 'will']",[],[]
NWS-130404-691046-477799,2014-01-02T01:34:06.000Z,Actual,Alert,NWS Houston/Galveston TX,Wind Advisory,['Execute'],Expected,Moderate,Likely,Wind Advisory issued January 1 at 7:33PM CST expiring January 2 at 3:00PM CST by NWS Houston/Galveston TX,".ONSHORE SOUTHEASTERLY WINDS TODAY BROUGHT BACK MOISTURE TO THE
REGION AND WILL LIKELY LEAD TO AREAS OF FOG DEVELOPING WITH
VISIBILITIES LOWERING THIS EVENING FROM A COUPLE OF MILES TO ONE
HALF MILE OR LESS. A FRONT WILL SWEEP THROUGH THE AREA AFTER
MIDNIGHT AND SHOULD SCOUR OUT THE MOISTURE. GUSTY NORTH WINDS OF
15 TO 25 MPH WITH GUSTS OF 25 TO 35 MPH WILL BE COMMON FROM 6 AM
THROUGH NOON THEN SHOULD GRADUALLY DIMINISH INLAND WHILE ALONG THE
COAST THE STRONG WINDS WILL BE SLOWER TO RELAX....WIND ADVISORY IN EFFECT FROM 6 AM TO 3 PM CST THURSDAY...

THE NATIONAL WEATHER SERVICE IN HOUSTON/GALVESTON HAS ISSUED A
WIND ADVISORY...WHICH IS IN EFFECT FROM 6 AM TO 3 PM CST
THURSDAY. 

* EVENT...FOG WILL DEVELOP OVER THE AREA THIS EVENING WITH
  VISIBILITIES LOWERING TO ONE HALF MILE OR LESS. GUSTY NORTH
  WINDS WILL DEVELOP IN THE WAKE OF A COLD FRONT THAT WILL END THE
  FOG BUT WINDS WILL STRENGTHEN AND SUSTAINED WINDS OF 15 TO 25
  MPH WITH HIGHER GUSTS CAN BE EXPECTED FROM FROM 6 AM THROUGH AT
  LEAST EARLY AFTERNOON.

* TIMING...FOG DEVELOPING BETWEEN 6 AND 9 PM. CLEARING WITH A 
  COLD FRONT THAT SWEEPS SOUTHEASTWARD THROUGH THE REGION AFTER 
  MIDNIGHT.","A DENSE FOG ADVISORY MEANS VISIBILITIES WILL FREQUENTLY BE
REDUCED TO LESS THAN ONE QUARTER MILE. IF DRIVING...SLOW DOWN...
USE YOUR HEADLIGHTS...AND LEAVE PLENTY OF DISTANCE AHEAD OF YOU.

DRIVERS OF VANS...CAMPERS...TRAILERS...AND OTHER HIGH-PROFILE
VEHICLES SHOULD BE ALERT TO THE DANGER OF THESE WINDS...
ESPECIALLY WHEN DRIVING ALONG EAST TO WEST ORIENTED ROADS AND
ELEVATED ROADWAYS.

",Fort Bend; Jackson; Harris; Liberty; Wharton,2014-01-02,01:34:06,.onshore southeasterly winds today brought back moisture to the region and will likely lead to areas of fog developing with visibilities lowering this evening from a couple of miles to one half mile or less. a front will sweep through the area after midnight and should scour out the moisture. gusty north winds of 15 to 25 mph with gusts of 25 to 35 mph will be common from 6 am through noon then should gradually diminish inland while along the coast the strong winds will be slower to relax....wind advisory in effect from 6 am to 3 pm cst thursday... the national weather service in houston/galveston has issued a wind advisory...which is in effect from 6 am to 3 pm cst thursday. * event...fog will develop over the area this evening with visibilities lowering to one half mile or less. gusty north winds will develop in the wake of a cold front that will end the fog but winds will strengthen and sustained winds of 15 to 25 mph with higher gusts can be expected from from 6 am through at least early afternoon. * timing...fog developing between 6 and 9 pm. clearing with a cold front that sweeps southeastward through the region after midnight.,"['wind advisory', 'wind advisory']","['after midnight', 'this evening', 'after    midnight']","['6 am to 3 pm cst thursday', '6 am to 3 pm cst thursday']",[],['houston/galveston'],"['15 to 25 mph', '25 to 35 mph', '15 to 25   mph']",[],"['expect', 'like', 'should', 'likely', 'couple', 'can', 'will', 'clear']",[],[]
NWS-130404-690050-477078,2014-01-01T09:56:15.000Z,Actual,Alert,NWS Des Moines IA,Winter Weather Advisory,['Execute'],Expected,Moderate,Likely,Winter Weather Advisory issued January 1 at 3:55AM CST expiring January 1 at 6:00PM CST by NWS Des Moines IA,"...BITTER COLD WIND CHILLS NORTH .ANOTHER REINFORCING SHOT OF COLD AIR CONTINUES TO SETTLE INTO
IOWA THIS NEW YEARS MORNING AND WILL RESULT IN BITTER COLD WIND
CHILLS TOWARD THE MINNESOTA BORDER. THE PARENT SYSTEM RESPONSIBLE
FOR THIS WILL ALSO BRING SNOW TO CENTRAL AND SOUTHERN PORTIONS OF
THE STATE WITH THE HIGHEST AMOUNTS SOUTHEAST.THE NATIONAL WEATHER SERVICE IN DES MOINES HAS ISSUED A WINTER
WEATHER ADVISORY FOR SNOW...WHICH IS IN EFFECT FROM 9 AM THIS
MORNING TO 6 PM CST THIS EVENING.

* TIMING...LIGHT TO MODERATE SNOW WILL DEVELOP OVER SOUTHEAST IOWA
  BY LATE MORNING AND CONTINUE THROUGH THE AFTERNOON BEFORE ENDING
  OR DIMINISHING TOWARD 600 PM.

* STORM TOTAL SNOW ACCUMULATIONS...TWO TO THREE INCHES OF SNOW
  WILL ACCUMULATE IN THE ADVISORY AREA BY EARLY THIS EVENING.

* WINDS/VISIBILITY...10 TO 15 MPH NORTHEAST TO NORTH WINDS MAY
  PRODUCE MINOR BLOWING AND DRIFTING. VISIBILITIES MAY DROP TO A
  MILE OR LESS DURING PERIODS OF HEAVIER SNOW. 

* IMPACTS...SNOW COVERED ROADS AND REDUCED VISIBILITIES WILL
  PRODUCE HAZARDOUS CONDITIONS FOR HOLIDAY TRAVELERS THIS NEW
  YEARS DAY.","A WINTER WEATHER ADVISORY FOR SNOW MEANS THAT PERIODS OF SNOW
WILL CAUSE PRIMARILY TRAVEL DIFFICULTIES. BE PREPARED FOR SNOW
COVERED ROADS AND LIMITED VISIBILITIES...AND USE CAUTION WHILE
DRIVING.

",Appanoose; Davis; Decatur; Monroe; Marion; Mahaska; Wapello; Wayne; Lucas,2014-01-01,09:56:15,...bitter cold wind chills north .another reinforcing shot of cold air continues to settle into iowa this new years morning and will result in bitter cold wind chills toward the minnesota border. the parent system responsible for this will also bring snow to central and southern portions of the state with the highest amounts southeast.the national weather service in des moines has issued a winter weather advisory for snow...which is in effect from 9 am this morning to 6 pm cst this evening. * timing...light to moderate snow will develop over southeast iowa by late morning and continue through the afternoon before ending or diminishing toward 600 pm. * storm total snow accumulations...two to three inches of snow will accumulate in the advisory area by early this evening. * winds/visibility...10 to 15 mph northeast to north winds may produce minor blowing and drifting. visibilities may drop to a mile or less during periods of heavier snow. * impacts...snow covered roads and reduced visibilities will produce hazardous conditions for holiday travelers this new years day.,['winter weather advisory'],"['late morning', 'early this evening']",[],[],"['iowa', 'minnesota border', 'central and southern portions of the state', 'des moines', 'southeast iowa']","['light to moderate snow', 'two to three inches', '10 to 15 mph']","['storm total snow accumulations', 'visibilities may drop to a   mile or less']","['may', 'will']",[],[]
NWS-IDP-PROD-4255405-3586484,2020-06-05T09:36:00.000Z,Actual,Update,NWS San Francisco CA,Small Craft Advisory,['Avoid'],Expected,Minor,Likely,Small Craft Advisory issued June 5 at 2:36AM PDT until June 5 at 3:00AM PDT by NWS San Francisco CA,"Winds have continually eased, allowing the advisory to be allowed
to expire.",,Waters from Pigeon Point to Point Pinos 10-60 NM,2020-06-05,09:36:00,"winds have continually eased, allowing the advisory to be allowed to expire.",['advisory'],[],[],[],[],['winds'],[],[],[],[]
NWS-IDP-PROD-4254366-3585700,2020-06-05T01:17:00.000Z,Actual,Update,NWS Nashville TN,Tornado Warning,['Shelter'],Immediate,Extreme,Observed,Tornado Warning issued June 4 at 8:17PM CDT until June 4 at 8:30PM CDT by NWS Nashville TN,"At 816 PM CDT, a severe thunderstorm capable of producing a tornado
was located 10 miles north of Linden, moving east at 25 mph.

HAZARD...Tornado.

SOURCE...Radar indicated rotation.

IMPACT...Flying debris will be dangerous to those caught without
shelter. Mobile homes will be damaged or destroyed. Damage
to roofs, windows, and vehicles will occur.  Tree damage is
likely.

Locations impacted include...
Lobelville.","TAKE COVER NOW! Move to a basement or an interior room on the lowest
floor of a sturdy building. Avoid windows. If you are outdoors, in a
mobile home, or in a vehicle, move to the closest substantial shelter
and protect yourself from flying debris.","Perry, TN",2020-06-05,01:17:00,"at 816 pm cdt, a severe thunderstorm capable of producing a tornado was located 10 miles north of linden, moving east at 25 mph. hazard...tornado. source...radar indicated rotation. impact...flying debris will be dangerous to those caught without shelter. mobile homes will be damaged or destroyed. damage to roofs, windows, and vehicles will occur. tree damage is likely. locations impacted include... lobelville.",[],['816 pm cdt'],[],[],"['linden', 'lobelville']",['25 mph'],[],"['like', 'likely', 'indicate', 'will']",[],"['mobile homes will be damaged or destroyed', 'damage to roofs, windows, and vehicles', 'tree damage is likely']"
NWS-IDP-PROD-4258989-3588733,2020-06-06T20:57:00.000Z,Actual,Update,NWS New Orleans LA,Storm Surge Warning,['Avoid'],Expected,Extreme,Likely,Storm Surge Warning issued June 6 at 3:57PM CDT by NWS New Orleans LA,"* LOCATIONS AFFECTED
- Gulfport
- Biloxi
- Pass Christian

* WIND
- LATEST LOCAL FORECAST: Below tropical storm force wind
- Peak Wind Forecast: 25-35 mph with gusts to 55 mph

- THREAT TO LIFE AND PROPERTY THAT INCLUDES TYPICAL FORECAST
UNCERTAINTY IN TRACK, SIZE AND INTENSITY: Potential for wind 39
to 57 mph
- The wind threat has remained nearly steady from the
previous assessment.
- PLAN: Plan for hazardous wind of equivalent tropical storm
force.
- PREPARE: Remaining efforts to protect property should be
completed as soon as possible. Prepare for limited wind
damage.
- ACT: Move to safe shelter before the wind becomes hazardous.

- POTENTIAL IMPACTS: Limited
- Damage to porches, awnings, carports, sheds, and unanchored
mobile homes. Unsecured lightweight objects blown about.
- Many large tree limbs broken off. A few trees snapped or
uprooted, but with greater numbers in places where trees
are shallow rooted. Some fences and roadway signs blown
over.
- A few roads impassable from debris, particularly within
urban or heavily wooded places. Hazardous driving
conditions on bridges and other elevated roadways.
- Scattered power and communications outages.

* STORM SURGE
- LATEST LOCAL FORECAST: Life-threatening storm surge possible
- Peak Storm Surge Inundation: The potential for 3-5 feet
above ground somewhere within surge prone areas
- Window of concern: through Monday evening

- THREAT TO LIFE AND PROPERTY THAT INCLUDES TYPICAL FORECAST
UNCERTAINTY IN TRACK, SIZE AND INTENSITY: Potential for storm
surge flooding greater than 3 feet above ground
- The storm surge threat has remained nearly steady from the
previous assessment.
- PLAN: Plan for life-threatening storm surge flooding of
greater than 3 feet above ground.
- PREPARE: Evacuation efforts and flood preparations should
soon be brought to completion before conditions become
unsafe.
- ACT: Leave immediately if evacuation orders are given for
your area to avoid being cut off from emergency services or
needlessly risk lives.

- POTENTIAL IMPACTS: Significant
- Areas of inundation from storm surge flooding. Damage to
several buildings, mainly near the coast.
- Sections of near-shore escape routes and secondary roads
become weakened or washed out, especially in usually
vulnerable low spots.
- Major beach erosion. Strong and numerous rip currents.
- Moderate damage to marinas, docks, boardwalks, and piers.
Several small craft broken away from moorings, especially
in unprotected anchorages.

* FLOODING RAIN
- LATEST LOCAL FORECAST: Flood Watch is in effect
- Peak Rainfall Amounts: Additional 4-8 inches, with locally
higher amounts

- THREAT TO LIFE AND PROPERTY THAT INCLUDES TYPICAL FORECAST
UNCERTAINTY IN TRACK, SIZE AND INTENSITY: Potential for major
flooding rain
- The flooding rain threat has remained nearly steady from
the previous assessment.
- PLAN: Emergency plans should include the potential for
major flooding from heavy rain. Evacuations and rescues are
likely.
- PREPARE: Strongly consider protective actions, especially
if you are in an area vulnerable to flooding.
- ACT: Heed any flood watches and warnings. Failure to take
action will likely result in serious injury or loss of life.

- POTENTIAL IMPACTS: Extensive
- Major rainfall flooding may prompt many evacuations and
rescues.
- Rivers and tributaries may rapidly overflow their banks in
multiple places. Small streams, creeks, canals, bayous, and
ditches may become dangerous rivers. Flood control systems
and barriers may become stressed.
- Flood waters can enter many structures within multiple
communities, some structures becoming uninhabitable or
washed away. Many places where flood waters may cover
escape routes. Streets and parking lots become rivers of
moving water with underpasses submerged. Driving conditions
become dangerous. Many road and bridge closures with some
weakened or washed out.

* TORNADO
- LATEST LOCAL FORECAST:
- Situation is somewhat favorable for tornadoes

- THREAT TO LIFE AND PROPERTY THAT INCLUDES TYPICAL FORECAST
UNCERTAINTY IN TRACK, SIZE AND INTENSITY: Potential for a few
tornadoes
- The tornado threat has remained nearly steady from the
previous assessment.
- PLAN: Emergency plans should include the potential for a
few tornadoes.
- PREPARE: If your shelter is particularly vulnerable to
tornadoes, prepare to relocate to safe shelter before
hazardous weather arrives.
- ACT: If a tornado warning is issued, be ready to shelter
quickly.

- POTENTIAL IMPACTS: Limited
- The occurrence of isolated tornadoes can hinder the
execution of emergency plans during tropical events.
- A few places may experience tornado damage, along with
power and communications disruptions.
- Locations could realize roofs peeled off buildings,
chimneys toppled, mobile homes pushed off foundations or
overturned, large tree tops and branches snapped off,
shallow-rooted trees knocked over, moving vehicles blown
off roads, and small boats pulled from moorings.

* FOR MORE INFORMATION:
- http://www.msema.org",,Harrison,2020-06-06,20:57:00,"* locations affected - gulfport - biloxi - pass christian * wind - latest local forecast: below tropical storm force wind - peak wind forecast: 25-35 mph with gusts to 55 mph - threat to life and property that includes typical forecast uncertainty in track, size and intensity: potential for wind 39 to 57 mph - the wind threat has remained nearly steady from the previous assessment. - plan: plan for hazardous wind of equivalent tropical storm force. - prepare: remaining efforts to protect property should be completed as soon as possible. prepare for limited wind damage. - act: move to safe shelter before the wind becomes hazardous. - potential impacts: limited - damage to porches, awnings, carports, sheds, and unanchored mobile homes. unsecured lightweight objects blown about. - many large tree limbs broken off. a few trees snapped or uprooted, but with greater numbers in places where trees are shallow rooted. some fences and roadway signs blown over. - a few roads impassable from debris, particularly within urban or heavily wooded places. hazardous driving conditions on bridges and other elevated roadways. - scattered power and communications outages. * storm surge - latest local forecast: life-threatening storm surge possible - peak storm surge inundation: the potential for 3-5 feet above ground somewhere within surge prone areas - window of concern: through monday evening - threat to life and property that includes typical forecast uncertainty in track, size and intensity: potential for storm surge flooding greater than 3 feet above ground - the storm surge threat has remained nearly steady from the previous assessment. - plan: plan for life-threatening storm surge flooding of greater than 3 feet above ground. - prepare: evacuation efforts and flood preparations should soon be brought to completion before conditions become unsafe. - act: leave immediately if evacuation orders are given for your area to avoid being cut off from emergency services or needlessly risk lives. - potential impacts: significant - areas of inundation from storm surge flooding. damage to several buildings, mainly near the coast. - sections of near-shore escape routes and secondary roads become weakened or washed out, especially in usually vulnerable low spots. - major beach erosion. strong and numerous rip currents. - moderate damage to marinas, docks, boardwalks, and piers. several small craft broken away from moorings, especially in unprotected anchorages. * flooding rain - latest local forecast: flood watch is in effect - peak rainfall amounts: additional 4-8 inches, with locally higher amounts - threat to life and property that includes typical forecast uncertainty in track, size and intensity: potential for major flooding rain - the flooding rain threat has remained nearly steady from the previous assessment. - plan: emergency plans should include the potential for major flooding from heavy rain. evacuations and rescues are likely. - prepare: strongly consider protective actions, especially if you are in an area vulnerable to flooding. - act: heed any flood watches and warnings. failure to take action will likely result in serious injury or loss of life. - potential impacts: extensive - major rainfall flooding may prompt many evacuations and rescues. - rivers and tributaries may rapidly overflow their banks in multiple places. small streams, creeks, canals, bayous, and ditches may become dangerous rivers. flood control systems and barriers may become stressed. - flood waters can enter many structures within multiple communities, some structures becoming uninhabitable or washed away. many places where flood waters may cover escape routes. streets and parking lots become rivers of moving water with underpasses submerged. driving conditions become dangerous. many road and bridge closures with some weakened or washed out. * tornado - latest local forecast: - situation is somewhat favorable for tornadoes - threat to life and property that includes typical forecast uncertainty in track, size and intensity: potential for a few tornadoes - the tornado threat has remained nearly steady from the previous assessment. - plan: emergency plans should include the potential for a few tornadoes. - prepare: if your shelter is particularly vulnerable to tornadoes, prepare to relocate to safe shelter before hazardous weather arrives. - act: if a tornado warning is issued, be ready to shelter quickly. - potential impacts: limited - the occurrence of isolated tornadoes can hinder the execution of emergency plans during tropical events. - a few places may experience tornado damage, along with power and communications disruptions. - locations could realize roofs peeled off buildings, chimneys toppled, mobile homes pushed off foundations or overturned, large tree tops and branches snapped off, shallow-rooted trees knocked over, moving vehicles blown off roads, and small boats pulled from moorings. * for more information: - http://www.msema.org",[],['through monday evening'],[],[],"['gulfport', 'biloxi', 'pass christian', 'somewhere within surge prone areas']","['below tropical storm force', '25-35 mph', 'equivalent tropical storm force']",['potential for wind 39 to 57 mph'],"['usually', 'several', 'some', 'somewhat', 'like', 'somewhere', 'consider', 'found', 'may', 'could', 'should', 'likely', 'possible', 'read', 'few', 'about', 'can', 'mainly', 'will', 'certain', 'many']",['act'],"['limited wind damage', 'potential impacts', 'unsecured lightweight objects blown about', 'many large tree limbs broken off', 'a few trees snapped or uprooted', 'some fences and roadway signs blown over', 'a few roads impassable from debris', 'scattered power and communications outages', 'potential impacts', 'damage to several buildings']"
NWS-130404-690590-477437,2014-01-01T19:46:13.000Z,Actual,Alert,NWS Buffalo NY,Winter Storm Warning,['Prepare'],Expected,Severe,Likely,Winter Storm Warning issued January 1 at 2:45PM EST expiring January 3 at 6:00AM EST by NWS Buffalo NY,"...WIND CHILL ADVISORY IN EFFECT FROM 4 PM THURSDAY TO NOON EST
FRIDAY...

THE NATIONAL WEATHER SERVICE IN BUFFALO HAS ISSUED A WINTER STORM
WARNING FOR HEAVY SNOW...WHICH IS IN EFFECT UNTIL 6 AM EST
FRIDAY. A WIND CHILL ADVISORY HAS ALSO BEEN ISSUED. THIS WIND
CHILL ADVISORY IS IN EFFECT FROM 4 PM THURSDAY TO NOON EST
FRIDAY. THE WINTER WEATHER ADVISORY IS NO LONGER IN EFFECT. 

* LOCATIONS...MONROE AND WAYNE COUNTIES. 

* TIMING...LATE THIS AFTERNOON THROUGH LATE FRIDAY MORNING.
  HEAVIEST SNOW ACCUMULATIONS THURSDAY AND THURSDAY NIGHT. 

* HAZARDS...SNOW...BLOWING SNOW AND BITTERLY COLD WIND CHILLS. LAKE
  ENHANCED SNOWS THURSDAY NIGHT.

* ACCUMULATIONS...AN INCH OR LESS THIS AFTERNOON...AROUND 2 INCHES
  TONIGHT...3 TO 6 INCHES THURSDAY...3 TO 5 INCHES THURSDAY
  NIGHT...AND AN INCH OR LESS FRIDAY...LEADING TO STORM TOTALS OF
  7 TO 14 INCHES.

* WINDS...NORTHEAST 15 TO 25 MPH.

* VISIBILITIES...AS LOW AS A HALF MILE AT TIMES.

* WIND CHILL VALUES...AS LOW AS 20 BELOW.

* IMPACTS...TRAVEL WILL BE VERY DIFFICULT AT TIMES WITH SNOW 
  COVERED ROADS AND POOR VISIBILITY DUE TO SNOW AND BLOWING 
  SNOW. BITTERLY COLD WIND CHILLS WILL POSE A RISK FOR FROST 
  BITE AND HYPOTHERMIA FOR ANYONE OUTSIDE FOR EVEN SHORT PERIODS 
  OF TIME.","A WINTER STORM WARNING IS ISSUED WHEN SEVERE WINTER WEATHER IS
EXPECTED. HEAVY SNOW AND/OR ICE WILL CAUSE HAZARDOUS DRIVING
CONDITIONS. IF YOU WILL BE TRAVELING IN THE WARNING AREA YOU
SHOULD CHOOSE AN ALTERNATE ROUTE IF POSSIBLE, OR YOU SHOULD USE
EXTREME CAUTION IF TRAVEL IS UNAVOIDABLE.

IF YOU LOSE POWER AND PLAN ON RUNNING A GENERATOR...MAKE SURE
THAT THE GENERATOR IS LOCATED OUTDOORS AND IS PROPERLY
VENTILATED. SPACE HEATERS SHOULD ALSO BE PROPERLY VENTILATED AND
USED ONLY IF THEY ARE OPERATING PROPERLY. MAKE SURE SNOW DOES NOT
BLOCK EXHAUSTS AND FRESH AIR INTAKES FOR HIGH EFFICIENCY FURNACES
AND WATER HEATERS.

STAY TUNED TO NOAA WEATHER RADIO OR YOUR FAVORITE SOURCE OF
WEATHER INFORMATION FOR THE LATEST UPDATES. ADDITIONAL DETAILS
CAN ALSO BE FOUND AT WWW.WEATHER.GOV/BUFFALO.

A WIND CHILL ADVISORY IS ISSUED WHEN STRONG WIND WILL COMBINE
WITH COLD TEMPERATURES TO CREATE DANGEROUSLY COLD CONDITIONS FOR
EXPOSED SKIN. THE WIND WILL MAKE IT FEEL LIKE IT IS 15 DEGREES
BELOW ZERO OR COLDER FOR A PERIOD OF SEVERAL HOURS. IF YOU WILL
BE OUTDOORS USE COMMON SENSE AND DRESS WARMLY...MAKING SURE THAT
ALL EXPOSED SKIN IS COVERED. IF POSSIBLE...AVOID PROLONGED
EXPOSURE TO THE COLD TO PREVENT FROSTBITE AND HYPOTHERMIA.

REPORT SNOW ACCUMULATION TO THE NATIONAL WEATHER SERVICE IN
BUFFALO BY SENDING AN EMAIL TO BUFSTORM.REPORT@NOAA.GOV...POSTING
TO THE NWS BUFFALO FACEBOOK PAGE...OR TWEET...USING THE HASHTAG
BUFWX

",Wayne; Monroe,2014-01-01,19:46:13,...wind chill advisory in effect from 4 pm thursday to noon est friday... the national weather service in buffalo has issued a winter storm warning for heavy snow...which is in effect until 6 am est friday. a wind chill advisory has also been issued. this wind chill advisory is in effect from 4 pm thursday to noon est friday. the winter weather advisory is no longer in effect. * locations...monroe and wayne counties. * timing...late this afternoon through late friday morning. heaviest snow accumulations thursday and thursday night. * hazards...snow...blowing snow and bitterly cold wind chills. lake enhanced snows thursday night. * accumulations...an inch or less this afternoon...around 2 inches tonight...3 to 6 inches thursday...3 to 5 inches thursday night...and an inch or less friday...leading to storm totals of 7 to 14 inches. * winds...northeast 15 to 25 mph. * visibilities...as low as a half mile at times. * wind chill values...as low as 20 below. * impacts...travel will be very difficult at times with snow covered roads and poor visibility due to snow and blowing snow. bitterly cold wind chills will pose a risk for frost bite and hypothermia for anyone outside for even short periods of time.,"['wind chill advisory', 'winter storm warning', 'wind chill advisory']","['4 pm thursday', 'late this afternoon', 'late friday morning', 'thursday night', 'thursday night', 'thursday   night']",[],[],"['buffalo', 'monroe and wayne counties']","['15 to 25 mph', 'as low as 20 below']","['bitterly cold wind chills', 'an inch or less', '3 to 6 inches', '3 to 5 inches', '7 to 14 inches', 'as low as a half mile at times', 'bitterly cold wind chills']","['around', 'will']",[],['travel will be very difficult at times']
NWS-IDP-PROD-4261821-3590761,2020-06-07T23:01:00.000Z,Actual,Alert,NWS Eureka CA,Frost Advisory,['Prepare'],Expected,Minor,Likely,Frost Advisory issued June 7 at 4:01PM PDT until June 8 at 8:00AM PDT by NWS Eureka CA,"* WHAT...Temperatures as low as 33 will result in frost
formation.

* WHERE...Northern Lake County County.

* WHEN...From midnight tonight to 8 AM Monday.

* IMPACTS...Frost could kill sensitive outdoor vegetation if
left uncovered.",Take steps now to protect tender plants from the cold.,Northern Lake County,2020-06-07,23:01:00,* what...temperatures as low as 33 will result in frost formation. * where...northern lake county county. * when...from midnight tonight to 8 am monday. * impacts...frost could kill sensitive outdoor vegetation if left uncovered.,[],"['midnight tonight', '8 am monday']",[],[],['northern lake county county'],['as low as 33'],[],"['could', 'will']",['if left uncovered'],"['impacts', 'frost could kill sensitive outdoor vegetation']"
NWS-IDP-PROD-4258324-3588324,2020-06-06T17:00:00.000Z,Actual,Update,NWS Las Vegas NV,Lake Wind Advisory,['Execute'],Expected,Moderate,Likely,Lake Wind Advisory issued June 6 at 10:00AM PDT until June 6 at 8:00PM PDT by NWS Las Vegas NV,"* WHAT...South winds becoming southwest of 20 to 30 mph with gusts
up to 45 mph possible. Waves on Lake Mead and Lake Mohave
between 2 and 3 feet.

* WHERE...Lake Mead National Recreation Area.

* WHEN...Until 8 PM this evening.

* IMPACTS...Strong winds and rough waves on area lakes will create
hazardous boating conditions.

* ADDITIONAL DETAILS...Initially southerly winds will become more
southwesterly in the afternoon. Southwest offshore winds in
areas like Boulder Beach may catch swimmers and those using
floatation devices off guard and cause them to be blown out into
deep water.","Boaters on area lakes should use extra caution since strong winds
and rough waves can overturn small craft.",Lake Mead National Recreation Area; Lake Mead National Recreation Area,2020-06-06,17:00:00,* what...south winds becoming southwest of 20 to 30 mph with gusts up to 45 mph possible. waves on lake mead and lake mohave between 2 and 3 feet. * where...lake mead national recreation area. * when...until 8 pm this evening. * impacts...strong winds and rough waves on area lakes will create hazardous boating conditions. * additional details...initially southerly winds will become more southwesterly in the afternoon. southwest offshore winds in areas like boulder beach may catch swimmers and those using floatation devices off guard and cause them to be blown out into deep water.,[],"['this evening', 'in the afternoon']",[],[],"['lake mead and lake mohave', 'lake mead national recreation area', 'boulder beach']","['20 to 30 mph', 'gusts up to 45 mph', 'between 2 and 3 feet']",[],"['like', 'may', 'possible', 'will']",[],['and cause them to be blown out into deep water']
NWS-130404-686305-474667,2013-12-29T16:52:45.000Z,Actual,Alert,NWS Raleigh NC,Flood Advisory,['Avoid'],Expected,Minor,Likely,Flood Advisory issued December 29 at 11:52AM EST expiring December 29 at 1:45PM EST by NWS Raleigh NC,"THE NATIONAL WEATHER SERVICE IN RALEIGH HAS ISSUED A

* FLOOD ADVISORY FOR...
  JOHNSTON COUNTY IN CENTRAL NORTH CAROLINA...
  EXTREME NORTHERN CUMBERLAND COUNTY IN CENTRAL NORTH CAROLINA...
  NORTHWESTERN NASH COUNTY IN CENTRAL NORTH CAROLINA...
  WAKE COUNTY IN CENTRAL NORTH CAROLINA...
  FRANKLIN COUNTY IN CENTRAL NORTH CAROLINA...
  HARNETT COUNTY IN CENTRAL NORTH CAROLINA...

* UNTIL 145 PM EST

* AT 1145 AM EST...DOPPLER RADAR INDICATED ANOTHER ROUND OF HEAVY 
  RAIN MOVING ACROSS THE ADVISORY AREA. THIS AREA OF RAIN WILL 
  PRODUCE MINOR FLOODING IN URBAN AREAS AND ACROSS SMALL STREAMS AND 
  CREEKS. UP TO TWO INCHES OF RAIN HAS ALREADY FALLEN IN THE 
  ADVISORY AREA AND AN ADDITIONAL INCH OF RAIN IS POSSIBLE. 

* SOME LOCATIONS THAT WILL EXPERIENCE MINOR FLOODING INCLUDE 
  RALEIGH...CARY...SMITHFIELD...LOUISBURG...LILLINGTON...GARNER... 
  FUQUAY-VARINA...CLAYTON...DUNN...SELMA...ERWIN AND YOUNGSVILLE.","EXCESSIVE RUNOFF FROM HEAVY RAINFALL WILL RESULT IN FLOODING IN SOME 
URBAN AREAS...HIGHWAYS...STREETS AND UNDERPASSES AS WELL AS OTHER 
POOR DRAINAGE AREAS AND LOW LYING SPOTS. DO NOT ATTEMPT TO TRAVEL 
ACROSS FLOODED ROADS. FIND ALTERNATE ROUTES. IT TAKES ONLY A FEW 
INCHES OF SWIFTLY FLOWING WATER TO CARRY VEHICLES AWAY.

",Cumberland; Franklin; Wake; Nash; Johnston; Harnett,2013-12-29,16:52:45,the national weather service in raleigh has issued a * flood advisory for... johnston county in central north carolina... extreme northern cumberland county in central north carolina... northwestern nash county in central north carolina... wake county in central north carolina... franklin county in central north carolina... harnett county in central north carolina... * until 145 pm est * at 1145 am est...doppler radar indicated another round of heavy rain moving across the advisory area. this area of rain will produce minor flooding in urban areas and across small streams and creeks. up to two inches of rain has already fallen in the advisory area and an additional inch of rain is possible. * some locations that will experience minor flooding include raleigh...cary...smithfield...louisburg...lillington...garner... fuquay-varina...clayton...dunn...selma...erwin and youngsville.,[],['1145 am est'],['until 145 pm est'],[],"['raleigh', 'johnston county', 'central north carolina', 'extreme northern cumberland county', 'central north carolina', 'northwestern nash county', 'central north carolina', 'wake county', 'central north carolina', 'franklin county', 'central north carolina', 'harnett county', 'central north carolina', 'urban areas', 'small streams and    creeks', 'raleigh', 'cary', 'smithfield', 'louisburg', 'lillington', 'garner', 'fuquay-varina', 'clayton', 'dunn', 'selma', 'erwin', 'youngsville']",[],[],"['some', 'possible', 'read', 'indicate', 'will']",[],[]
NWS-IDP-PROD-4265123-3593183,2020-06-09T09:41:00.000Z,Actual,Alert,NWS San Francisco CA,Small Craft Advisory,['Avoid'],Expected,Minor,Likely,Small Craft Advisory issued June 9 at 2:41AM PDT until June 9 at 9:00PM PDT by NWS San Francisco CA,"* WHAT...Choppy waters expected.

* WHERE...San Francisco Bay South of the Bay Bridge.

* WHEN...From 2 PM this afternoon to 9 PM PDT this evening.

* IMPACTS...Conditions will be hazardous to small craft.","Inexperienced mariners, especially those operating smaller
vessels, should avoid navigating in hazardous conditions.",San Francisco Bay South of the Bay Bridge,2020-06-09,09:41:00,* what...choppy waters expected. * where...san francisco bay south of the bay bridge. * when...from 2 pm this afternoon to 9 pm pdt this evening. * impacts...conditions will be hazardous to small craft.,[],"['2 pm this afternoon', '9 pm pdt this evening']",[],[],['san francisco bay south of the bay bridge'],['choppy waters'],[],"['expect', 'will']",[],['impacts']
NWS-IDP-PROD-4262394-3591215,2020-06-08T02:17:00.000Z,Actual,Alert,NWS Grand Forks ND,Severe Thunderstorm Warning,['Shelter'],Immediate,Severe,Observed,Severe Thunderstorm Warning issued June 7 at 9:17PM CDT until June 7 at 10:00PM CDT by NWS Grand Forks ND,"The National Weather Service in Grand Forks has issued a

* Severe Thunderstorm Warning for...
Western Marshall County in northwestern Minnesota...
Northwestern Polk County in northwestern Minnesota...
Central Grand Forks County in northeastern North Dakota...
Northeastern Traill County in southeastern North Dakota...
Walsh County in northeastern North Dakota...
Southwestern Pembina County in northeastern North Dakota...

* Until 1000 PM CDT.

* At 917 PM CDT, severe thunderstorms were located along a line
extending from near Whitman to Honeyford to near Reynolds, moving
northeast at 45 mph.

HAZARD...70 mph wind gusts and quarter size hail.

SOURCE...Radar indicated.

IMPACT...Hail damage to vehicles is expected. Expect considerable
tree damage. Wind damage is also likely to mobile homes,
roofs, and outbuildings.

* Severe thunderstorms will be near...
Gilby, Honeyford and Mekinock around 920 PM CDT.
Johnstown around 925 PM CDT.
Lankin and Thompson around 930 PM CDT.
Ardoch, Poland and Merrifield around 935 PM CDT.
Mallory, Park River and Oslo around 940 PM CDT.

Other locations impacted by these severe thunderstorms include Grand
Forks Airport.

This includes Interstate 29 between mile markers 119 and 185.","A Tornado Watch remains in effect until 1000 PM CDT for northwestern
Minnesota...and southeastern and northeastern North Dakota.

For your protection move to an interior room on the lowest floor of a
building.","Walsh, ND; Polk, MN; Pembina, ND; Grand Forks, ND; Traill, ND; Marshall, MN",2020-06-08,02:17:00,"the national weather service in grand forks has issued a * severe thunderstorm warning for... western marshall county in northwestern minnesota... northwestern polk county in northwestern minnesota... central grand forks county in northeastern north dakota... northeastern traill county in southeastern north dakota... walsh county in northeastern north dakota... southwestern pembina county in northeastern north dakota... * until 1000 pm cdt. * at 917 pm cdt, severe thunderstorms were located along a line extending from near whitman to honeyford to near reynolds, moving northeast at 45 mph. hazard...70 mph wind gusts and quarter size hail. source...radar indicated. impact...hail damage to vehicles is expected. expect considerable tree damage. wind damage is also likely to mobile homes, roofs, and outbuildings. * severe thunderstorms will be near... gilby, honeyford and mekinock around 920 pm cdt. johnstown around 925 pm cdt. lankin and thompson around 930 pm cdt. ardoch, poland and merrifield around 935 pm cdt. mallory, park river and oslo around 940 pm cdt. other locations impacted by these severe thunderstorms include grand forks airport. this includes interstate 29 between mile markers 119 and 185.",['radar indicated'],"['917 pm cdt', 'around 920 pm cdt', '925 pm cdt', '930 pm cdt', '935 pm cdt', '940 pm cdt']",['until 1000 pm cdt'],[],"['grand forks', 'western marshall county', 'northwestern minnesota', 'northwestern polk county', 'northwestern minnesota', 'grand forks', 'northeastern north dakota', 'northeastern traill county', 'southeastern north dakota', 'walsh county', 'northeastern north dakota', 'southwestern pembina county', 'northeastern north dakota', 'near whitman', 'honeyford', 'near reynolds', 'gilby', 'honeyford', 'mekinock', 'johnstown', 'lankin', 'thompson', 'ardoch', 'poland', 'merrifield', 'mallory', 'park river', 'oslo', 'grand forks', 'interstate 29', 'mile markers 119 and 185']",['70 mph'],[],"['expect', 'like', 'consider', 'likely', 'around', 'tend', 'indicate', 'will']",[],"['quarter size hail', 'hail damage to vehicles']"
NWS-IDP-PROD-4254183-3585554,2020-06-05T00:32:00.000Z,Actual,Update,NWS Mobile AL,Rip Current Statement,['Avoid'],Expected,Moderate,Likely,Rip Current Statement issued June 4 at 7:32PM CDT until June 9 at 6:00AM CDT by NWS Mobile AL,"* WHAT...Dangerous rip currents.

* WHERE...In Alabama, Baldwin Coastal and Mobile Coastal
Counties. In Florida, Santa Rosa Coastal, Okaloosa Coastal and
Escambia Coastal Counties.

* WHEN...Through late Monday night.

* IMPACTS...Rip currents can sweep even the best swimmers away
from shore into deeper water.","Swim near a lifeguard. If caught in a rip current, relax and
float. Don't swim against the current. If able, swim in a
direction following the shoreline. If unable to escape, face the
shore and call or wave for help.",Baldwin Coastal; Okaloosa Coastal; Escambia Coastal; Santa Rosa Coastal; Mobile Coastal,2020-06-05,00:32:00,"* what...dangerous rip currents. * where...in alabama, baldwin coastal and mobile coastal counties. in florida, santa rosa coastal, okaloosa coastal and escambia coastal counties. * when...through late monday night. * impacts...rip currents can sweep even the best swimmers away from shore into deeper water.",[],['late monday night'],[],[],"['in alabama', 'baldwin coastal', 'mobile coastal counties', 'florida', 'santa rosa coastal', 'okaloosa coastal', 'escambia coastal']",[],[],['can'],[],['impacts']
NWS-IDP-PROD-4264708-3592902,2020-06-09T04:43:00.000Z,Actual,Alert,NWS North Platte NE,Flood Advisory,['Avoid'],Expected,Minor,Likely,Flood Advisory issued June 8 at 11:43PM CDT until June 9 at 6:45AM CDT by NWS North Platte NE,"The National Weather Service in North Platte has issued a

* Urban and Small Stream Flood Advisory for...
Central Logan County in west central Nebraska...

* Until 645 AM CDT Tuesday.

* At 1139 PM CDT, Doppler radar indicated thunderstorms ending over
the advisory area. Urban and small stream flooding remains
possible in the advisory area. Up to three inches of rain fell
during the evening. Additional thunderstorms with heavy rainfall
is expected to move over the area after 2 am CDT.

* Some locations that will experience flooding include...
Brown Lake and Shanklin Bluff.

Additional rainfall of 1 to 2 inches is possible over the area
overnight. This additional rain will result in minor flooding.

This includes the following highways...
Highway 92 between mile markers 220 and 222.
Highway 83 between mile markers 115 and 129.","Turn around, don't drown when encountering flooded roads. Most flood
deaths occur in vehicles.

A Flood Advisory means river or stream flows are elevated, or ponding
of water in urban or other areas is occurring or is imminent.","Logan, NE",2020-06-09,04:43:00,"the national weather service in north platte has issued a * urban and small stream flood advisory for... central logan county in west central nebraska... * until 645 am cdt tuesday. * at 1139 pm cdt, doppler radar indicated thunderstorms ending over the advisory area. urban and small stream flooding remains possible in the advisory area. up to three inches of rain fell during the evening. additional thunderstorms with heavy rainfall is expected to move over the area after 2 am cdt. * some locations that will experience flooding include... brown lake and shanklin bluff. additional rainfall of 1 to 2 inches is possible over the area overnight. this additional rain will result in minor flooding. this includes the following highways... highway 92 between mile markers 220 and 222. highway 83 between mile markers 115 and 129.",['urban and small stream flood advisory'],"['1139 pm cdt', '2 am cdt']",['until 645 am cdt tuesday'],[],"['north platte', 'central logan county', 'west central nebraska', 'brown lake', 'shanklin bluff', 'highway 92 between mile markers 220 and 222', 'highway 83 between mile markers 115 and 129']",[],[],"['expect', 'some', 'possible', 'indicate', 'will']",[],[]
NWS-IDP-PROD-4262135-3591030,2020-06-08T01:12:00.000Z,Actual,Alert,NWS Aberdeen SD,Severe Thunderstorm Warning,['Shelter'],Immediate,Severe,Observed,Severe Thunderstorm Warning issued June 7 at 8:12PM CDT until June 7 at 9:00PM CDT by NWS Aberdeen SD,"The National Weather Service in Aberdeen has issued a

* Severe Thunderstorm Warning for...
Northwestern Jones County in central South Dakota...
Southwestern Stanley County in central South Dakota...

* Until 900 PM CDT/800 PM MDT/.

* At 812 PM CDT/712 PM MDT/, a severe thunderstorm was located over
Bunker, or 30 miles northeast of Philip, moving east at 40 mph.

HAZARD...70 mph wind gusts and ping pong ball size hail.

SOURCE...Radar indicated.

IMPACT...People and animals outdoors will be injured. Expect hail
damage to roofs, siding, windows, and vehicles. Expect
considerable tree damage. Wind damage is also likely to
mobile homes, roofs, and outbuildings.

* Locations impacted include...
Capa, Van Metre, Brown Church, Bunker, Hayes, Wendte and Chantier
Creek Recreation Area.","For your protection move to an interior room on the lowest floor of a
building.

Prepare immediately for large hail and damaging winds. People outside
should move immediately to shelter inside a strong building. Stay
away from windows.

To report severe weather, contact your nearest law enforcement
agency. They will send your report to the National Weather Service
office in Aberdeen.","Jones, SD; Stanley, SD",2020-06-08,01:12:00,"the national weather service in aberdeen has issued a * severe thunderstorm warning for... northwestern jones county in central south dakota... southwestern stanley county in central south dakota... * until 900 pm cdt/800 pm mdt/. * at 812 pm cdt/712 pm mdt/, a severe thunderstorm was located over bunker, or 30 miles northeast of philip, moving east at 40 mph. hazard...70 mph wind gusts and ping pong ball size hail. source...radar indicated. impact...people and animals outdoors will be injured. expect hail damage to roofs, siding, windows, and vehicles. expect considerable tree damage. wind damage is also likely to mobile homes, roofs, and outbuildings. * locations impacted include... capa, van metre, brown church, bunker, hayes, wendte and chantier creek recreation area.",['radar indicated'],['812 pm cdt'],['until 900 pm cdt/800 pm mdt/'],[],"['aberdeen', 'northwestern jones county', 'central south dakota', 'southwestern stanley county', 'central south dakota', 'bunker', 'philip', 'capa', 'van metre', 'brown church', 'bunker', 'hayes', 'wendte', 'chantier creek recreation area']","['40 mph', '70 mph']",[],"['expect', 'like', 'consider', 'likely', 'indicate', 'will']","['expect hail damage to roofs, siding, windows, and vehicles', 'expect considerable tree damage']",[]
NWS-130404-691372,2014-01-02T05:00:28.000Z,Actual,Alert,NWS Wichita KS,Extreme Fire Danger,['Prepare'],Expected,Moderate,Likely,Extreme Fire Danger issued January 1 at 11:00PM CST by NWS Wichita KS,"THE GFDI DOES NOT ACCOUNT FOR PRECIPITATION THAT OCCURS WITHIN
THE HOUR PRECEDING ANY GIVEN FORECAST HOUR BELOW OR ANY SNOW ON
THE GROUND AT THE FORECAST HOUR. PLEASE MAKE APPROPRIATE ADJUSTMENTS.(ALL TIME REFERENCES ARE IN CST)

DAY/DATE      24HR INDEX   *  MID  3AM  6AM  9AM NOON  3PM  6PM  9PM
WED JAN 01  MODERATE    5  *                                         
THU JAN 02  MODERATE    3  *   M    L    L    L    L    L    L    L  
FRI JAN 03  VERY HIGH  23  *   L    L    L    M    H    V    H    M  
SAT JAN 04  HIGH       10  *   M    L    L    L    M    H    H    M  
SUN JAN 05  MODERATE    3  *   M    L    M    L    L    L    L    L  
MON JAN 06  MODERATE    4  *   L    M    M    M    M    M    L    L",,Harper,2014-01-02,05:00:28,the gfdi does not account for precipitation that occurs within the hour preceding any given forecast hour below or any snow on the ground at the forecast hour. please make appropriate adjustments.(all time references are in cst) day/date 24hr index * mid 3am 6am 9am noon 3pm 6pm 9pm wed jan 01 moderate 5 * thu jan 02 moderate 3 * m l l l l l l l fri jan 03 very high 23 * l l l m h v h m sat jan 04 high 10 * m l l l m h h m sun jan 05 moderate 3 * m l m l l l l l mon jan 06 moderate 4 * l m m m m m l l,[],"['mid', 'noon']",[],[],[],"['moderate', 'moderate', 'high', 'high', 'moderate', 'moderate']",[],[],['please make appropriate adjustments'],[]
NWS-IDP-PROD-4259690-3589232,2020-06-07T01:08:00.000Z,Actual,Update,NWS Cheyenne WY,Severe Thunderstorm Watch,['Monitor'],Future,Severe,Possible,Severe Thunderstorm Watch issued June 6 at 7:08PM MDT until June 6 at 8:00PM MDT by NWS Cheyenne WY,"SEVERE THUNDERSTORM WATCH 263 REMAINS VALID UNTIL 8 PM MDT THIS
EVENING FOR THE FOLLOWING AREAS

IN NEBRASKA THIS WATCH INCLUDES 4 COUNTIES

IN PANHANDLE NEBRASKA

CHEYENNE

IN WESTERN NEBRASKA

BOX BUTTE             DAWES                 MORRILL

THIS INCLUDES THE CITIES OF ALLIANCE, ANGORA, BAYARD, BRIDGEPORT,
BROWNSON, CHADRON, CHADRON ST PARK, REDINGTON, AND SIDNEY.",,"Cheyenne, NE; Box Butte, NE; Morrill, NE; Dawes, NE",2020-06-07,01:08:00,"severe thunderstorm watch 263 remains valid until 8 pm mdt this evening for the following areas in nebraska this watch includes 4 counties in panhandle nebraska cheyenne in western nebraska box butte dawes morrill this includes the cities of alliance, angora, bayard, bridgeport, brownson, chadron, chadron st park, redington, and sidney.",['severe thunderstorm watch'],['8 pm mdt'],[],[],"['nebraska', 'nebraska cheyenne', 'nebraska box butte', 'dawes                 morrill', 'alliance', 'angora', 'bayard', 'bridgeport', 'brownson', 'chadron', 'chadron', 'redington', 'sidney']",[],['4 counties'],[],[],[]
NWS-IDP-PROD-4253849,2020-06-04T22:33:00.000Z,Actual,Alert,NWS Quad Cities IA IL,Special Weather Statement,['Execute'],Expected,Moderate,Observed,Special Weather Statement issued June 4 at 5:33PM CDT by NWS Quad Cities IA IL,"At 532 PM CDT, a strong thunderstorm was located over Wheatland, or
16 miles southwest of Maquoketa, moving southeast at 10 mph.

Winds in excess of 40 mph and nickel size hail are possible with this
storm.

Locations impacted include...
Wheatland, Grand Mound, Calamus, Sherman Park and Big Rock.

Torrential rainfall is also occurring with this storm. Minor flooding
of low lying areas, creeks, streams and urban areas is possible. If
you encounter water over a roadway, do not drive through it.

Frequent cloud to ground lightning is occurring with this storm.
Lightning can strike 10 miles away from a thunderstorm. Seek a safe
shelter inside a building or vehicle.",,"Clinton, IA",2020-06-04,22:33:00,"at 532 pm cdt, a strong thunderstorm was located over wheatland, or 16 miles southwest of maquoketa, moving southeast at 10 mph. winds in excess of 40 mph and nickel size hail are possible with this storm. locations impacted include... wheatland, grand mound, calamus, sherman park and big rock. torrential rainfall is also occurring with this storm. minor flooding of low lying areas, creeks, streams and urban areas is possible. if you encounter water over a roadway, do not drive through it. frequent cloud to ground lightning is occurring with this storm. lightning can strike 10 miles away from a thunderstorm. seek a safe shelter inside a building or vehicle.",[],['532 pm cdt'],[],['frequent cloud to ground lightning'],"['wheatland', 'maquoketa', 'wheatland', 'grand mound', 'calamus', 'sherman park', 'big rock']",['winds in excess of 40 mph'],[],"['possible', 'can']","['do not drive through it', 'seek a safe shelter inside a building or vehicle']",[]
NWS-IDP-PROD-4263900-3592302,2020-06-08T20:42:00.000Z,Actual,Update,NWS Mobile AL,Flash Flood Warning,['Avoid'],Immediate,Severe,Likely,Flash Flood Warning issued June 8 at 3:42PM CDT until June 8 at 6:15PM CDT by NWS Mobile AL,"At 337 PM CDT, Doppler radar indicated additional bands of heavy
rain moving across the warned area. Between 4 and 8 inches of rain
have fallen with very localized amounts approaching 10 inches since
last night. Bands of heavy rain training over these areas will be
capable of producing 1 to 2 inches of rain in a short period of
time. Excessive runoff from heavy rainfall will result in flash
flooding.

HAZARD...Flash flooding caused by heavy rain.

SOURCE...Doppler radar.

IMPACT...Flooding of small creeks and streams, urban areas,
highways, streets and underpasses as well as other
drainage and low lying areas.

Some locations that will experience flash flooding include...
Citronelle, Lucedale, Chatom, Chunchula, Deer Park, Gulfcrest,
Tibbie, Tanner Williams, Fruitdale, Wilmer, Dwight, Sidney,
Russell, Walley, Burbank, Rounsaville, Earlville, Boothetown,
Pisgah and Lambert.","Turn around, don't drown when encountering flooded roads. Most flood
deaths occur in vehicles.","Washington, AL; Mobile, AL; George, MS; Greene, MS",2020-06-08,20:42:00,"at 337 pm cdt, doppler radar indicated additional bands of heavy rain moving across the warned area. between 4 and 8 inches of rain have fallen with very localized amounts approaching 10 inches since last night. bands of heavy rain training over these areas will be capable of producing 1 to 2 inches of rain in a short period of time. excessive runoff from heavy rainfall will result in flash flooding. hazard...flash flooding caused by heavy rain. source...doppler radar. impact...flooding of small creeks and streams, urban areas, highways, streets and underpasses as well as other drainage and low lying areas. some locations that will experience flash flooding include... citronelle, lucedale, chatom, chunchula, deer park, gulfcrest, tibbie, tanner williams, fruitdale, wilmer, dwight, sidney, russell, walley, burbank, rounsaville, earlville, boothetown, pisgah and lambert.",[],['337 pm cdt'],[],[],"['urban areas', 'highways', 'streets and underpasses', 'citronelle', 'lucedale', 'chatom', 'chunchula', 'deer park', 'gulfcrest', 'tibbie', 'tanner williams', 'fruitdale', 'wilmer', 'dwight', 'sidney', 'russell', 'walley', 'burbank', 'rounsaville', 'earlville', 'boothetown', 'pisgah', 'lambert']",[],[],"['some', 'indicate', 'will']",[],[]
NWS-IDP-PROD-4256565-3587190,2020-06-05T21:57:00.000Z,Actual,Update,NWS San Francisco CA,Small Craft Advisory,['Avoid'],Expected,Minor,Likely,Small Craft Advisory issued June 5 at 2:57PM PDT until June 5 at 3:00PM PDT by NWS San Francisco CA,"* WHAT...Northwest winds 10 to 20 kt with gusts up to 25 kt and
seas 8 to 12 feet at 12 seconds.

* WHERE...Waters from Point Arena to Point Reyes 10-60 NM.

* WHEN...Until 3 PM PDT this afternoon.

* IMPACTS...Conditions will be hazardous to small craft.","Inexperienced mariners, especially those operating smaller
vessels, should avoid navigating in hazardous conditions.",Waters from Point Arena to Point Reyes 10-60 NM,2020-06-05,21:57:00,* what...northwest winds 10 to 20 kt with gusts up to 25 kt and seas 8 to 12 feet at 12 seconds. * where...waters from point arena to point reyes 10-60 nm. * when...until 3 pm pdt this afternoon. * impacts...conditions will be hazardous to small craft.,[],['3 pm pdt this afternoon'],[],[],"['point arena', 'point reyes']","['10 to 20 kt', 'up to 25 kt', '8 to 12 feet']",['10-60 nm'],['will'],['conditions will be hazardous to small craft'],['impacts']
NWS-130404-693286-479846,2014-01-03T02:29:10.000Z,Actual,Alert,NWS Chicago IL,Winter Weather Advisory,['Execute'],Expected,Moderate,Likely,Winter Weather Advisory issued January 2 at 8:28PM CST expiring January 4 at 9:00AM CST by NWS Chicago IL,"THE NATIONAL WEATHER SERVICE IN CHICAGO HAS ISSUED A WINTER
WEATHER ADVISORY FOR BLOWING AND DRIFTING SNOW...WHICH IS IN EFFECT
FROM 4 PM CST FRIDAY TO 9 AM CST SATURDAY.

* TIMING...BLOWING AND DRIFTING SNOW BEGINNING FRIDAY AFTERNOON.
  CONSIDERABLE BLOWING AND DRIFTING SNOW WITH BLIZZARD LIKE
  CONDITIONS FRIDAY EVENING THROUGH EARLY SATURDAY MORNING. 

* IMPACTS...WINDS SHIFT TO THE SOUTH FRIDAY MORNING WITH SPEEDS
  APPROACHING 20 TO 25 MPH AND GUSTS NEAR 35 MPH. THIS WILL CREATE
  CONSIDERABLE BLOWING AND DRIFTING OF SNOW WITH VISIBILITIES
  REDUCED TO NEAR ZERO AT TIMES...MAINLY IN OPEN AND RURAL AREAS.","A WINTER WEATHER ADVISORY FOR BLOWING SNOW MEANS THAT
VISIBILITIES WILL BE LIMITED DUE TO STRONG WINDS BLOWING SNOW
AROUND. USE CAUTION WHEN TRAVELING...ESPECIALLY IN OPEN AREAS.

",Cook; Kankakee; Iroquois; Will; Benton; DuPage; Ford,2014-01-03,02:29:10,the national weather service in chicago has issued a winter weather advisory for blowing and drifting snow...which is in effect from 4 pm cst friday to 9 am cst saturday. * timing...blowing and drifting snow beginning friday afternoon. considerable blowing and drifting snow with blizzard like conditions friday evening through early saturday morning. * impacts...winds shift to the south friday morning with speeds approaching 20 to 25 mph and gusts near 35 mph. this will create considerable blowing and drifting of snow with visibilities reduced to near zero at times...mainly in open and rural areas.,['winter weather advisory'],"['4 pm cst friday', '9 am cst saturday', 'friday afternoon', 'friday evening', 'early saturday morning', 'friday morning']",[],[],"['chicago', 'open and rural areas']","['speeds   approaching 20 to 25 mph', 'gusts near 35 mph']",[],"['like', 'consider', 'mainly', 'will']",[],['impacts']
NWS-IDP-PROD-4257394-3587724,2020-06-06T04:54:00.000Z,Actual,Update,NWS Wilmington NC,Coastal Flood Advisory,['Monitor'],Expected,Minor,Likely,Coastal Flood Advisory issued June 6 at 12:54AM EDT until June 6 at 1:00AM EDT by NWS Wilmington NC,"Water levels are no longer causing minor flooding impacts and
therefore the advisory will be allowed to expire.",,Inland New Hanover,2020-06-06,04:54:00,water levels are no longer causing minor flooding impacts and therefore the advisory will be allowed to expire.,['advisory'],[],[],[],[],[],['water levels'],['will'],[],['minor flooding impacts']
NWS-IDP-PROD-4255629-3586613,2020-06-05T13:24:00.000Z,Actual,Update,NWS Baltimore MD/Washington DC,Small Craft Advisory,['Avoid'],Expected,Minor,Likely,Small Craft Advisory issued June 5 at 9:24AM EDT until June 5 at 8:00PM EDT by NWS Baltimore MD/Washington DC,"* WHAT...South winds 10 to 15 kt with gusts up to 20 kt expected.

* WHERE...Chester River to Queenstown MD, Eastern Bay, Tangier
Sound and the inland waters surrounding Bloodsworth Island,
Chesapeake Bay from Drum Point MD to Smith Point VA and
Choptank River to Cambridge MD and the Little Choptank River.

* WHEN...Until 8 PM EDT this evening.

* IMPACTS...Conditions will be hazardous to small craft.","Inexperienced mariners, especially those operating smaller
vessels, should avoid navigating in hazardous conditions.",Chester River to Queenstown MD; Chesapeake Bay from Drum Point MD to Smith Point VA; Eastern Bay; Choptank River to Cambridge MD and the Little Choptank River; Tangier Sound and the inland waters surrounding Bloodsworth Island,2020-06-05,13:24:00,"* what...south winds 10 to 15 kt with gusts up to 20 kt expected. * where...chester river to queenstown md, eastern bay, tangier sound and the inland waters surrounding bloodsworth island, chesapeake bay from drum point md to smith point va and choptank river to cambridge md and the little choptank river. * when...until 8 pm edt this evening. * impacts...conditions will be hazardous to small craft.",[],['this evening'],[],[],"['chester river', 'queenstown md', 'eastern bay', 'tangier sound', 'bloodsworth island', 'chesapeake bay', 'drum point md', 'smith point va', 'choptank river', 'cambridge md', 'little choptank river']","['10 to 15 kt', 'gusts up to 20 kt']",[],"['expect', 'little', 'will']",[],['impacts']
NWS-IDP-PROD-4265139,2020-06-09T09:58:00.000Z,Actual,Alert,NWS Charleston SC,Marine Weather Statement,['Monitor'],Expected,Minor,Observed,Marine Weather Statement issued June 9 at 5:58AM EDT by NWS Charleston SC,"Showers were developing over South Carolina coastal waters early
Tuesday morning. Conditions are favorable for any showers or
thunderstorms to produce brief waterspouts this morning.","If waterspouts occur, move your boat away from the waterspout.
Remember that waterspouts can develop rapidly and produce winds
and seas that are dangerous for vessels and everyone onboard.

Report waterspouts to the Coast Guard and ask them to relay the
report to the National Weather Service in Charleston.",Waters from South Santee River SC to Edisto Beach SC extending from 20 nm to 40 nm; Charleston Harbor; Waters from Edisto Beach SC to Savannah GA extending from 20 nm to 40 nm; Coastal waters from Edisto Beach SC to Savannah GA out 20 nm; Coastal waters from South Santee River to Edisto Beach SC out 20 nm,2020-06-09,09:58:00,showers were developing over south carolina coastal waters early tuesday morning. conditions are favorable for any showers or thunderstorms to produce brief waterspouts this morning.,[],"['early tuesday morning', 'this morning']",['brief'],[],['south carolina coastal waters'],[],['waterspouts'],[],[],[]
NWS-IDP-PROD-4253665-3585204,2020-06-04T21:34:00.000Z,Actual,Alert,NWS State College PA,Flood Advisory,['Avoid'],Expected,Minor,Likely,Flood Advisory issued June 4 at 5:34PM EDT until June 4 at 7:30PM EDT by NWS State College PA,"The National Weather Service in State College PA has issued a

* Flood Advisory for...
Southwestern Schuylkill County in central Pennsylvania...
Northeastern Dauphin County in south central Pennsylvania...
Northwestern Lebanon County in south central Pennsylvania...

* Until 730 PM EDT.

* At 532 PM EDT, Doppler radar indicated heavy rain has been falling
for about an hour over the advisory area. Up to one and a half
inches of rain has already fallen and additional thunderstorms are
expected to bring more heavy rain.

* Some locations that will experience flooding include...
Pine Grove, Tremont, Williamstown, Fredericksburg, Tower City,
Harper Tavern, Lickdale, Fort Indiantown Gap, Penn National Race
Course, Jonestown, Ravine, Muir, Orwin and Ono.","Turn around, don't drown when encountering flooded roads. Most flood
deaths occur in vehicles.","Lebanon, PA; Dauphin, PA; Schuylkill, PA",2020-06-04,21:34:00,"the national weather service in state college pa has issued a * flood advisory for... southwestern schuylkill county in central pennsylvania... northeastern dauphin county in south central pennsylvania... northwestern lebanon county in south central pennsylvania... * until 730 pm edt. * at 532 pm edt, doppler radar indicated heavy rain has been falling for about an hour over the advisory area. up to one and a half inches of rain has already fallen and additional thunderstorms are expected to bring more heavy rain. * some locations that will experience flooding include... pine grove, tremont, williamstown, fredericksburg, tower city, harper tavern, lickdale, fort indiantown gap, penn national race course, jonestown, ravine, muir, orwin and ono.",[],['532 pm edt'],['until 730 pm edt'],[],"['state college pa', 'southwestern schuylkill county', 'central pennsylvania', 'northeastern dauphin county', 'south central pennsylvania', 'northwestern lebanon county', 'south central pennsylvania', 'pine grove', 'tremont', 'williamstown', 'fredericksburg', 'tower city', 'harper tavern', 'lickdale', 'fort indiantown gap', 'penn national race course', 'jonestown', 'ravine', 'muir', 'orwin', 'ono']",['heavy rain'],['up to one and a half inches'],"['expect', 'some', 'read', 'about', 'indicate', 'will']",[],[]
NWS-130404-689498-476685,2013-12-31T22:23:17.000Z,Actual,Update,NWS Cheyenne WY,High Wind Warning,['Prepare'],Expected,Severe,Likely,High Wind Warning issued December 31 at 3:23PM MST expiring December 31 at 11:00PM MST by NWS Cheyenne WY,".A LARGE DIFFERENCE IN SURFACE PRESSURE ACROSS SOUTHEAST WYOMING
WILL PERSIST THROUGH THIS EVENING...PRODUCING STRONG WEST WINDS
WITH GUSTS AS HIGH AS 65 MPH IN SOME AREAS ALONG AND WEST OF THE
LARAMIE RANGE. WINDS WILL CONTINUE TO SLOWLY DECREASE IN SPEED
DURING THE EVENING HOURS.A HIGH WIND WARNING REMAINS IN EFFECT UNTIL 11 PM MST THIS
EVENING. 

* TIMING...THROUGH 11 PM THIS EVENING.

* WINDS...WEST 35 TO 45 MPH SUSTAINED WITH GUSTS TO 65 MPH.

* IMPACTS...MAINLY TO TRANSPORTATION. LIGHT WEIGHT AND HIGH 
  PROFILE VEHICLES WILL BE IMPACTED BY STRONG CROSS WINDS NEAR 
  ARLINGTON...BORDEAUX AND ON THE INTERSTATE 80 SUMMIT BETWEEN 
  CHEYENNE AND LARAMIE. BLOW OFFS OR BLOW OVERS OF THESE 
  VEHICLES ARE POSSIBLE.","A HIGH WIND WARNING MEANS A HAZARDOUS HIGH WIND EVENT IS EXPECTED
OR OCCURRING. SUSTAINED WIND SPEEDS OF AT LEAST 40 MPH OR GUSTS
OF 58 MPH OR MORE CAN LEAD TO PROPERTY DAMAGE. THE LATEST ROAD
CONDITIONS PROVIDED BY THE WYOMING DEPARTMENT OF TRANSPORTATION
AND NEBRASKA DEPARTMENT OF ROADS ARE AVAILABLE BY CALLING
5 1 1 OR ON THE INTERNET.

",Laramie; Carbon; Albany; Platte,2013-12-31,22:23:17,.a large difference in surface pressure across southeast wyoming will persist through this evening...producing strong west winds with gusts as high as 65 mph in some areas along and west of the laramie range. winds will continue to slowly decrease in speed during the evening hours.a high wind warning remains in effect until 11 pm mst this evening. * timing...through 11 pm this evening. * winds...west 35 to 45 mph sustained with gusts to 65 mph. * impacts...mainly to transportation. light weight and high profile vehicles will be impacted by strong cross winds near arlington...bordeaux and on the interstate 80 summit between cheyenne and laramie. blow offs or blow overs of these vehicles are possible.,['high wind warning'],"['this evening', 'this evening', 'this evening']",[],[],"['southeast wyoming', 'laramie', 'arlington', 'bordeaux', 'interstate 80 summit', 'cheyenne and laramie']","['gusts as high as 65 mph', 'gusts to 65 mph']",[],"['some', 'possible', 'mainly', 'will']",[],"['mainly to transportation', 'light weight and high    profile vehicles', 'blow offs or blow overs of these    vehicles are possible']"
NWS-130404-693660-480270,2014-01-03T07:23:59.000Z,Actual,Update,NWS Bismarck ND,Blizzard Watch,['Prepare'],Future,Extreme,Possible,Blizzard Watch issued January 3 at 1:23AM CST expiring January 4 at 12:00PM CST by NWS Bismarck ND,"...BLIZZARD WATCH WESTERN AND CENTRAL NORTH DAKOTA FRIDAY
AFTERNOON THROUGH SATURDAY MORNING...

.STRONG NORTHWEST WINDS TO 40 MPH ARE POSSIBLE FRIDAY AFTERNOON
ACROSS NORTHERN NORTH DAKOTA STRONG WINDS AND ADDITIONAL LIGHT SNOW MAY LEAD TO BLIZZARD
CONDITIONS WITH VISIBILITIES TO LESS THAN ONE QUARTER MILE FRIDAY
AFTERNOON THROUGH SATURDAY MORNING.

DANGEROUSLY COLD ARCTIC AIR WILL SPREAD ACROSS THE REGION SATURDAY
NIGHT AND REMAIN IN PLACE THROUGH EARLY NEXT WEEK. LOW TEMPERATURES
TO 30 BELOW WITH WIND CHILLS TO 60 BELOW ZERO ARE POSSIBLE SATURDAY
NIGHT THROUGH TUESDAY MORNING.

IF TRAVELING...BE SURE TO HAVE A WINTER SURVIVAL KIT...INFORM
OTHERS OF YOUR TRAVEL PLANS...AND BE READY FOR THE CHALLENGES YOU
COULD FACE IF STRANDED. DRESS FOR THE OUTSIDE WEATHER...NOT THE
INSIDE CAR TEMPERATURE.* TIMING...FRIDAY EVENING INTO SATURDAY MORNING.

* WINDS/VISIBILITY...GUSTS TO 40 MPH WITH VISIBILITIES LESS THAN 
  ONE QUARTER MILE POSSIBLE. 

* SNOW ACCUMULATIONS...LESS THAN ONE INCH.

* IMPACTS...DANGEROUS TRAVEL CONDITIONS POSSIBLE.","A BLIZZARD WATCH MEANS THERE IS A POTENTIAL FOR SNOW...AND OR
BLOWING SNOW WITH STRONG WINDS AND EXTREMELY POOR VISIBILITIES.
THIS CAN LEAD TO WHITEOUT CONDITIONS AND MAKE TRAVEL EXTREMELY
DANGEROUS.

",Morton; Sioux; McLean; Sheridan; LaMoure; Kidder; Golden Valley; Grant; Adams; Billings; Hettinger; McIntosh; Bowman; Dickey; Foster; Burleigh; Emmons; Logan; Mercer; Oliver; Slope; Stark; Stutsman; Wells; Dunn,2014-01-03,07:23:59,...blizzard watch western and central north dakota friday afternoon through saturday morning... .strong northwest winds to 40 mph are possible friday afternoon across northern north dakota strong winds and additional light snow may lead to blizzard conditions with visibilities to less than one quarter mile friday afternoon through saturday morning. dangerously cold arctic air will spread across the region saturday night and remain in place through early next week. low temperatures to 30 below with wind chills to 60 below zero are possible saturday night through tuesday morning. if traveling...be sure to have a winter survival kit...inform others of your travel plans...and be ready for the challenges you could face if stranded. dress for the outside weather...not the inside car temperature.* timing...friday evening into saturday morning. * winds/visibility...gusts to 40 mph with visibilities less than one quarter mile possible. * snow accumulations...less than one inch. * impacts...dangerous travel conditions possible.,['blizzard watch'],"['friday afternoon', 'saturday morning', 'friday afternoon', 'friday afternoon', 'saturday morning', 'saturday night', 'saturday night', 'friday evening into saturday morning']",[],[],"['western and central north dakota', 'northern north dakota']","['strong northwest winds to 40 mph', 'dangerously cold arctic air', 'gusts to 40 mph']","['low temperatures to 30 below', 'less than one inch']","['may', 'could', 'possible', 'read', 'be sure', 'will']","['be sure to have a winter survival kit', 'inform others of your travel plans', 'and be ready for the challenges you could face if stranded', 'dress for the outside weather']",['impacts']
NWS-130404-692943-479517,2014-01-02T21:57:58.000Z,Actual,Alert,NWS Sioux Falls SD,Wind Chill Advisory,['Prepare'],Expected,Moderate,Likely,Wind Chill Advisory issued January 2 at 3:57PM CST expiring January 3 at 6:00AM CST by NWS Sioux Falls SD,"THE NATIONAL WEATHER SERVICE IN SIOUX FALLS HAS ISSUED A WIND
CHILL ADVISORY...WHICH IS IN EFFECT UNTIL 6 AM CST FRIDAY. 

* WIND AND VISIBILITY...SOUTH TO SOUTHWESTERLY WINDS WILL INCREASE
  THROUGH THE NIGHT...GUSTING UP TO 30 MPH AFTER MIDNIGHT. AREAS OF
  BLOWING AND DRIFTING SNOW ARE ALSO POSSIBLE LATER TONIGHT INTO
  FRIDAY AFTERNOON. VISIBILITY MAY BE REDUCED IN FAVORABLY EXPOSED
  AREAS.

* WIND CHILL VALUES...WIND CHILL VALUES OF 20 BELOW TO 25 BELOW ZERO
  ARE EXPECTED THIS EVENING INTO THE EARLY MORNING HOURS.","A WIND CHILL ADVISORY IS ISSUED WHEN A STRONG WIND WILL COMBINE
WITH COLD TEMPERATURES TO CREATE DANGEROUSLY COLD CONDITIONS FOR
EXPOSED SKIN.  THE WIND WILL MAKE IT FEEL LIKE IT IS 20 DEGREES
BELOW ZERO OR COLDER FOR A PERIOD OF SEVERAL HOURS.  THOSE
PLANNING TO VENTURE OUTDOORS SHOULD DRESS WARMLY...MAKING SURE
THAT ALL EXPOSED SKIN IS COVERED.

",Buena Vista; Clay; Osceola; O'Brien; Lyon; Dickinson; Rock; Minnehaha; Miner; McCook; Sanborn; Beadle,2014-01-02,21:57:58,the national weather service in sioux falls has issued a wind chill advisory...which is in effect until 6 am cst friday. * wind and visibility...south to southwesterly winds will increase through the night...gusting up to 30 mph after midnight. areas of blowing and drifting snow are also possible later tonight into friday afternoon. visibility may be reduced in favorably exposed areas. * wind chill values...wind chill values of 20 below to 25 below zero are expected this evening into the early morning hours.,['wind chill advisory'],"['6 am cst friday', 'after midnight', 'later tonight into   friday afternoon', 'this evening into the early morning hours']",[],[],['sioux falls'],['gusting up to 30 mph'],"['visibility may be reduced', 'wind chill values', 'wind chill values']","['expect', 'may', 'possible', 'will']",[],[]
NWS-IDP-PROD-4258132-3588200,2020-06-06T15:34:00.000Z,Actual,Update,NWS Los Angeles/Oxnard CA,Small Craft Advisory,['Avoid'],Expected,Minor,Likely,Small Craft Advisory issued June 6 at 8:34AM PDT until June 8 at 3:00AM PDT by NWS Los Angeles/Oxnard CA,"* WHAT...Hazardous sea conditions.

* WHERE...East Santa Barbara Channel from Pt. Conception to Pt.
Mugu CA including Santa Cruz Island.

* WHEN...From 3 PM this afternoon to 3 AM PDT Monday.

* IMPACTS...Conditions will be hazardous to small craft.

* ADDITIONAL DETAILS...See the Coastal Waters Forecast (CWFLOX).","Inexperienced mariners, especially those operating smaller
vessels, should avoid navigating in hazardous conditions.",East Santa Barbara Channel from Pt. Conception to Pt. Mugu CA including Santa Cruz Island,2020-06-06,15:34:00,* what...hazardous sea conditions. * where...east santa barbara channel from pt. conception to pt. mugu ca including santa cruz island. * when...from 3 pm this afternoon to 3 am pdt monday. * impacts...conditions will be hazardous to small craft. * additional details...see the coastal waters forecast (cwflox).,[],"['3 pm this afternoon', '3 am pdt monday']",[],[],"['east santa barbara channel', 'pt. conception', 'pt. mugu ca including santa cruz island']",[],[],['will'],[],['impacts']
NWS-IDP-PROD-4261735,2020-06-07T21:47:00.000Z,Actual,Alert,NWS Billings MT,Special Weather Statement,['Execute'],Expected,Moderate,Observed,Special Weather Statement issued June 7 at 3:47PM MDT by NWS Billings MT,"At 347 PM MDT, Doppler radar was tracking a strong thunderstorm 30
miles north of Spotted Horse, or 38 miles southwest of Broadus,
moving northeast at 30 mph.

Nickel size hail and wind gusts up to 50 mph are possible with this
storm, along with frequent lightning and heavy rainfall.

Locations impacted include...
Sonnette.",,Powder River,2020-06-07,21:47:00,"at 347 pm mdt, doppler radar was tracking a strong thunderstorm 30 miles north of spotted horse, or 38 miles southwest of broadus, moving northeast at 30 mph. nickel size hail and wind gusts up to 50 mph are possible with this storm, along with frequent lightning and heavy rainfall. locations impacted include... sonnette.",[],['347 pm mdt'],[],['frequent lightning'],"['spotted horse', 'broadus', 'sonnette']","['30 mph', 'up to 50 mph']",[],['possible'],[],['locations impacted include']
NWS-130404-688912-476358,2013-12-31T15:47:41.000Z,Actual,Update,NWS Buffalo NY,Lake Effect Snow Advisory,['Execute'],Expected,Moderate,Likely,Lake Effect Snow Advisory issued December 31 at 10:46AM EST expiring December 31 at 7:00PM EST by NWS Buffalo NY,"* LOCATIONS...ALLEGANY COUNTY...MAINLY WESTERN PORTIONS.

* TIMING...THROUGH EARLY THIS EVENING.

* ACCUMULATIONS...2 TO 4 INCHES TODAY AND AN INCH OR LESS 
  TONIGHT.

* WINDS...WEST 10 TO 20 MPH.

* VISIBILITIES...UNDER A HALF MILE AT TIMES.

* IMPACTS...TRAVEL WILL BE DIFFICULT AT TIMES WITH SNOW COVERED 
  ROADS AND POOR VISIBILITY DUE TO SNOW.","STAY TUNED TO NOAA WEATHER RADIO OR YOUR FAVORITE SOURCE OF
WEATHER INFORMATION FOR THE LATEST UPDATES. ADDITIONAL DETAILS
CAN ALSO BE FOUND AT WWW.WEATHER.GOV/BUFFALO.

REPORT SNOW ACCUMULATION TO THE NATIONAL WEATHER SERVICE IN
BUFFALO BY SENDING AN EMAIL TO BUFSTORM.REPORT@NOAA.GOV...POSTING
TO THE NWS BUFFALO FACEBOOK PAGE...OR TWEET...USING THE HASHTAG
BUFWX

IN LAKE EFFECT SNOW THE WEATHER CAN VARY FROM LOCALLY HEAVY SNOW
IN NARROW BANDS TO CLEAR SKIES JUST A FEW MILES AWAY. IF YOU WILL
BE TRAVELING ACROSS THE REGION BE PREPARED FOR RAPID CHANGES IN
ROAD AND VISIBILITY CONDITIONS.

",Allegany,2013-12-31,15:47:41,* locations...allegany county...mainly western portions. * timing...through early this evening. * accumulations...2 to 4 inches today and an inch or less tonight. * winds...west 10 to 20 mph. * visibilities...under a half mile at times. * impacts...travel will be difficult at times with snow covered roads and poor visibility due to snow.,[],"['today', 'tonight']",['through early this evening'],[],"['allegany county', 'mainly western portions']",['10 to 20 mph'],"['accumulations', '2 to 4 inches', 'an inch or less', 'winds', 'visibilities', 'under a half mile']","['mainly', 'will']",[],"['impacts', 'travel will be difficult']"
NWS-130404-682882-472367,2013-12-27T03:02:00.000Z,Actual,Update,NWS Buffalo NY,Lake Effect Snow Warning,['Avoid'],Expected,Extreme,Likely,Lake Effect Snow Warning issued December 26 at 10:01PM EST expiring December 27 at 4:00PM EST by NWS Buffalo NY,"* LOCATIONS...EASTERN LAKE ONTARIO REGION...MAINLY ACROSS FAR 
  SOUTHERN JEFFERSON COUNTY AND NORTHERN OSWEGO COUNTY EXTENDING 
  EAST ACROSS CENTRAL LEWIS COUNTY. GREATEST AMOUNTS ON THE TUG 
  HILL PLATEAU. 

* TIMING...THROUGH LATE FRIDAY AFTERNOON.

* ACCUMULATIONS...4 TO 8 INCHES OVERNIGHT AND 3 TO 5 INCHES 
  FRIDAY.

* VISIBILITIES...AS LOW AS A QUARTER MILE AT TIMES.

* IMPACTS...LOCALLY HEAVY SNOW SQUALLS WILL PRODUCE VERY POOR 
  VISIBILITY AND SNOW COVERED ROADS. TRAVEL WILL BE IMPACTED 
  ALONG INTERSTATE 81 FROM PARISH TO MANNSVILLE.","IF YOU LOSE POWER AND PLAN ON RUNNING A GENERATOR...MAKE SURE
THAT THE GENERATOR IS LOCATED OUTDOORS AND IS PROPERLY
VENTILATED. SPACE HEATERS SHOULD ALSO BE PROPERLY VENTILATED AND
USED ONLY IF THEY ARE OPERATING PROPERLY. MAKE SURE SNOW DOES NOT
BLOCK EXHAUSTS AND FRESH AIR INTAKES FOR HIGH EFFICIENCY FURNACES
AND WATER HEATERS.

STAY TUNED TO NOAA WEATHER RADIO OR YOUR FAVORITE SOURCE OF
WEATHER INFORMATION FOR THE LATEST UPDATES. ADDITIONAL DETAILS
CAN ALSO BE FOUND AT WWW.WEATHER.GOV/BUFFALO.

IN LAKE EFFECT SNOW THE WEATHER CAN VARY FROM LOCALLY HEAVY SNOW
IN NARROW BANDS TO CLEAR SKIES JUST A FEW MILES AWAY. IF YOU WILL
BE TRAVELING ACROSS THE REGION BE PREPARED FOR RAPID CHANGES IN
ROAD AND VISIBILITY CONDITIONS.

REPORT SNOW ACCUMULATION TO THE NATIONAL WEATHER SERVICE IN
BUFFALO BY SENDING AN EMAIL TO BUFSTORM.REPORT@NOAA.GOV...POSTING
TO THE NWS BUFFALO FACEBOOK PAGE...OR TWEET...USING THE HASHTAG
BUFWX

",Jefferson; Oswego; Lewis,2013-12-27,03:02:00,* locations...eastern lake ontario region...mainly across far southern jefferson county and northern oswego county extending east across central lewis county. greatest amounts on the tug hill plateau. * timing...through late friday afternoon. * accumulations...4 to 8 inches overnight and 3 to 5 inches friday. * visibilities...as low as a quarter mile at times. * impacts...locally heavy snow squalls will produce very poor visibility and snow covered roads. travel will be impacted along interstate 81 from parish to mannsville.,[],"['late friday afternoon', 'overnight', 'friday']",[],[],"['eastern lake ontario region', 'far    southern jefferson county', 'northern oswego county', 'central lewis county', 'tug    hill plateau', 'interstate 81 from parish to mannsville']",[],"['greatest amounts', '4 to 8 inches', '3 to 5 inches', 'visibilities', 'as low as a quarter mile', 'locally heavy snow squalls', 'very poor    visibility']","['mainly', 'tend', 'will']",[],['travel will be impacted']
NWS-IDP-PROD-4255403-3586481,2020-06-05T09:36:00.000Z,Actual,Update,NWS San Francisco CA,Small Craft Advisory,['Avoid'],Expected,Minor,Likely,Small Craft Advisory issued June 5 at 2:36AM PDT until June 5 at 3:00PM PDT by NWS San Francisco CA,"* WHAT...Northwest winds 15 to 25 kt with gusts up to 30 kt and
seas 8 to 13 feet at 13 seconds.

* WHERE...Waters from Point Reyes to Pigeon Point 10-60 NM.

* WHEN...Until 3 PM PDT this afternoon.

* IMPACTS...Conditions will be hazardous to small craft.","Inexperienced mariners, especially those operating smaller
vessels, should avoid navigating in hazardous conditions.",Waters from Point Reyes to Pigeon Point 10-60 NM,2020-06-05,09:36:00,* what...northwest winds 15 to 25 kt with gusts up to 30 kt and seas 8 to 13 feet at 13 seconds. * where...waters from point reyes to pigeon point 10-60 nm. * when...until 3 pm pdt this afternoon. * impacts...conditions will be hazardous to small craft.,[],['3 pm pdt this afternoon'],[],[],['waters from point reyes to pigeon point'],"['15 to 25 kt', 'up to 30 kt', '8 to 13 feet']",['10-60 nm'],['will'],['conditions will be hazardous to small craft'],['impacts']
urn:oid:2.49.0.1.840.0.984e337db44ea587d91cd4623650f305d873445c.003.1,2022-12-22T15:15:00.000Z,Actual,Alert,NWS Detroit/Pontiac MI,Storm Warning,['Avoid'],Immediate,Severe,Observed,Storm Warning issued December 22 at 10:15AM EST until December 24 at 4:00AM EST by NWS Detroit/Pontiac MI,"* WHAT...During the Storm Warning, expect sustained winds up to
39 knots from the west with gusts up to 55 knots. The largest
significant waves will be 7 feet with a potential maximum wave
height of 10 feet. During the Low Water Advisory, abnormally
low water levels expected.

* WHERE...Michigan Waters of Lake Erie from Detroit River to
North Cape MI.

* WHEN...The maximum winds are expected around 1 PM EST Friday
with the largest waves expected around 1 PM EST Friday.

* IMPACTS...Very strong winds will cause hazardous waves which
could capsize or damage vessels and reduce visibility. Below
normal water levels will result in hazardous navigating
conditions.

* ADDITIONAL DETAILS...Storm force winds will cause water levels
to drop rapidly across the western basin of Lake Erie. Water
levels are forecast to reach 2 to 4 feet below low water datum,
which is well below the critical mark of 6 inches for safe
navigation.
","Mariners should remain in port, alter course, and/or secure the
vessel for severe conditions.

Mariners should navigate shallow waters with extreme caution due
to below normal water levels.",,2022-12-22,15:15:00,"* what...during the storm warning, expect sustained winds up to 39 knots from the west with gusts up to 55 knots. the largest significant waves will be 7 feet with a potential maximum wave height of 10 feet. during the low water advisory, abnormally low water levels expected. * where...michigan waters of lake erie from detroit river to north cape mi. * when...the maximum winds are expected around 1 pm est friday with the largest waves expected around 1 pm est friday. * impacts...very strong winds will cause hazardous waves which could capsize or damage vessels and reduce visibility. below normal water levels will result in hazardous navigating conditions. * additional details...storm force winds will cause water levels to drop rapidly across the western basin of lake erie. water levels are forecast to reach 2 to 4 feet below low water datum, which is well below the critical mark of 6 inches for safe navigation.","['storm warning', 'low water advisory']","['1 pm est friday', '1 pm est friday']",[],[],"['michigan waters of lake erie', 'detroit river', 'north cape mi', 'lake erie']","['very strong winds', 'storm force winds']","['7 feet', 'abnormally low water levels', 'below normal water levels']","['expect', 'could', 'around', 'can', 'will']",[],['which could capsize or damage vessels']
NWS-130404-692771,2014-01-02T21:02:46.000Z,Actual,Alert,NWS Wichita KS,Extreme Fire Danger,['Prepare'],Expected,Moderate,Likely,Extreme Fire Danger issued January 2 at 3:02PM CST by NWS Wichita KS,"THE GFDI DOES NOT ACCOUNT FOR PRECIPITATION THAT OCCURS WITHIN
THE HOUR PRECEDING ANY GIVEN FORECAST HOUR BELOW OR ANY SNOW ON
THE GROUND AT THE FORECAST HOUR. PLEASE MAKE APPROPRIATE ADJUSTMENTS.(ALL TIME REFERENCES ARE IN CST)

DAY/DATE      24HR INDEX   *  MID  3AM  6AM  9AM NOON  3PM  6PM  9PM
THU JAN 02  LOW         2  *                            L    L    L  
FRI JAN 03  HIGH       19  *   L    L    L    M    H    H    M    M  
SAT JAN 04  HIGH        9  *   M    L    L    L    M    H    M    M  
SUN JAN 05  LOW         2  *   L    L    L    L    L    L    L    L  
MON JAN 06  MODERATE    3  *   L    L    M    M    M    L    L    L  
TUE JAN 07  MODERATE    6  *   L    L    L    L    M    M    M    M",,Harper,2014-01-02,21:02:46,the gfdi does not account for precipitation that occurs within the hour preceding any given forecast hour below or any snow on the ground at the forecast hour. please make appropriate adjustments.(all time references are in cst) day/date 24hr index * mid 3am 6am 9am noon 3pm 6pm 9pm thu jan 02 low 2 * l l l fri jan 03 high 19 * l l l m h h m m sat jan 04 high 9 * m l l l m h m m sun jan 05 low 2 * l l l l l l l l mon jan 06 moderate 3 * l l m m m l l l tue jan 07 moderate 6 * l l l l m m m m,[],"['mid', 'noon', 'low']",[],[],[],"['high', 'high', 'moderate', 'moderate']",[],[],['please make appropriate adjustments'],[]
NWS-IDP-PROD-4258886-3588641,2020-06-06T20:41:00.000Z,Actual,Update,NWS Boston/Norton MA,Special Marine Warning,['Avoid'],Immediate,Severe,Likely,Special Marine Warning issued June 6 at 4:41PM EDT until June 6 at 5:15PM EDT by NWS Boston/Norton MA,"For the following areas...
Coastal waters east of Ipswich Bay and the Stellwagen Bank National
Marine Sanctuary...
Massachusetts Bay and Ipswich Bay...

At 440 PM EDT, strong thunderstorms were located along a line
extending from near The Coastal Waters East Of Boston Harbor to near
Boston Buoy 44013 to Scituate, moving east at 25 knots.

HAZARD...Wind gusts 34 knots or greater and small hail.

SOURCE...Radar indicated.

IMPACT...Small craft could be damaged in briefly higher winds and
suddenly higher waves.

Locations impacted include...
Boston Buoy 44013, Stellwagen Bank and The Coastal Waters East Of
Boston Harbor.","Boaters should seek safe harbor immediately until these storms pass.
Wind gusts 34 knots or greater, small hail, high waves, dangerous
lightning, and heavy rain are possible with these storms.",Coastal waters east of Ipswich Bay and the Stellwagen Bank National Marine Sanctuary; Massachusetts Bay and Ipswich Bay,2020-06-06,20:41:00,"for the following areas... coastal waters east of ipswich bay and the stellwagen bank national marine sanctuary... massachusetts bay and ipswich bay... at 440 pm edt, strong thunderstorms were located along a line extending from near the coastal waters east of boston harbor to near boston buoy 44013 to scituate, moving east at 25 knots. hazard...wind gusts 34 knots or greater and small hail. source...radar indicated. impact...small craft could be damaged in briefly higher winds and suddenly higher waves. locations impacted include... boston buoy 44013, stellwagen bank and the coastal waters east of boston harbor.",['radar indicated'],['440 pm edt'],[],[],"['coastal waters east of ipswich bay', 'stellwagen bank', 'massachusetts bay', 'ipswich bay', 'coastal waters east of boston harbor', 'boston buoy 44013', 'scituate', 'boston buoy 44013', 'stellwagen bank', 'coastal waters east of boston harbor']","['25 knots', '34 knots or greater']",[],"['could', 'tend', 'indicate']",[],['small craft could be damaged']
NWS-130404-681184-471661,2013-12-25T18:16:07.000Z,Actual,Update,NWS Cleveland OH,Flood Statement,['Avoid'],Immediate,Severe,Observed,Flood Statement issued December 25 at 1:15PM EST expiring December 27 at 3:00AM EST by NWS Cleveland OH,"...THE FLOOD WARNING CONTINUES FOR THE FOLLOWING RIVERS IN OHIO NEVER DRIVE YOUR CAR THROUGH FLOODED ROADWAYS. THE WATER MAY BE 
DEEPER THAN IT APPEARS.  TURN AROUND...DON'T DROWN!

STAY TUNED TO NOAA WEATHER RADIO AND OTHER LOCAL MEDIA FOR FURTHER 
DETAILS AND UPDATES.THE FLOOD WARNING CONTINUES FOR
  THE KILLBUCK CREEK NEAR KILLBUCK.
* AT  1:00 PM WEDNESDAY THE STAGE WAS 16.2 FEET. 
* FLOOD STAGE IS 15.0 FEET. 
* MINOR FLOODING IS OCCURRING AND MINOR FLOODING IS FORECAST.
* FORECAST...THE RIVER WILL FALL BELOW FLOOD STAGE THURSDAY 
  NIGHT.
* AT 16.0 FEET...LOW LYING AREAS WEST OF WATER STREET IN THE VILLAGE
  OF KILLBUCK ARE FLOODED. FLOODED ROADS INCLUDE COUNTY ROAD 621...
  STATE ROUTE 60 NORTH...AS WELL AS LOCAL LOW LYING ROADS. HOLMES 
  COUNTY FAIRGROUNDS INUNDATED.",,Holmes; Wayne,2013-12-25,18:16:07,...the flood warning continues for the following rivers in ohio never drive your car through flooded roadways. the water may be deeper than it appears. turn around...don't drown! stay tuned to noaa weather radio and other local media for further details and updates.the flood warning continues for the killbuck creek near killbuck. * at 1:00 pm wednesday the stage was 16.2 feet. * flood stage is 15.0 feet. * minor flooding is occurring and minor flooding is forecast. * forecast...the river will fall below flood stage thursday night. * at 16.0 feet...low lying areas west of water street in the village of killbuck are flooded. flooded roads include county road 621... state route 60 north...as well as local low lying roads. holmes county fairgrounds inundated.,[],"['1:00 pm wednesday', 'thursday    night']",[],[],"['killbuck creek', 'killbuck', 'low lying areas west of water street', 'village   of killbuck', 'county road 621', 'state route 60 north', 'local low lying roads', 'holmes    county fairgrounds']",[],"['stage', '15.0 feet', 'minor flooding', 'minor flooding', 'flood stage']","['appear', 'appears', 'may', 'around', 'will']",[],[]
NWS-IDP-PROD-4258644-3588511,2020-06-06T19:35:00.000Z,Actual,Alert,NWS Boston/Norton MA,Special Marine Warning,['Avoid'],Immediate,Severe,Likely,Special Marine Warning issued June 6 at 3:35PM EDT until June 6 at 4:30PM EDT by NWS Boston/Norton MA,"The National Weather Service in Boston/Norton has issued a

* Special Marine Warning for...
Block Island Sound...
Buzzards Bay...
Cape Cod Bay...
Coastal Waters extending out to 25 nm South of Marthas Vineyard and
Nantucket...
Coastal Waters from Montauk NY to Marthas Vineyard extending out to
20 nm South of Block Island...
Nantucket Sound...
Narragansett Bay...
Rhode Island Sound...
Vineyard Sound...

* Until 430 PM EDT.

* At 335 PM EDT, a strong thunderstorm was located 22 nm west of
Cranston, moving east at 90 knots.

HAZARD...Wind gusts 34 knots or greater and small hail.

SOURCE...Radar.

IMPACT...Small craft could be damaged in briefly higher winds and
suddenly higher waves.

* Locations impacted include...
Squibnocket Bight, Menemsha Bight, Sakonnet Point Light, Mount Hope
Bay, Gay Head Light, Rocky Point, Teaticket, Quonset Point,
Greenwich Bay, Melville, Popasquash Point, The Coastal Waters South
Of Marthas Vineyard, Vineyard Sound, Plum Beach Light, Buzzards
Bay, Edgartown Harbor, Dutch Harbor Light, West Island In Buzzards
Bay, Lamberts Cove and Castle Hill Light.",,Block Island Sound; Buzzards Bay; Coastal Waters extending out to 25 nm South of Marthas Vineyard and Nantucket; Nantucket Sound; Vineyard Sound; Cape Cod Bay; Coastal Waters from Montauk NY to Marthas Vineyard extending out to 20 nm South of Block Island; Rhode Island Sound; Narragansett Bay,2020-06-06,19:35:00,"the national weather service in boston/norton has issued a * special marine warning for... block island sound... buzzards bay... cape cod bay... coastal waters extending out to 25 nm south of marthas vineyard and nantucket... coastal waters from montauk ny to marthas vineyard extending out to 20 nm south of block island... nantucket sound... narragansett bay... rhode island sound... vineyard sound... * until 430 pm edt. * at 335 pm edt, a strong thunderstorm was located 22 nm west of cranston, moving east at 90 knots. hazard...wind gusts 34 knots or greater and small hail. source...radar. impact...small craft could be damaged in briefly higher winds and suddenly higher waves. * locations impacted include... squibnocket bight, menemsha bight, sakonnet point light, mount hope bay, gay head light, rocky point, teaticket, quonset point, greenwich bay, melville, popasquash point, the coastal waters south of marthas vineyard, vineyard sound, plum beach light, buzzards bay, edgartown harbor, dutch harbor light, west island in buzzards bay, lamberts cove and castle hill light.",['special marine warning'],['335 pm edt'],['until 430 pm edt'],[],"['boston/norton', 'block island sound', 'buzzards bay', 'cape cod bay', 'marthas vineyard', 'nantucket', 'montauk ny', 'marthas vineyard', 'nantucket', 'narragansett bay', 'rhode island sound', 'vineyard sound', 'cranston', 'squibnocket bight', 'menemsha bight', 'sakonnet point light', 'mount hope bay', 'gay head light', 'rocky point', 'teaticket', 'quonset point', 'greenwich bay', 'melville', 'popasquash point', 'marthas vineyard', 'vineyard sound', 'plum beach light', 'buzzards bay', 'edgartown harbor', 'dutch harbor light', 'west island in buzzards bay', 'lamberts cove', 'castle hill light']",['wind gusts 34 knots or greater'],[],"['could', 'tend']",[],['small craft could be damaged']
NWS-IDP-PROD-4255909-3586779,2020-06-05T16:14:00.000Z,Actual,Update,NWS St Louis MO,Flood Warning,['Avoid'],Immediate,Severe,Observed,Flood Warning issued June 5 at 11:13AM CDT by NWS St Louis MO,"...The flood warning continues for the following rivers in
Illinois...Missouri...


Mississippi River...

at Canton

at Hannibal

at Louisiana

at Clarksville

at Winfield

at Grafton

at Mel Price LD

at Chester

River forecasts are based on observed precipitation and forecast
precipitation for the next 24 hours.

The Flood Warning continues for
the Mississippi River at Mel Price LD
* until further notice.
* At 11:00 AM Friday the stage was 22.6 feet.
* Flood stage is 21.0 feet.
* Minor flooding is forecast.
* The river is forecast to crest near 23.3 feet by Sunday morning.
* Impact:  At 23.0 feet...Dresser Island Drive floods within a foot of
this level.","Rainfall heavier than forecast could cause river levels to rise even
higher than predicted.  The National Weather Service will monitor
this developing situation and issue follow up statements as
conditions or forecasts change.

Safety message:  Never drive cars, trucks, or sport utility vehicles
through flooded areas.  The water may be too deep to allow for safe
passage.

This product, along with additional weather and stream information,
is available at http://water.weather.gov/ahps2/index.php?wfo=lsx.","Madison, IL; St. Charles, MO",2020-06-05,16:14:00,...the flood warning continues for the following rivers in illinois...missouri... mississippi river... at canton at hannibal at louisiana at clarksville at winfield at grafton at mel price ld at chester river forecasts are based on observed precipitation and forecast precipitation for the next 24 hours. the flood warning continues for the mississippi river at mel price ld * until further notice. * at 11:00 am friday the stage was 22.6 feet. * flood stage is 21.0 feet. * minor flooding is forecast. * the river is forecast to crest near 23.3 feet by sunday morning. * impact: at 23.0 feet...dresser island drive floods within a foot of this level.,[],"['11:00 am friday', 'sunday morning']",['until further notice'],[],"['mississippi river', 'canton', 'hannibal', 'louisiana', 'clarksville', 'winfield', 'grafton', 'mel price ld', 'chester river', 'mississippi river', 'mel price ld', 'dresser island drive']",[],[],['can'],[],['impact']
NWS-IDP-PROD-4253808-3585306,2020-06-04T22:19:00.000Z,Actual,Update,NWS Upton NY,Coastal Flood Statement,['Monitor'],Expected,Minor,Likely,Coastal Flood Statement issued June 4 at 6:19PM EDT until June 5 at 12:00AM EDT by NWS Upton NY,"* WHAT...Isolated minor coastal flooding with up to one half foot
of inundation above ground level expected in vulnerable areas
near the waterfront and shoreline.

* WHERE...In Connecticut, Southern New Haven County. In New
York, Bronx, Northern Nassau, Northern Queens and Northwestern
Suffolk Counties.

* WHEN...This evening around the times of high tide.

* IMPACTS...Brief minor flooding of the more vulnerable
locations near the waterfront and shoreline.",Do not drive through flooded roadways.,Northern Queens; Northern Nassau; Southern New Haven; Bronx; Northwest Suffolk,2020-06-04,22:19:00,"* what...isolated minor coastal flooding with up to one half foot of inundation above ground level expected in vulnerable areas near the waterfront and shoreline. * where...in connecticut, southern new haven county. in new york, bronx, northern nassau, northern queens and northwestern suffolk counties. * when...this evening around the times of high tide. * impacts...brief minor flooding of the more vulnerable locations near the waterfront and shoreline.",[],['this evening around the times of high tide'],[],[],"['vulnerable areas near the waterfront and shoreline', 'connecticut', 'southern new haven county', 'new york', 'bronx', 'northern nassau', 'northern queens', 'northwestern suffolk counties']",[],[],"['expect', 'around']",[],['impacts']
NWS-IDP-PROD-4261916-3590829,2020-06-07T23:55:00.000Z,Actual,Update,NWS Bismarck ND,Tornado Warning,['Shelter'],Immediate,Extreme,Observed,Tornado Warning issued June 7 at 6:55PM CDT until June 7 at 7:15PM CDT by NWS Bismarck ND,"At 654 PM CDT, a confirmed tornado was located 6 miles northeast of
Ashley, moving northeast at 30 mph.

HAZARD...Damaging tornado and golf ball size hail.

SOURCE...Law enforcement confirmed tornado.

IMPACT...Flying debris will be dangerous to those caught without
shelter. Mobile homes will be damaged or destroyed. Damage
to roofs, windows, and vehicles will occur.  Tree damage is
likely.

Locations impacted include...
Rural areas of McIntosh County northeast of Ashley.","To repeat, a tornado is on the ground. TAKE COVER NOW! Move to a
basement or an interior room on the lowest floor of a sturdy
building. Avoid windows. If you are outdoors, in a mobile home, or in
a vehicle, move to the closest substantial shelter and protect
yourself from flying debris.","McIntosh, ND",2020-06-07,23:55:00,"at 654 pm cdt, a confirmed tornado was located 6 miles northeast of ashley, moving northeast at 30 mph. hazard...damaging tornado and golf ball size hail. source...law enforcement confirmed tornado. impact...flying debris will be dangerous to those caught without shelter. mobile homes will be damaged or destroyed. damage to roofs, windows, and vehicles will occur. tree damage is likely. locations impacted include... rural areas of mcintosh county northeast of ashley.",[],['654 pm cdt'],[],[],"['ashley', 'rural areas of mcintosh county', 'ashley']",['30 mph'],[],"['like', 'likely', 'will']",[],"['damaging tornado and golf ball size hail', 'flying debris will be dangerous to those caught without shelter', 'mobile homes will be damaged or destroyed', 'damage to roofs, windows, and vehicles will occur', 'tree damage is likely']"
NWS-IDP-PROD-4253872-3585344,2020-06-04T22:41:00.000Z,Actual,Update,NWS Paducah KY,Flash Flood Warning,['Avoid'],Immediate,Severe,Likely,Flash Flood Warning issued June 4 at 5:41PM CDT until June 4 at 7:45PM CDT by NWS Paducah KY,"At 538 PM CDT, trained spotters, news media, and law enforcement
reported thunderstorms producing heavy rain in the city of
Owensboro. As much as 2 to 3 inches of rain has already fallen.
Flash flooding is already occurring. Numerous streets are flooded,
with vehicles reported stranded in water in some locations within
the city.

HAZARD...Flash flooding caused by thunderstorms.

SOURCE...Law enforcement.

IMPACT...Flooding of small creeks and streams, urban areas,
highways, streets and underpasses as well as other drainage
and low lying areas.

Some locations that will experience flooding include...
Owensboro, Rockport, Whitesville, Masonville, Stanley, Knottsville,
St. Joseph and Moseleyville.

Additional rainfall amounts of up to an inch are possible in the
warned area.","Turn around, don't drown when encountering flooded roads. Most flood
deaths occur in vehicles.

Excessive runoff from heavy rainfall will cause flooding of small
creeks and streams, urban areas, highways, streets and underpasses as
well as other drainage areas and low lying spots.","Daviess, KY",2020-06-04,22:41:00,"at 538 pm cdt, trained spotters, news media, and law enforcement reported thunderstorms producing heavy rain in the city of owensboro. as much as 2 to 3 inches of rain has already fallen. flash flooding is already occurring. numerous streets are flooded, with vehicles reported stranded in water in some locations within the city. hazard...flash flooding caused by thunderstorms. source...law enforcement. impact...flooding of small creeks and streams, urban areas, highways, streets and underpasses as well as other drainage and low lying areas. some locations that will experience flooding include... owensboro, rockport, whitesville, masonville, stanley, knottsville, st. joseph and moseleyville. additional rainfall amounts of up to an inch are possible in the warned area.",[],['538 pm cdt'],[],[],"['owensboro', 'urban areas', 'highways', 'streets and underpasses', 'owensboro', 'rockport', 'whitesville', 'masonville', 'stanley', 'knottsville', 'st. joseph', 'moseleyville']",[],[],"['some', 'possible', 'read', 'much', 'will']",[],[]
NWS-IDP-PROD-4264666-3592872,2020-06-09T04:06:00.000Z,Actual,Update,NWS Sioux Falls SD,Tornado Warning,['Shelter'],Immediate,Extreme,Observed,Tornado Warning issued June 8 at 11:06PM CDT until June 8 at 11:45PM CDT by NWS Sioux Falls SD,"At 1105 PM CDT, a severe thunderstorm capable of producing a tornado
was located over Roswell, or 24 miles northeast of Mitchell, moving
northeast at 30 mph.

HAZARD...Tornado and golf ball size hail.

SOURCE...Radar indicated rotation.

IMPACT...Flying debris will be dangerous to those caught without
shelter. Mobile homes will be damaged or destroyed. Damage
to roofs, windows, and vehicles will occur.  Tree damage is
likely.

This dangerous storm will be near...
Vilas around 1115 PM CDT.
Howard around 1120 PM CDT.

At 1104 pm CDT...A funnel cloud was reported 2 miles south of
Roswell.","TAKE COVER NOW! Move to a basement or an interior room on the lowest
floor of a sturdy building. Avoid windows. If you are outdoors, in a
mobile home, or in a vehicle, move to the closest substantial shelter
and protect yourself from flying debris.","Miner, SD",2020-06-09,04:06:00,"at 1105 pm cdt, a severe thunderstorm capable of producing a tornado was located over roswell, or 24 miles northeast of mitchell, moving northeast at 30 mph. hazard...tornado and golf ball size hail. source...radar indicated rotation. impact...flying debris will be dangerous to those caught without shelter. mobile homes will be damaged or destroyed. damage to roofs, windows, and vehicles will occur. tree damage is likely. this dangerous storm will be near... vilas around 1115 pm cdt. howard around 1120 pm cdt. at 1104 pm cdt...a funnel cloud was reported 2 miles south of roswell.",[],"['1105 pm cdt', 'around 1115 pm cdt', 'around 1120 pm cdt', '1104 pm cdt']",[],[],"['roswell', 'mitchell', 'vilas', 'howard', 'roswell']",['30 mph'],[],"['like', 'likely', 'around', 'indicate', 'will']",[],"['flying debris will be dangerous to those caught without shelter', 'mobile homes will be damaged or destroyed', 'damage to roofs, windows, and vehicles', 'tree damage is likely']"
cc186b15-f99f-2e08-2ce1-eebf546e9496,2020-06-07T03:57:09.000Z,Actual,Alert,Indiana Dept. of Homeland Security,Required Weekly Test,['Monitor'],Immediate,Extreme,Observed,Weekly EAS Test,This is a test of the Indiana EAS System. This test is conducted in coordination with the Indiana Broadcasters as a public service to the citizens of Indiana.,,"STATE OF INDIANA, ",2020-06-07,03:57:09,this is a test of the indiana eas system. this test is conducted in coordination with the indiana broadcasters as a public service to the citizens of indiana.,[],[],[],[],"['indiana', 'indiana', 'indiana']",[],[],[],[],[]
urn:oid:2.49.0.1.840.0.505ad8ea00ccca72b3778819640f7b2ada5eaecd.001.1,2022-12-22T04:50:00.000Z,Actual,Alert,NWS Peachtree City GA,Wind Chill Warning,['Prepare'],Expected,Severe,Likely,Wind Chill Warning issued December 21 at 11:50PM EST until December 24 at 12:00PM EST by NWS Peachtree City GA,"* WHAT...Dangerously cold wind chills expected. Wind chills as
low as 20 below zero.

* WHERE...Portions of north central, northeast and northwest
Georgia.

* WHEN...From midnight Thursday night to noon EST Saturday.

* IMPACTS...The cold wind chills could cause frostbite on
exposed skin in as little as 30 minutes.

* ADDITIONAL DETAILS...Temperatures are expected to rapidly
begin dropping into the teens and single digits behind an
arctic front on Friday. Lows in the single digits are expected
Saturday morning. In addition, windy conditions are
anticipated with northwest winds of 15 to 20 mph with frequent
gusts of 30 to 40 mph likely. Higher gusts are possible at
elevations above 2000 feet.
","Avoid outside activities if possible. When outside, make sure you
wear appropriate clothing, a hat, and gloves.",,2022-12-22,04:50:00,"* what...dangerously cold wind chills expected. wind chills as low as 20 below zero. * where...portions of north central, northeast and northwest georgia. * when...from midnight thursday night to noon est saturday. * impacts...the cold wind chills could cause frostbite on exposed skin in as little as 30 minutes. * additional details...temperatures are expected to rapidly begin dropping into the teens and single digits behind an arctic front on friday. lows in the single digits are expected saturday morning. in addition, windy conditions are anticipated with northwest winds of 15 to 20 mph with frequent gusts of 30 to 40 mph likely. higher gusts are possible at elevations above 2000 feet.",[],"['midnight thursday night', 'noon est saturday', 'friday', 'saturday morning']",['as little as 30 minutes'],[],"['portions of north central', 'northwest georgia']",[],"['wind chills as low as 20 below zero', 'lows in the single digits']","['expect', 'like', 'could', 'likely', 'possible', 'little']",[],[]
NWS-IDP-PROD-4259532-3589120,2020-06-07T00:08:00.000Z,Actual,Cancel,NWS Pueblo CO,High Wind Warning,['AllClear'],Past,Minor,Observed,The High Wind Warning has been cancelled.,The High Wind Warning has been cancelled and is no longer in effect.,,Del Norte Vicinity/Northern San Luis Valley Below 8500 Ft; Alamosa  Vicinity/Central San Luis Valley Below 8500 Ft; Southern San Luis Valley,2020-06-07,00:08:00,the high wind warning has been cancelled and is no longer in effect.,['the high wind warning'],[],[],[],[],[],[],['can'],[],[]
urn:oid:2.49.0.1.840.0.74a6c07a3fdb8b3595a2d843a08e06dbfd6089f8.005.1,2022-12-22T14:39:00.000Z,Actual,Update,NWS State College PA,Winter Weather Advisory,['Execute'],Expected,Moderate,Likely,Winter Weather Advisory issued December 22 at 9:39AM EST until December 22 at 3:00PM EST by NWS State College PA,"* WHAT...For the Winter Weather Advisory, wet snow expected. Total
snow accumulations of two to four inches. For the Wind Chill
Watch, dangerously cold wind chills possible. Wind chills as low
as 30 below zero.

* WHERE...Blair, Huntingdon, Bedford and Fulton Counties.

* WHEN...For the Winter Weather Advisory, until 3 PM EST this
afternoon. For the Wind Chill Watch, from Friday afternoon
through Saturday evening.

* IMPACTS...Plan on slippery road conditions and some travel
disruptions. The cold wind chills could cause frostbite on
exposed skin in as little as 30 minutes.

* ADDITIONAL DETAILS...Snow will change to rain this afternoon.
The snow to rain transition will occur first in the valleys
and then at higher elevations.
","The Pennsylvania Department of Transportation and Pennsylvania
Turnpike Commission remind motorists to adjust speeds based on
driving conditions as winter weather impacts will include snow
covered roads and limited visibility.

Call 5 1 1 or visit www.511pa.com for the latest travel, roadway
and traffic conditions.

To report snow or ice, post to the NWS State College Facebook
page, use Twitter @NWSStateCollege, or visit weather.gov/ctp.

Be prepared for dangerous cold.

Review winter weather safety and preparedness information at
weather.gov/winter.

The latest forecast information can be found on the
NWS State College Facebook page and Twitter @NWSStateCollege,
or on the web at weather.gov/ctp.",,2022-12-22,14:39:00,"* what...for the winter weather advisory, wet snow expected. total snow accumulations of two to four inches. for the wind chill watch, dangerously cold wind chills possible. wind chills as low as 30 below zero. * where...blair, huntingdon, bedford and fulton counties. * when...for the winter weather advisory, until 3 pm est this afternoon. for the wind chill watch, from friday afternoon through saturday evening. * impacts...plan on slippery road conditions and some travel disruptions. the cold wind chills could cause frostbite on exposed skin in as little as 30 minutes. * additional details...snow will change to rain this afternoon. the snow to rain transition will occur first in the valleys and then at higher elevations.","['winter weather advisory', 'wind chill watch', 'winter weather advisory', 'wind chill watch']","['this afternoon', 'friday afternoon through saturday evening', 'in as little as 30 minutes', 'this afternoon']",[],[],"['blair', 'huntingdon', 'bedford', 'fulton counties']",['wind chills as low as 30 below zero'],"['total snow accumulations', 'two to four inches', 'dangerously cold wind chills possible']","['expect', 'some', 'could', 'possible', 'little', 'will']",['plan on slippery road conditions'],['wet snow expected']
NWS-130404-691798,2014-01-02T10:20:57.000Z,Actual,Alert,NWS Wichita KS,Extreme Fire Danger,['Prepare'],Expected,Moderate,Likely,Extreme Fire Danger issued January 2 at 4:20AM CST by NWS Wichita KS,"THE GFDI DOES NOT ACCOUNT FOR PRECIPITATION THAT OCCURS WITHIN
THE HOUR PRECEDING ANY GIVEN FORECAST HOUR BELOW OR ANY SNOW ON
THE GROUND AT THE FORECAST HOUR. PLEASE MAKE APPROPRIATE ADJUSTMENTS.(ALL TIME REFERENCES ARE IN CST)

DAY/DATE      24HR INDEX   *  MID  3AM  6AM  9AM NOON  3PM  6PM  9PM
THU JAN 02  LOW         2  *             L    L    L    L    L    L  
FRI JAN 03  HIGH       16  *   L    L    L    L    H    H    H    M  
SAT JAN 04  MODERATE    5  *   M    M    L    L    L    M    M    M  
SUN JAN 05  MODERATE    3  *   M    L    L    L    L    L    L    L  
MON JAN 06  MODERATE    3  *   L    L    L    M    M    L    L    L  
TUE JAN 07  MODERATE    3  *   L    L    L    L    L    L    L    M",,Cowley,2014-01-02,10:20:57,the gfdi does not account for precipitation that occurs within the hour preceding any given forecast hour below or any snow on the ground at the forecast hour. please make appropriate adjustments.(all time references are in cst) day/date 24hr index * mid 3am 6am 9am noon 3pm 6pm 9pm thu jan 02 low 2 * l l l l l l fri jan 03 high 16 * l l l l h h h m sat jan 04 moderate 5 * m m l l l m m m sun jan 05 moderate 3 * m l l l l l l l mon jan 06 moderate 3 * l l l m m l l l tue jan 07 moderate 3 * l l l l l l l m,[],"['mid', 'noon']",[],[],[],"['low', 'high', 'moderate', 'moderate', 'moderate', 'moderate']",[],[],['please make appropriate adjustments'],[]
NWS-IDP-PROD-4265548-3593469,2020-06-09T16:10:00.000Z,Actual,Update,NWS Missoula MT,Flood Advisory,['Avoid'],Expected,Minor,Observed,Flood Advisory issued June 9 at 10:10AM MDT until June 12 at 12:00PM MDT by NWS Missoula MT,"...The Flood Advisory is extended for the following rivers in
Montana...

Clark Fork River Above Missoula affecting Missoula County.

For the Clark Fork River...including Above Missoula...elevated river
levels are forecast.

The Flood Advisory continues for
the Clark Fork River Above Missoula.
* Until Friday afternoon.
* Flood stage is 7.5 feet.
* Forecast...The river will remain steady around or slightly above
8.0 feet through much of this week.
* Impact...At 7.5 feet, Flooding of low lying areas adjacent to the
river is possible. Flood waters begin to flood streets in the
Orchard Homes area, specifically the north end of Tower Street
including Kehrwald Drive.","Motorists should not attempt to drive around barricades or drive
cars through flooded areas.

Caution is urged when walking near riverbanks.","Missoula, MT",2020-06-09,16:10:00,"...the flood advisory is extended for the following rivers in montana... clark fork river above missoula affecting missoula county. for the clark fork river...including above missoula...elevated river levels are forecast. the flood advisory continues for the clark fork river above missoula. * until friday afternoon. * flood stage is 7.5 feet. * forecast...the river will remain steady around or slightly above 8.0 feet through much of this week. * impact...at 7.5 feet, flooding of low lying areas adjacent to the river is possible. flood waters begin to flood streets in the orchard homes area, specifically the north end of tower street including kehrwald drive.",[],['friday afternoon'],['much of this week'],[],"['clark fork river', 'missoula county', 'clark fork river', 'including above missoula', 'clark fork river above missoula', 'specifically the north end of tower street including kehrwald drive']",[],"['elevated river levels', 'flood stage', '7.5 feet', '7.5 feet']","['possible', 'much', 'around', 'tend', 'will']",[],['impact']
NWS-130404-691321-478029,2014-01-02T04:19:23.000Z,Actual,Update,NWS Marquette MI,Lake Effect Snow Advisory,['Execute'],Expected,Moderate,Likely,Lake Effect Snow Advisory issued January 1 at 11:19PM EST expiring January 2 at 1:00PM EST by NWS Marquette MI,".A NORTH FLOW OF ARCTIC AIR MOVING ACROSS THE RELATIVELY WARM
WATERS OF LAKE SUPERIOR WILL CONTINUE TO PRODUCE LAKE EFFECT SNOW
SHOWERS IN THE SNOW BELTS EAST OF MARQUETTE AND THE SNOW BELTS OF
FAR WESTERN UPPER MICHIGAN THROUGH THURSDAY.HAZARDOUS WEATHER...

 * MODERATE LAKE EFFECT SNOW SHOWERS WILL IMPACT NORTH WIND FAVORED
   LOCATIONS THROUGH THURSDAY MORNING.

 * 1 TO 3 INCHES OF NEW SNOW IS EXPECTED OVERNIGHT WITH AN ADDITIONAL
   1 TO 2 INCHES OF SNOW POSSIBLE THURSDAY MORNING. THE GREATEST SNOW
   WILL BE ACROSS THE PORCUPINE MOUNTAINS AND IN THE HIGHER TERRAIN
   FROM IRONWOOD TO BERGLAND TO ROCKLAND. SNOW AMOUNTS WILL BE VERY
   LIGHT IN THE MARENISCO AND BRUCE CROSSING WHERE LESS THAN AN INCH
   OF SNOWFALL CAN BE EXPECTED THROUGH THURSDAY MORNING.

IMPACTS...

 * ROADS WILL BE SNOW COVERED AND SLIPPERY WHERE LAKE EFFECT BANDS
   ARE MOST PERSISTENT.

 * VISIBILITIES WILL BE REDUCED BELOW A HALF MILE AT TIMES UNDER 
   THE HEAVIEST BANDS OF SNOW."," * PREPARE...PLAN...AND STAY INFORMED. VISIT WWW.WEATHER.GOV/MQT

* A LAKE EFFECT SNOW ADVISORY MEANS LAKE EFFECT SNOW IS 
   FORECAST THAT WILL MAKE TRAVEL DIFFICULT IN SOME AREAS. 

",Gogebic; Ontonagon,2014-01-02,04:19:23,.a north flow of arctic air moving across the relatively warm waters of lake superior will continue to produce lake effect snow showers in the snow belts east of marquette and the snow belts of far western upper michigan through thursday.hazardous weather... * moderate lake effect snow showers will impact north wind favored locations through thursday morning. * 1 to 3 inches of new snow is expected overnight with an additional 1 to 2 inches of snow possible thursday morning. the greatest snow will be across the porcupine mountains and in the higher terrain from ironwood to bergland to rockland. snow amounts will be very light in the marenisco and bruce crossing where less than an inch of snowfall can be expected through thursday morning. impacts... * roads will be snow covered and slippery where lake effect bands are most persistent. * visibilities will be reduced below a half mile at times under the heaviest bands of snow.,[],"['thursday', 'thursday', 'thursday morning', 'thursday']",[],[],"['lake superior', 'north wind favored    locations', 'porcupine mountains', 'marenisco and bruce crossing']",['moderate'],"['1 to 3 inches of new snow', 'less than an inch    of snowfall']","['expect', 'most', 'possible', 'can', 'will']",[],"['impacts', 'roads will be snow covered and slippery']"
NWS-IDP-PROD-4263277-3591897,2020-06-08T14:10:00.000Z,Actual,Alert,NWS New Orleans LA,Flood Advisory,['Avoid'],Expected,Minor,Likely,Flood Advisory issued June 8 at 9:10AM CDT until June 8 at 12:15PM CDT by NWS New Orleans LA,"The National Weather Service in New Orleans has issued a

* Urban and Small Stream Flood Advisory for...
Harrison County in southeastern Mississippi...
Southeastern Hancock County in southern Mississippi...
Jackson County in southern Mississippi...

* Until 1215 PM CDT.

* At 910 AM CDT, Doppler radar indicated heavy rain due to showers
and thunderstorms. This will cause urban and small stream
flooding. Between 2.5 and 6 inches of rain have fallen.

Some locations that will experience flooding include...
Gulfport, Biloxi, Ocean Springs, Long Beach, Moss Point, Bay St.
Louis, Waveland, St. Martin, Escatawpa, Diamondhead, Gautier,
D'iberville, Latimer, Gulf Hills, Gulf Park Estates, Vancleave,
Lyman, Hickory Hills, Saucier and Wade.

Additional rainfall of 1 to 2 inches is expected over the area. This
additional rain will result in minor flooding.",,"Harrison, MS; Hancock, MS; Jackson, MS",2020-06-08,14:10:00,"the national weather service in new orleans has issued a * urban and small stream flood advisory for... harrison county in southeastern mississippi... southeastern hancock county in southern mississippi... jackson county in southern mississippi... * until 1215 pm cdt. * at 910 am cdt, doppler radar indicated heavy rain due to showers and thunderstorms. this will cause urban and small stream flooding. between 2.5 and 6 inches of rain have fallen. some locations that will experience flooding include... gulfport, biloxi, ocean springs, long beach, moss point, bay st. louis, waveland, st. martin, escatawpa, diamondhead, gautier, d'iberville, latimer, gulf hills, gulf park estates, vancleave, lyman, hickory hills, saucier and wade. additional rainfall of 1 to 2 inches is expected over the area. this additional rain will result in minor flooding.",[],['910 am cdt'],['until 1215 pm cdt'],[],"['new orleans', 'harrison county', 'southeastern mississippi', 'southeastern hancock county', 'southern mississippi', 'jackson county', 'southern mississippi', 'gulfport', 'biloxi', 'ocean springs', 'long beach', 'moss point', 'bay st. louis', 'waveland', 'st. martin', 'escatawpa', 'diamondhead', 'gautier', ""d'iberville"", 'latimer', 'gulf hills', 'gulf park estates', 'vancleave', 'lyman', 'hickory hills', 'saucier', 'wade']",['heavy rain'],[],"['expect', 'some', 'indicate', 'will']",[],[]
NWS-IDP-PROD-4258349,2020-06-06T17:18:00.000Z,Actual,Alert,NWS Pueblo CO,Special Weather Statement,['Execute'],Expected,Moderate,Observed,Special Weather Statement issued June 6 at 11:18AM MDT by NWS Pueblo CO,"At 1116 AM MDT, Doppler radar was tracking a strong thunderstorms
along the eastern slopes of the Wet Mountains, out into the
Interstate 25 corridor south of Pueblo, moving north at 40 mph.

Wind gusts of 50 to 55 mph will be possible with this storm.

Locations impacted include...
Pueblo, Pueblo Reservoir, Salt Creek, Pueblo West, Penrose, Rye,
Colorado City and Beulah.",,Wet Mountains between 6300 and 10000Ft; Pueblo Vicinity/Pueblo County Below 6300 Feet; Walsenburg Vicinity/Upper Huerfano River Basin Below 7500 Ft; Canon City Vicinity/Eastern Fremont County,2020-06-06,17:18:00,"at 1116 am mdt, doppler radar was tracking a strong thunderstorms along the eastern slopes of the wet mountains, out into the interstate 25 corridor south of pueblo, moving north at 40 mph. wind gusts of 50 to 55 mph will be possible with this storm. locations impacted include... pueblo, pueblo reservoir, salt creek, pueblo west, penrose, rye, colorado city and beulah.",[],['1116 am mdt'],[],[],"['wet mountains', 'interstate 25 corridor', 'pueblo', 'pueblo', 'pueblo', 'salt creek', 'pueblo', 'penrose', 'rye', 'colorado city', 'beulah']","['40 mph', '50 to 55 mph']",[],"['possible', 'will']",[],[]
NWS-IDP-PROD-4269173-3595887,2020-06-11T00:14:00.000Z,Actual,Update,NWS Wilmington OH,Tornado Warning,['Shelter'],Immediate,Extreme,Observed,Tornado Warning issued June 10 at 8:14PM EDT until June 10 at 8:15PM EDT by NWS Wilmington OH,"The storm which prompted the warning has moved out of the area.
Therefore, the warning will be allowed to expire.  However gusty
winds and heavy rain are still possible with this thunderstorm.

A Severe Thunderstorm Watch remains in effect until 1000 PM EDT for
southwestern Ohio.

Please report previous tornadoes, wind damage or hail to the National
Weather Service by going to our website at weather.gov/iln and
submitting your report via social media.

Remember, a Severe Thunderstorm Warning still remains in effect for
Scioto County, Ohio.",,"Scioto, OH",2020-06-11,00:14:00,"the storm which prompted the warning has moved out of the area. therefore, the warning will be allowed to expire. however gusty winds and heavy rain are still possible with this thunderstorm. a severe thunderstorm watch remains in effect until 1000 pm edt for southwestern ohio. please report previous tornadoes, wind damage or hail to the national weather service by going to our website at weather.gov/iln and submitting your report via social media. remember, a severe thunderstorm warning still remains in effect for scioto county, ohio.",['severe thunderstorm watch'],['1000 pm edt'],[],[],"['southwestern ohio', 'scioto county, ohio']",['heavy rain'],[],"['possible', 'will']",[],['wind damage']
NWS-IDP-PROD-4259151-3588848,2020-06-06T21:41:00.000Z,Actual,Update,NWS Pueblo CO,Severe Thunderstorm Warning,['Shelter'],Immediate,Severe,Observed,Severe Thunderstorm Warning issued June 6 at 3:41PM MDT until June 6 at 3:45PM MDT by NWS Pueblo CO,"The storm which prompted the warning has weakened below severe
limits, and no longer poses an immediate threat to life or property.
Therefore, the warning will be allowed to expire.  However gusty
winds are still possible with this thunderstorm.

A Severe Thunderstorm Watch remains in effect until 800 PM MDT for
central and east central Colorado.",,"El Paso, CO; Teller, CO",2020-06-06,21:41:00,"the storm which prompted the warning has weakened below severe limits, and no longer poses an immediate threat to life or property. therefore, the warning will be allowed to expire. however gusty winds are still possible with this thunderstorm. a severe thunderstorm watch remains in effect until 800 pm mdt for central and east central colorado.","['the storm which prompted the warning', 'a severe thunderstorm watch']",['800 pm mdt'],['until'],[],['central and east central colorado'],['severe limits'],[],"['possible', 'will']",[],['and no longer poses an immediate threat to life or property']
NWS-IDP-PROD-4261361-3590432,2020-06-07T19:15:00.000Z,Actual,Alert,NWS Jacksonville FL,Tornado Warning,['Shelter'],Immediate,Extreme,Observed,Tornado Warning issued June 7 at 3:15PM EDT until June 7 at 4:00PM EDT by NWS Jacksonville FL,"The National Weather Service in Jacksonville has issued a

* Tornado Warning for...
Southern Columbia County in northern Florida...

* Until 400 PM EDT.

* At 315 PM EDT, a severe thunderstorm capable of producing a tornado
was located near Ichetucknee Spring, moving northeast at 20 mph.

HAZARD...Tornado.

SOURCE...Radar indicated rotation.

IMPACT...Flying debris will be dangerous to those caught without
shelter. Mobile homes will be damaged or destroyed.
Damage to roofs, windows, and vehicles will occur.  Tree
damage is likely.

* This dangerous storm will be near...
Columbia around 330 PM EDT.
Lake City, Five Points and Watertown around 400 PM EDT.","TAKE COVER NOW! Move to an interior room on the lowest floor of a
sturdy building. Avoid windows. If you are outdoors, in a mobile
home, or in a vehicle, move to the closest substantial shelter and
protect yourself from flying debris.","Columbia, FL",2020-06-07,19:15:00,"the national weather service in jacksonville has issued a * tornado warning for... southern columbia county in northern florida... * until 400 pm edt. * at 315 pm edt, a severe thunderstorm capable of producing a tornado was located near ichetucknee spring, moving northeast at 20 mph. hazard...tornado. source...radar indicated rotation. impact...flying debris will be dangerous to those caught without shelter. mobile homes will be damaged or destroyed. damage to roofs, windows, and vehicles will occur. tree damage is likely. * this dangerous storm will be near... columbia around 330 pm edt. lake city, five points and watertown around 400 pm edt.",[],"['315 pm edt', 'around 330 pm edt', 'around 400 pm edt']",['until 400 pm edt'],[],"['jacksonville', 'columbia', 'northern florida', 'ichetucknee spring', 'columbia', 'lake city', 'five points', 'watertown']",['20 mph'],[],"['like', 'likely', 'around', 'indicate', 'will']",[],"['flying debris', 'mobile homes will be damaged or destroyed', 'damage to roofs, windows, and vehicles', 'tree damage']"
481040632176763,2020-06-06T15:11:01.000Z,Actual,Alert,Pima County,911 Telephone Outage Emergency,,Immediate,Extreme,Observed,9-1-1 Outages,"The Pima County Sheriff's Department 9-1-1 system is currently experiencing outages. In the event of an emergency, and an emergency only, please call one of the following numbers, until advised the system is restored:

520-940-0131
520-940-0132
520-940-0133
520-940-0134",,Pima County,2020-06-06,15:11:01,"the pima county sheriff's department 9-1-1 system is currently experiencing outages. in the event of an emergency, and an emergency only, please call one of the following numbers, until advised the system is restored: 520-940-0131 520-940-0132 520-940-0133 520-940-0134",[],[],[],[],['pima county'],[],[],[],['please call one of the following numbers'],[]
NWS-130404-691307,2014-01-02T04:01:11.000Z,Actual,Alert,NWS Wichita KS,Extreme Fire Danger,['Prepare'],Expected,Moderate,Likely,Extreme Fire Danger issued January 1 at 10:00PM CST by NWS Wichita KS,"THE GFDI DOES NOT ACCOUNT FOR PRECIPITATION THAT OCCURS WITHIN
THE HOUR PRECEDING ANY GIVEN FORECAST HOUR BELOW OR ANY SNOW ON
THE GROUND AT THE FORECAST HOUR. PLEASE MAKE APPROPRIATE ADJUSTMENTS.(ALL TIME REFERENCES ARE IN CST)

DAY/DATE      24HR INDEX   *  MID  3AM  6AM  9AM NOON  3PM  6PM  9PM
WED JAN 01  MODERATE    3  *                                         
THU JAN 02  MODERATE    3  *   M    L    L    L    L    L    L    L  
FRI JAN 03  HIGH       10  *   L    L    L    L    M    H    M    M  
SAT JAN 04  MODERATE    4  *   M    M    L    L    L    L    L    L  
SUN JAN 05  LOW         2  *   L    L    L    L    L    L    L    L  
MON JAN 06  LOW         2  *   L    L    L    L    L    L    L    L",,Wilson,2014-01-02,04:01:11,the gfdi does not account for precipitation that occurs within the hour preceding any given forecast hour below or any snow on the ground at the forecast hour. please make appropriate adjustments.(all time references are in cst) day/date 24hr index * mid 3am 6am 9am noon 3pm 6pm 9pm wed jan 01 moderate 3 * thu jan 02 moderate 3 * m l l l l l l l fri jan 03 high 10 * l l l l m h m m sat jan 04 moderate 4 * m m l l l l l l sun jan 05 low 2 * l l l l l l l l mon jan 06 low 2 * l l l l l l l l,[],['noon'],[],[],[],"['moderate', 'moderate', 'high', 'moderate', 'low', 'low']",[],[],['please make appropriate adjustments'],[]
NWS-IDP-PROD-4253097-3584888,2020-06-04T17:14:00.000Z,Actual,Update,NWS Upton NY,Coastal Flood Advisory,['Monitor'],Expected,Minor,Likely,Coastal Flood Advisory issued June 4 at 1:14PM EDT until June 5 at 1:00AM EDT by NWS Upton NY,"* WHAT...Up to one foot of inundation above ground level
expected in vulnerable areas near the waterfront and shoreline.

* WHERE...In Connecticut, Southern Fairfield County. In New
York, Southern Westchester County.

* WHEN...From 10 PM this evening to 1 AM EDT Friday.

* IMPACTS...Minor flooding is expected in the more vulnerable
locations near the waterfront and shoreline. Some roads and
low lying properties including parking lots, parks, lawns, and
homes and businesses with basements near the waterfront will
experience minor flooding.","If travel is required, allow extra time as some roads may be
closed. Do not drive around barricades or through water of
unknown depth. Take the necessary actions to protect flood-prone
property.",Southern Westchester; Southern Fairfield,2020-06-04,17:14:00,"* what...up to one foot of inundation above ground level expected in vulnerable areas near the waterfront and shoreline. * where...in connecticut, southern fairfield county. in new york, southern westchester county. * when...from 10 pm this evening to 1 am edt friday. * impacts...minor flooding is expected in the more vulnerable locations near the waterfront and shoreline. some roads and low lying properties including parking lots, parks, lawns, and homes and businesses with basements near the waterfront will experience minor flooding.",[],"['10 pm this evening', '1 am edt friday']",[],[],"['vulnerable areas near the waterfront and shoreline', 'in connecticut', 'southern fairfield county', 'in new york', 'southern westchester county', 'in the more vulnerable locations near the waterfront and shoreline']",[],"['up to one foot of inundation above ground level', 'minor flooding']","['expect', 'some', 'will']",[],['impacts']
NWS-IDP-PROD-4259601,2020-06-07T00:36:00.000Z,Actual,Alert,NWS Lake Charles LA,Marine Weather Statement,['Monitor'],Expected,Minor,Observed,Marine Weather Statement issued June 6 at 7:36PM CDT by NWS Lake Charles LA,"A Marine Weather Statement has been issued for the following areas...
Calcasieu Lake...
Coastal waters from Cameron LA to High Island TX out 20 NM...
Coastal waters from Intracoastal City to Cameron LA out 20 NM...

At 736 PM CDT, Doppler radar indicated showers, capable of producing
winds to around 30 knots. These showers were located along a line
extending from 36 nm north of West Cameron 66 to 6 nm east of
Cameron, moving southwest at 20 knots.","Mariners can expect gusty winds to around 30 knots, locally higher
waves, and lightning strikes. Boaters should seek safe harbor
immediately until these storms pass.",Coastal waters from Intracoastal City to Cameron LA out 20 NM; Calcasieu Lake; Coastal waters from Cameron LA to High Island TX out 20 NM,2020-06-07,00:36:00,"a marine weather statement has been issued for the following areas... calcasieu lake... coastal waters from cameron la to high island tx out 20 nm... coastal waters from intracoastal city to cameron la out 20 nm... at 736 pm cdt, doppler radar indicated showers, capable of producing winds to around 30 knots. these showers were located along a line extending from 36 nm north of west cameron 66 to 6 nm east of cameron, moving southwest at 20 knots.",[],['736 pm cdt'],[],[],"['calcasieu lake', 'cameron la', 'intracoastal city', 'cameron', 'cameron']","['around 30 knots', '20 knots']",[],"['around', 'tend', 'indicate']",[],[]
NWS-IDP-PROD-4256424-3587057,2020-06-05T21:12:00.000Z,Actual,Alert,NWS New Orleans LA,Storm Surge Warning,['Avoid'],Expected,Extreme,Likely,Storm Surge Warning issued June 5 at 4:12PM CDT by NWS New Orleans LA,"A Storm Surge Warning means there is a danger of life-threatening
inundation, from rising water moving inland from the coastline,
somewhere within this area within the next 36 hours

A Tropical Storm Warning means tropical storm-force winds are
expected somewhere within this area within the next 36 hours

* LOCATIONS AFFECTED
- Yscloskey
- Hopedale
- Reggio

* WIND
- LATEST LOCAL FORECAST: Equivalent Tropical Storm force wind
- Peak Wind Forecast: 30-40 mph with gusts to 60 mph
- Window for Tropical Storm force winds: Sunday morning until
early Monday morning

- THREAT TO LIFE AND PROPERTY THAT INCLUDES TYPICAL FORECAST
UNCERTAINTY IN TRACK, SIZE AND INTENSITY: Potential for wind 39
to 57 mph
- The wind threat has remained nearly steady from the
previous assessment.
- PLAN: Plan for hazardous wind of equivalent tropical storm
force.
- PREPARE: Efforts to protect property should now be
underway. Prepare for limited wind damage.
- ACT: Act now to complete preparations before the wind
becomes hazardous.

- POTENTIAL IMPACTS: Limited
- Damage to porches, awnings, carports, sheds, and unanchored
mobile homes. Unsecured lightweight objects blown about.
- Many large tree limbs broken off. A few trees snapped or
uprooted, but with greater numbers in places where trees
are shallow rooted. Some fences and roadway signs blown
over.
- A few roads impassable from debris, particularly within
urban or heavily wooded places. Hazardous driving
conditions on bridges and other elevated roadways.
- Scattered power and communications outages.

* STORM SURGE
- LATEST LOCAL FORECAST: Life-threatening storm surge possible
- Peak Storm Surge Inundation: The potential for 3-5 feet
above ground somewhere within surge prone areas
- Window of concern: early Sunday morning until Monday evening

- THREAT TO LIFE AND PROPERTY THAT INCLUDES TYPICAL FORECAST
UNCERTAINTY IN TRACK, SIZE AND INTENSITY: Potential for storm
surge flooding greater than 3 feet above ground
- The storm surge threat has remained nearly steady from the
previous assessment.
- PLAN: Plan for life-threatening storm surge flooding of
greater than 3 feet above ground.
- PREPARE: Evacuation efforts and flood preparations should
soon be brought to completion before conditions become
unsafe.
- ACT: Leave immediately if evacuation orders are given for
your area to avoid being cut off from emergency services or
needlessly risk lives.

- POTENTIAL IMPACTS: Significant
- Areas of inundation from storm surge flooding. Damage to
several buildings, mainly near the coast.
- Sections of near-shore escape routes and secondary roads
become weakened or washed out, especially in usually
vulnerable low spots. 3 to 6 feet of inundation is possible
outside the hurricane protection levee near
Yschlosky...Hopedale and Reggio. No inundation expected
inside the hurricane protection levee from
Caernarvon...Verret to Bayou Dupree.
- Major beach erosion with heavy surf breaching dunes. Strong
and numerous rip currents.
- Moderate damage to marinas, docks, boardwalks, and piers.
Several small craft broken away from moorings, especially
in unprotected anchorages.

* FLOODING RAIN
- LATEST LOCAL FORECAST: Flood Watch is in effect
- Peak Rainfall Amounts: 4-8 inches, with locally higher
amounts

- THREAT TO LIFE AND PROPERTY THAT INCLUDES TYPICAL FORECAST
UNCERTAINTY IN TRACK, SIZE AND INTENSITY: Potential for
moderate flooding rain
- The flooding rain threat has remained nearly steady from
the previous assessment.
- PLAN: Emergency plans should include the potential for
moderate flooding from heavy rain. Evacuations and rescues
are possible.
- PREPARE: Consider protective actions if you are in an area
vulnerable to flooding.
- ACT: Heed any flood watches and warnings. Failure to take
action may result in serious injury or loss of life.

- POTENTIAL IMPACTS: Significant
- Moderate rainfall flooding may prompt several evacuations
and rescues.
- Rivers and tributaries may quickly become swollen with
swifter currents and overspill their banks in a few places,
especially in usually vulnerable spots. Small streams,
creeks, canals, bayous, and ditches overflow.
- Flood waters can enter some structures or weaken
foundations. Several places may experience expanded areas
of rapid inundation at underpasses, low-lying spots, and
poor drainage areas. Some streets and parking lots take on
moving water as storm drains and retention ponds overflow.
Driving conditions become hazardous. Some road and bridge
closures.

* TORNADO
- LATEST LOCAL FORECAST:
- Situation is somewhat favorable for tornadoes

- THREAT TO LIFE AND PROPERTY THAT INCLUDES TYPICAL FORECAST
UNCERTAINTY IN TRACK, SIZE AND INTENSITY: Potential for a few
tornadoes
- The tornado threat has remained nearly steady from the
previous assessment.
- PLAN: Emergency plans should include the potential for a
few tornadoes.
- PREPARE: If your shelter is particularly vulnerable to
tornadoes, prepare to relocate to safe shelter before
hazardous weather arrives.
- ACT: If a tornado warning is issued, be ready to shelter
quickly.

- POTENTIAL IMPACTS: Limited
- The occurrence of isolated tornadoes can hinder the
execution of emergency plans during tropical events.
- A few places may experience tornado damage, along with
power and communications disruptions.
- Locations could realize roofs peeled off buildings,
chimneys toppled, mobile homes pushed off foundations or
overturned, large tree tops and branches snapped off,
shallow-rooted trees knocked over, moving vehicles blown
off roads, and small boats pulled from moorings.

* FOR MORE INFORMATION:
- http://www.slfpae.com/closures.aspx
- http://homeport.uscg.mil
- http://emergency.louisiana.gov",,Lower St. Bernard,2020-06-05,21:12:00,"a storm surge warning means there is a danger of life-threatening inundation, from rising water moving inland from the coastline, somewhere within this area within the next 36 hours a tropical storm warning means tropical storm-force winds are expected somewhere within this area within the next 36 hours * locations affected - yscloskey - hopedale - reggio * wind - latest local forecast: equivalent tropical storm force wind - peak wind forecast: 30-40 mph with gusts to 60 mph - window for tropical storm force winds: sunday morning until early monday morning - threat to life and property that includes typical forecast uncertainty in track, size and intensity: potential for wind 39 to 57 mph - the wind threat has remained nearly steady from the previous assessment. - plan: plan for hazardous wind of equivalent tropical storm force. - prepare: efforts to protect property should now be underway. prepare for limited wind damage. - act: act now to complete preparations before the wind becomes hazardous. - potential impacts: limited - damage to porches, awnings, carports, sheds, and unanchored mobile homes. unsecured lightweight objects blown about. - many large tree limbs broken off. a few trees snapped or uprooted, but with greater numbers in places where trees are shallow rooted. some fences and roadway signs blown over. - a few roads impassable from debris, particularly within urban or heavily wooded places. hazardous driving conditions on bridges and other elevated roadways. - scattered power and communications outages. * storm surge - latest local forecast: life-threatening storm surge possible - peak storm surge inundation: the potential for 3-5 feet above ground somewhere within surge prone areas - window of concern: early sunday morning until monday evening - threat to life and property that includes typical forecast uncertainty in track, size and intensity: potential for storm surge flooding greater than 3 feet above ground - the storm surge threat has remained nearly steady from the previous assessment. - plan: plan for life-threatening storm surge flooding of greater than 3 feet above ground. - prepare: evacuation efforts and flood preparations should soon be brought to completion before conditions become unsafe. - act: leave immediately if evacuation orders are given for your area to avoid being cut off from emergency services or needlessly risk lives. - potential impacts: significant - areas of inundation from storm surge flooding. damage to several buildings, mainly near the coast. - sections of near-shore escape routes and secondary roads become weakened or washed out, especially in usually vulnerable low spots. 3 to 6 feet of inundation is possible outside the hurricane protection levee near yschlosky...hopedale and reggio. no inundation expected inside the hurricane protection levee from caernarvon...verret to bayou dupree. - major beach erosion with heavy surf breaching dunes. strong and numerous rip currents. - moderate damage to marinas, docks, boardwalks, and piers. several small craft broken away from moorings, especially in unprotected anchorages. * flooding rain - latest local forecast: flood watch is in effect - peak rainfall amounts: 4-8 inches, with locally higher amounts - threat to life and property that includes typical forecast uncertainty in track, size and intensity: potential for moderate flooding rain - the flooding rain threat has remained nearly steady from the previous assessment. - plan: emergency plans should include the potential for moderate flooding from heavy rain. evacuations and rescues are possible. - prepare: consider protective actions if you are in an area vulnerable to flooding. - act: heed any flood watches and warnings. failure to take action may result in serious injury or loss of life. - potential impacts: significant - moderate rainfall flooding may prompt several evacuations and rescues. - rivers and tributaries may quickly become swollen with swifter currents and overspill their banks in a few places, especially in usually vulnerable spots. small streams, creeks, canals, bayous, and ditches overflow. - flood waters can enter some structures or weaken foundations. several places may experience expanded areas of rapid inundation at underpasses, low-lying spots, and poor drainage areas. some streets and parking lots take on moving water as storm drains and retention ponds overflow. driving conditions become hazardous. some road and bridge closures. * tornado - latest local forecast: - situation is somewhat favorable for tornadoes - threat to life and property that includes typical forecast uncertainty in track, size and intensity: potential for a few tornadoes - the tornado threat has remained nearly steady from the previous assessment. - plan: emergency plans should include the potential for a few tornadoes. - prepare: if your shelter is particularly vulnerable to tornadoes, prepare to relocate to safe shelter before hazardous weather arrives. - act: if a tornado warning is issued, be ready to shelter quickly. - potential impacts: limited - the occurrence of isolated tornadoes can hinder the execution of emergency plans during tropical events. - a few places may experience tornado damage, along with power and communications disruptions. - locations could realize roofs peeled off buildings, chimneys toppled, mobile homes pushed off foundations or overturned, large tree tops and branches snapped off, shallow-rooted trees knocked over, moving vehicles blown off roads, and small boats pulled from moorings. * for more information: - http://www.slfpae.com/closures.aspx - http://homeport.uscg.mil - http://emergency.louisiana.gov","['a storm surge warning', 'tropical storm warning']","['sunday morning', 'early monday morning', 'early sunday morning until monday evening']","['within the next 36 hours', 'within the next 36 hours']",[],"['yscloskey', 'hopedale', 'reggio']","['tropical storm-force winds', '30-40 mph']",[],"['expect', 'usually', 'several', 'some', 'somewhat', 'somewhere', 'consider', 'found', 'may', 'could', 'should', 'possible', 'read', 'few', 'about', 'can', 'mainly', 'certain', 'many']","['plan', 'prepare', 'prepare for limited wind damage', 'act', 'act now']","['potential impacts', 'unsecured lightweight objects blown about', 'many large tree limbs broken off', 'a few trees snapped or uprooted', 'some fences and roadway signs blown over', 'a few roads impassable from debris', 'scattered power and communications outages']"
NWS-130404-684777-473383,2013-12-28T16:37:43.000Z,Actual,Update,NWS Twin Cities/Chanhassen MN,Blizzard Warning,['Prepare'],Expected,Extreme,Likely,Blizzard Warning issued December 28 at 10:37AM CST expiring December 29 at 12:00PM CST by NWS Twin Cities/Chanhassen MN,"A POWERFUL ARCTIC COLD FRONT WILL MOVE THROUGH THE REGION LATER
THIS AFTERNOON WITH NORTHWEST WINDS OF 30 TO 35 MPH...AND GUSTS 40
TO 45 MPH ALONG THE MINNESOTA RIVER VALLEY IN WESTERN MINNESOTA.
ALTHOUGH LITTLE SNOWFALL IS EXPECTED...THESE WINDS WILL PERSIST
OVERNIGHT AND CAUSE BLOWING AND DRIFTING OF THE CURRENT SNOWPACK
THAT IS IN PLACE. IN ADDITION...TEMPERATURES WILL PLUMMET
OVERNIGHT...WITH WIND CHILLS OF 35 TO 40 BELOW ZERO BY SUNDAY
MORNING. 

A WINTER WEATHER ADVISORY IS IN EFFECT FOR CENTRAL AND EASTERN
MINNESOTA BEGINNING AT 6 PM TODAY. NORTHWEST WINDS OF 25 TO
30 MPH...WITH GUSTS NEAR 40 MPH WILL CAUSE BLOWING AND DRIFTING
SNOW. IN ADDITION...TEMPERATURES WILL FALL OVERNIGHT WITH WIND
CHILLS 25 TO 35 BELOW ZERO BY SUNDAY MORNING. 

THE COMBINATION OF THESE WEATHER ELEMENTS WILL MAKE TRAVEL
EXTREMELY DANGEROUS FOR MOTORISTS...ESPECIALLY IF STRANDED.A BLIZZARD WARNING REMAINS IN EFFECT FROM 3 PM THIS AFTERNOON TO
NOON CST SUNDAY. 

* TIMING: SATURDAY AFTERNOON TILL NOON ON SUNDAY.

* MAIN IMPACT: BLOWING SNOW AND LOW VISIBILITY WILL MAKE TRAVEL 
  DANGEROUS. SOME ROADS MAY BE IMPASSIBLE SATURDAY NIGHT. 

* OTHER IMPACTS: WIND CHILL VALUES 35 TO 40 BELOW ZERO COULD 
  CAUSE FROSTBITE IN MINUTES.","A BLIZZARD WARNING MEANS SEVERE WINTER WEATHER CONDITIONS ARE
EXPECTED. BLOWING SNOW WITH STRONG WINDS AND POOR VISIBILITIES
ARE LIKELY. THIS WILL LEAD TO WHITEOUT CONDITIONS...MAKING TRAVEL
EXTREMELY DANGEROUS. DO NOT TRAVEL. IF YOU MUST TRAVEL...HAVE A
WINTER SURVIVAL KIT WITH YOU. IF YOU GET STRANDED...STAY WITH
YOUR VEHICLE.

",Renville; Stevens; Kandiyohi; Pope; Douglas; Lac qui Parle; Brown; Chippewa; Redwood; Swift; Watonwan; Yellow Medicine,2013-12-28,16:37:43,a powerful arctic cold front will move through the region later this afternoon with northwest winds of 30 to 35 mph...and gusts 40 to 45 mph along the minnesota river valley in western minnesota. although little snowfall is expected...these winds will persist overnight and cause blowing and drifting of the current snowpack that is in place. in addition...temperatures will plummet overnight...with wind chills of 35 to 40 below zero by sunday morning. a winter weather advisory is in effect for central and eastern minnesota beginning at 6 pm today. northwest winds of 25 to 30 mph...with gusts near 40 mph will cause blowing and drifting snow. in addition...temperatures will fall overnight with wind chills 25 to 35 below zero by sunday morning. the combination of these weather elements will make travel extremely dangerous for motorists...especially if stranded.a blizzard warning remains in effect from 3 pm this afternoon to noon cst sunday. * timing: saturday afternoon till noon on sunday. * main impact: blowing snow and low visibility will make travel dangerous. some roads may be impassible saturday night. * other impacts: wind chill values 35 to 40 below zero could cause frostbite in minutes.,"['winter weather advisory', 'blizzard warning']","['6 pm today', '3 pm this afternoon to noon cst sunday', 'saturday afternoon']",[],[],"['minnesota river valley', 'western minnesota', 'central and eastern minnesota']","['30 to 35 mph', 'northwest winds of 25 to 30 mph', 'gusts near 40 mph', 'wind chill values 35 to 40 below zero']",[],"['expect', 'some', 'may', 'could', 'little', 'will']",[],"['main impact', 'could    cause frostbite in minutes']"
NWS-IDP-PROD-4258806-3588591,2020-06-06T20:18:00.000Z,Actual,Update,NWS Melbourne FL,Tornado Warning,['Shelter'],Immediate,Extreme,Observed,Tornado Warning issued June 6 at 4:18PM EDT until June 6 at 4:30PM EDT by NWS Melbourne FL,"At 418 PM EDT, a severe thunderstorm capable of producing a tornado
was located over Barberville, moving north at 10 mph.

HAZARD...Tornado.

SOURCE...Radar indicated rotation.

IMPACT...Flying debris will be dangerous to those caught without
shelter. Mobile homes will be damaged or destroyed. Damage
to roofs, windows, and vehicles will occur.  Tree damage is
likely.

This dangerous storm will be near...
Barberville around 420 PM EDT.

Other locations impacted by this tornadic thunderstorm include
Eldridge.","TAKE COVER NOW! Move to an interior room on the lowest floor of a
sturdy building. Avoid windows. If you are outdoors, in a mobile
home, or in a vehicle, move to the closest substantial shelter and
protect yourself from flying debris.

If a tornado or other severe weather is spotted, report it to the
National Weather Service or your local nearest law enforcement agency
who will send your report. This act may save lives of others in the
path of dangerous weather.","Volusia, FL",2020-06-06,20:18:00,"at 418 pm edt, a severe thunderstorm capable of producing a tornado was located over barberville, moving north at 10 mph. hazard...tornado. source...radar indicated rotation. impact...flying debris will be dangerous to those caught without shelter. mobile homes will be damaged or destroyed. damage to roofs, windows, and vehicles will occur. tree damage is likely. this dangerous storm will be near... barberville around 420 pm edt. other locations impacted by this tornadic thunderstorm include eldridge.",['radar indicated rotation'],"['418 pm edt', 'around 420 pm edt']",[],[],"['barberville', 'barberville', 'eldridge']",['10 mph'],[],"['like', 'likely', 'around', 'indicate', 'will']",[],"['flying debris will be dangerous to those caught without shelter', 'mobile homes will be damaged or destroyed', 'damage to roofs, windows, and vehicles', 'tree damage is likely']"
NWS-130404-682266-472054,2013-12-26T14:56:52.000Z,Actual,Update,NWS Columbia SC,Flood Advisory,['Avoid'],Expected,Minor,Observed,Flood Advisory issued December 26 at 9:56AM EST expiring December 27 at 9:01PM EST by NWS Columbia SC,"...THE FLOOD ADVISORY CONTINUES FOR THE CONGAREE RIVER...

  CONGAREE RIVER AT COLUMBIA AFFECTING LEXINGTON AND RICHLAND 
  COUNTIES 
                                                              
.MINOR FLOODING CONTINUES ON PORTIONS OF THE UPPER CONGAREE 
RIVER A FLOOD ADVISORY MEANS THAT NUISANCE FLOODING MAY OCCUR NEAREST THE 
RIVER WHEN THE LEVEL IS BELOW THE OFFICIAL FLOOD STAGE.CONGAREE RIVER AT COLUMBIA AFFECTING LEXINGTON AND RICHLAND 
  COUNTIES 
                                                              
.MINOR FLOODING CONTINUES ON PORTIONS OF THE UPPER CONGAREE 
RIVER...WITH ONGOING RELEASES FROM RECHARGED RESERVOIRS UPSTREAM.","A FLOOD ADVISORY MEANS THAT NUISANCE FLOODING MAY OCCUR NEAREST THE 
RIVER WHEN THE LEVEL IS BELOW THE OFFICIAL FLOOD STAGE.

THE FLOOD ADVISORY CONTINUES FOR
  THE CONGAREE RIVER AT COLUMBIA.
* UNTIL FRIDAY EVENING.
* AT  9 AM THURSDAY THE STAGE WAS 12.1 FEET.
* FLOOD STAGE IS 19.0 FEET.
* FORECAST...THE RIVER WILL FALL TO AROUND 7.3 FEET BY TOMORROW 
  MORNING. 
* ADVISORY STAGE IS 10.0 FEET. 
* AT 14.0 FEET...ROADS IN LOW LYING AREAS AND SWAMPLAND DOWNSTREAM 
  FROM COLUMBIA BECOME FLOODED. MOST OF THE CAYCE AND WEST COLUMBIA 
  RIVER WALK IS FLOODED.

&&

SCC063-079-271456-
/O.CON.KCAE.FL.Y.0017.000000T0000Z-131228T0201Z/
/COLS1.N.ER.000000T0000Z.000000T0000Z.000000T0000Z.OO/
956 AM EST THU DEC 26 2013

",Lexington; Richland,2013-12-26,14:56:52,...the flood advisory continues for the congaree river... congaree river at columbia affecting lexington and richland counties .minor flooding continues on portions of the upper congaree river a flood advisory means that nuisance flooding may occur nearest the river when the level is below the official flood stage.congaree river at columbia affecting lexington and richland counties .minor flooding continues on portions of the upper congaree river...with ongoing releases from recharged reservoirs upstream.,"['flood advisory', 'flood advisory']",[],"['continues', 'continues', 'continues']",[],"['congaree river', 'congaree river', 'columbia', 'lexington', 'upper congaree  river', 'congaree river', 'columbia', 'lexington', 'upper congaree  river']","['minor flooding', 'official flood stage', 'minor flooding']",[],['may'],[],[]
NWS-IDP-PROD-4262867-3591599,2020-06-08T08:06:00.000Z,Actual,Update,NWS Tampa Bay Ruskin FL,Small Craft Advisory,['Avoid'],Expected,Minor,Likely,Small Craft Advisory issued June 8 at 4:06AM EDT until June 8 at 2:00PM EDT by NWS Tampa Bay Ruskin FL,"* WHAT...South winds around 15 knots with occasional with seas of
7 to 10 feet expected.

* WHERE...Waters from Tarpon Springs to Suwannee River FL out 20
to 60 NM, Waters from Englewood to Tarpon Springs FL out 20 to
60 NM and Waters from Bonita Beach to Englewood FL out 20 to
60 NM.

* WHEN...Until 2 PM EDT.

* IMPACTS...Conditions will be hazardous to small craft.

* ADDITIONAL DETAILS...Winds and seas associated with Tropical
Storm Cristobal will create hazardous boating conditions into
Monday afternoon.","Inexperienced mariners, especially those operating smaller
vessels, should avoid navigating in hazardous conditions.",Waters from Tarpon Springs to Suwannee River FL out 20 to 60 NM; Waters from Bonita Beach to Englewood FL out 20 to 60 NM; Waters from Englewood to Tarpon Springs FL out 20 to 60 NM,2020-06-08,08:06:00,"* what...south winds around 15 knots with occasional with seas of 7 to 10 feet expected. * where...waters from tarpon springs to suwannee river fl out 20 to 60 nm, waters from englewood to tarpon springs fl out 20 to 60 nm and waters from bonita beach to englewood fl out 20 to 60 nm. * when...until 2 pm edt. * impacts...conditions will be hazardous to small craft. * additional details...winds and seas associated with tropical storm cristobal will create hazardous boating conditions into monday afternoon.",[],['monday afternoon'],['until 2 pm edt'],['occasional'],"['waters from tarpon springs', 'tarpon springs', 'waters from bonita beach to englewood fl']","['15 knots', '7 to 10 feet']",[],"['expect', 'around', 'will']",[],"['impacts', 'conditions will be hazardous to small craft']"
NWS-IDP-PROD-4261451-3590482,2020-06-07T19:59:00.000Z,Actual,Alert,NWS Jackson MS,Flash Flood Watch,['Monitor'],Future,Severe,Possible,Flash Flood Watch issued June 7 at 2:59PM CDT until June 9 at 1:00AM CDT by NWS Jackson MS,"As Tropical Storm Cristobal moves inland later today and tonight,
very heavy rainfall and a threat for significant flash flooding will
develop over southern Mississippi. Heavy rainfall and a threat for
flash flooding will spread northward late tonight and continue
through Monday.

The National Weather Service in Jackson has expanded the

* Flash Flood Watch to include portions of central Mississippi...
east central Mississippi and north central Mississippi, including
the following areas, in central Mississippi, Choctaw. In east
central Mississippi, Winston. In north central Mississippi,
Webster.

* From 1 AM CDT Monday through late Monday night

* Rainfall totals of 2 to 5 inches with locally heavier amounts will
be possible.

* Roads may be flooded or closed, and homes and businesses could be
threatened where the most significant flash flooding occurs.","A Flash Flood Watch means that conditions may develop that lead to
flash flooding. Flash flooding is a very dangerous situation.You
should monitor later forecasts and be prepared to take action should
flash flood warnings be issued.",Choctaw; Winston; Webster,2020-06-07,19:59:00,"as tropical storm cristobal moves inland later today and tonight, very heavy rainfall and a threat for significant flash flooding will develop over southern mississippi. heavy rainfall and a threat for flash flooding will spread northward late tonight and continue through monday. the national weather service in jackson has expanded the * flash flood watch to include portions of central mississippi... east central mississippi and north central mississippi, including the following areas, in central mississippi, choctaw. in east central mississippi, winston. in north central mississippi, webster. * from 1 am cdt monday through late monday night * rainfall totals of 2 to 5 inches with locally heavier amounts will be possible. * roads may be flooded or closed, and homes and businesses could be threatened where the most significant flash flooding occurs.",['flash flood watch'],"['late tonight', '1 am cdt monday']",[],[],"['southern mississippi', 'jackson', 'central mississippi', 'east central mississippi', 'north central mississippi', 'central mississippi', 'choctaw', 'east central mississippi', 'winston', 'north central mississippi', 'webster']",[],"['rainfall totals of 2 to 5 inches', 'locally heavier amounts']","['most', 'may', 'could', 'possible', 'read', 'can', 'will']",[],"['roads may be flooded or closed', 'homes and businesses could be threatened']"
NWS-130404-680457,2013-12-25T08:33:00.000Z,Actual,Alert,NWS Upton NY,Special Weather Statement,['Execute'],Expected,Moderate,Observed,Special Weather Statement issued December 25 at 3:32AM EST by NWS Upton NY,"SPSOKX

SPECIAL WEATHER STATEMENT
NATIONAL WEATHER SERVICE NEW YORK NY
332 AM EST WED DEC 25 2013

CTZ005-006-009-010-NJZ002-004-103-104-107-108-NYZ067>073-078>081-
176-177-179-251500-
NORTHERN FAIRFIELD-NORTHERN NEW HAVEN-SOUTHERN FAIRFIELD-
SOUTHERN NEW HAVEN-WESTERN PASSAIC-EASTERN PASSAIC-WESTERN BERGEN-
EASTERN BERGEN-WESTERN UNION-EASTERN UNION-ORANGE-PUTNAM-ROCKLAND-
NORTHERN WESTCHESTER-SOUTHERN WESTCHESTER-NEW YORK (MANHATTAN)-
BRONX-NORTHWESTERN SUFFOLK-NORTHEASTERN SUFFOLK-
SOUTHWESTERN SUFFOLK-SOUTHEASTERN SUFFOLK-NORTHERN QUEENS-
NORTHERN NASSAU-SOUTHERN NASSAU-
332 AM EST WED DEC 25 2013

ICY TRAVEL CONDITIONS ARE EXPECTED EARLY THIS MORNING ACROSS ANY
AREAS THAT EXPERIENCED SNOW SQUALL ACTIVITY LAST NIGHT. 
TEMPERATURES HAVE FALLEN INTO THE TEENS AND LOWER 20S RESULTING
IN AREAS OF BLACK ICE. THIS WILL BE MOST PREVALENT ON UNTREATED
SURFACES...AND OVERPASSES AND BRIDGES.

ANYONE TRAVELING THIS MORNING ACROSS THE AFFECTED AREA IS URGED
TO SLOW DOWN AND USE EXTRA CAUTION.",,Bronx; Westchester; New Haven; Nassau; Queens; Fairfield; Putnam; Orange; Rockland; Passaic; Suffolk; Bergen; Eastern Union; New York,2013-12-25,08:33:00,spsokx special weather statement national weather service new york ny 332 am est wed dec 25 2013 ctz005-006-009-010-njz002-004-103-104-107-108-nyz067>073-078>081- 176-177-179-251500- northern fairfield-northern new haven-southern fairfield- southern new haven-western passaic-eastern passaic-western bergen- eastern bergen-western union-eastern union-orange-putnam-rockland- northern westchester-southern westchester-new york (manhattan)- bronx-northwestern suffolk-northeastern suffolk- southwestern suffolk-southeastern suffolk-northern queens- northern nassau-southern nassau- 332 am est wed dec 25 2013 icy travel conditions are expected early this morning across any areas that experienced snow squall activity last night. temperatures have fallen into the teens and lower 20s resulting in areas of black ice. this will be most prevalent on untreated surfaces...and overpasses and bridges. anyone traveling this morning across the affected area is urged to slow down and use extra caution.,[],"['332 am est', '332 am est', 'early this morning']",[],[],"['new york', 'fairfield', 'bergen', 'westchester-new york', 'suffolk-northeastern suffolk', 'suffolk-southeastern', 'nassau', 'and overpasses and bridges']",[],[],"['expect', 'most', 'will']",['is urged to slow down and use extra caution'],[]
NWS-130404-691305,2014-01-02T04:01:11.000Z,Actual,Alert,NWS Wichita KS,Extreme Fire Danger,['Prepare'],Expected,Moderate,Likely,Extreme Fire Danger issued January 1 at 10:00PM CST by NWS Wichita KS,"THE GFDI DOES NOT ACCOUNT FOR PRECIPITATION THAT OCCURS WITHIN
THE HOUR PRECEDING ANY GIVEN FORECAST HOUR BELOW OR ANY SNOW ON
THE GROUND AT THE FORECAST HOUR. PLEASE MAKE APPROPRIATE ADJUSTMENTS.(ALL TIME REFERENCES ARE IN CST)

DAY/DATE      24HR INDEX   *  MID  3AM  6AM  9AM NOON  3PM  6PM  9PM
WED JAN 01  MODERATE    4  *                                         
THU JAN 02  MODERATE    3  *   M    L    L    L    L    L    L    L  
FRI JAN 03  HIGH       14  *   L    L    L    L    H    H    M    M  
SAT JAN 04  MODERATE    4  *   M    M    L    L    L    M    M    L  
SUN JAN 05  LOW         2  *   L    L    L    L    L    L    L    L  
MON JAN 06  MODERATE    3  *   L    L    L    M    L    L    L    L",,Greenwood,2014-01-02,04:01:11,the gfdi does not account for precipitation that occurs within the hour preceding any given forecast hour below or any snow on the ground at the forecast hour. please make appropriate adjustments.(all time references are in cst) day/date 24hr index * mid 3am 6am 9am noon 3pm 6pm 9pm wed jan 01 moderate 4 * thu jan 02 moderate 3 * m l l l l l l l fri jan 03 high 14 * l l l l h h m m sat jan 04 moderate 4 * m m l l l m m l sun jan 05 low 2 * l l l l l l l l mon jan 06 moderate 3 * l l l m l l l l,[],['noon'],[],[],[],"['moderate', 'moderate', 'high', 'moderate', 'low', 'moderate']",[],[],['please make appropriate adjustments'],[]
NWS-130404-684310-473050,2013-12-28T09:18:18.000Z,Actual,Update,NWS Twin Cities/Chanhassen MN,Blizzard Warning,['Prepare'],Expected,Extreme,Likely,Blizzard Warning issued December 28 at 3:17AM CST expiring December 29 at 12:00PM CST by NWS Twin Cities/Chanhassen MN,"A BLIZZARD WARNING IS IN EFFECT FOR FAR WESTERN MINNESOTA
BEGINNING AT 3PM SATURDAY. A POWERFUL ARCTIC COLD FRONT WILL MOVE
THROUGH THE REGION LATER THIS AFTERNOON WITH NORTHWEST WINDS OF
30 TO 35 MPH...AND GUSTS 40 TO 45 MPH ALONG THE MINNESOTA RIVER
VALLEY IN WESTERN MINNESOTA. ALTHOUGH LITTLE SNOWFALL IS
EXPECTED...THESE WINDS WILL PERSIST OVERNIGHT AND CAUSE BLOWING
AND DRIFTING OF THE CURRENT SNOWPACK THAT IS IN PLACE. IN
ADDITION TEMPERATURES WILL PLUMMET OVERNIGHT...WITH WIND CHILLS
OF 35 TO 40 BELOW ZERO BY SUNDAY MORNING. THE COMBINATION OF
THESE WEATHER ELEMENTS WILL MAKE TRAVEL EXTREMELY DANGEROUS FOR
MOTORISTS...ESPECIALLY IF THEY BECOME STRANDED.

A WINTER WEATHER ADVISORY IS IN EFFECT FOR CENTRAL AND EASTERN
MINNESOTA BEGINNING AT 6PM SATURDAY. NORTHWEST WINDS OF 25 TO
30 MPH...WITH GUSTS NEAR 40 MPH WILL CAUSE BLOWING AND DRIFTING
SNOW. IN ADDITION...TEMPERATURES WILL FALL OVERNIGHT WITH WIND
CHILLS 25 TO 35 BELOW ZERO BY SUNDAY MORNING. THE COMBINATION OF
THESE WEATHER ELEMENTS WILL MAKE TRAVEL DIFFICULT FOR
MOTORISTS...ESPECIALLY IF THEY BECOME STRANDED.A BLIZZARD WARNING REMAINS IN EFFECT FROM 3 PM THIS AFTERNOON TO
NOON CST SUNDAY. 

* TIMING: SATURDAY AFTERNOON TILL NOON ON SUNDAY.

* MAIN IMPACT: BLOWING SNOW AND LOW VISIBILITY WILL MAKE TRAVEL 
  DANGEROUS. SOME ROADS MAY BE IMPASSIBLE SATURDAY NIGHT. 

* OTHER IMPACTS: WIND CHILL VALUES 35 TO 40 BELOW ZERO COULD 
  CAUSE FROSTBITE IN MINUTES.","A BLIZZARD WARNING MEANS SEVERE WINTER WEATHER CONDITIONS ARE
EXPECTED. BLOWING SNOW WITH STRONG WINDS AND POOR VISIBILITIES
ARE LIKELY. THIS WILL LEAD TO WHITEOUT CONDITIONS...MAKING TRAVEL
EXTREMELY DANGEROUS. DO NOT TRAVEL. IF YOU MUST TRAVEL...HAVE A
WINTER SURVIVAL KIT WITH YOU. IF YOU GET STRANDED...STAY WITH
YOUR VEHICLE.

",Renville; Stevens; Kandiyohi; Pope; Douglas; Lac qui Parle; Brown; Chippewa; Redwood; Swift; Watonwan; Yellow Medicine,2013-12-28,09:18:18,a blizzard warning is in effect for far western minnesota beginning at 3pm saturday. a powerful arctic cold front will move through the region later this afternoon with northwest winds of 30 to 35 mph...and gusts 40 to 45 mph along the minnesota river valley in western minnesota. although little snowfall is expected...these winds will persist overnight and cause blowing and drifting of the current snowpack that is in place. in addition temperatures will plummet overnight...with wind chills of 35 to 40 below zero by sunday morning. the combination of these weather elements will make travel extremely dangerous for motorists...especially if they become stranded. a winter weather advisory is in effect for central and eastern minnesota beginning at 6pm saturday. northwest winds of 25 to 30 mph...with gusts near 40 mph will cause blowing and drifting snow. in addition...temperatures will fall overnight with wind chills 25 to 35 below zero by sunday morning. the combination of these weather elements will make travel difficult for motorists...especially if they become stranded.a blizzard warning remains in effect from 3 pm this afternoon to noon cst sunday. * timing: saturday afternoon till noon on sunday. * main impact: blowing snow and low visibility will make travel dangerous. some roads may be impassible saturday night. * other impacts: wind chill values 35 to 40 below zero could cause frostbite in minutes.,"['winter weather advisory', 'blizzard warning']","['3pm saturday', '6pm saturday', 'saturday afternoon till noon on sunday']",[],[],"['far western minnesota', 'minnesota river valley', 'western minnesota', 'central and eastern minnesota']","['30 to 35 mph', 'northwest winds of 25 to 30 mph', 'wind chill values 35 to 40 below zero']",[],"['expect', 'some', 'may', 'could', 'little', 'will']",[],"['especially if they become stranded', 'especially if they become stranded']"
NWS-130404-685382-473955,2013-12-29T03:03:59.000Z,Actual,Cancel,NWS Bismarck ND,Blizzard Warning,['Prepare'],Expected,Extreme,Likely,Blizzard Warning issued December 28 at 9:03PM CST expiring December 28 at 9:00PM CST by NWS Bismarck ND,".BITTERLY COLD AIR WILL CONTINUE TO OVERSPREAD THE STATE TONIGHT.
WIND CHILLS OF 35 TO 45 BELOW ZERO ARE EXPECTED THROUGH SUNDAY
MORNING.

IF TRAVELING...BE SURE TO HAVE A WINTER SURVIVAL KIT...INFORM
OTHERS OF YOUR TRAVEL PLANS...AND BE READY FOR THE CHALLENGES YOU
COULD FACE IF STRANDED. DRESS FOR THE OUTSIDE WEATHER...NOT THE
INSIDE CAR TEMPERATURE.

DRESS IN LAYERS...COVER EXPOSED SKIN...AND LIMIT OUTSIDE TIME....BLIZZARD WARNING HAS EXPIRED...

* WIND CHILL VALUES...40 BELOW ZERO TONIGHT THROUGH SUNDAY 
  MORNING. 

* IMPACTS...FROSTBITE AND HYPOTHERMIA POSSIBLE.","A WIND CHILL WARNING MEANS THE COMBINATION OF WIND AND VERY COLD
AIR WILL CREATE DANGEROUSLY LOW WIND CHILL VALUES. THIS WILL
RESULT IN FROST BITE AND LEAD TO HYPOTHERMIA OR DEATH IF
PRECAUTIONS ARE NOT TAKEN.

",LaMoure; Dickey; Stutsman,2013-12-29,03:03:59,.bitterly cold air will continue to overspread the state tonight. wind chills of 35 to 45 below zero are expected through sunday morning. if traveling...be sure to have a winter survival kit...inform others of your travel plans...and be ready for the challenges you could face if stranded. dress for the outside weather...not the inside car temperature. dress in layers...cover exposed skin...and limit outside time....blizzard warning has expired... * wind chill values...40 below zero tonight through sunday morning. * impacts...frostbite and hypothermia possible.,['blizzard warning'],"['tonight', 'sunday morning', 'tonight']",[],[],['state'],"['bitterly cold air', 'wind chills of 35 to 45 below zero', 'wind chill values', '40 below zero']",[],"['expect', 'could', 'possible', 'read', 'be sure', 'will']","['be sure to have a winter survival kit', 'dress for the outside weather', 'dress in layers', 'cover exposed skin', 'and limit outside time']","['impacts', 'frostbite and hypothermia possible']"
NWS-130404-688504-476106,2013-12-31T08:48:01.000Z,Actual,Cancel,NWS Juneau AK,Winter Weather Advisory,['Execute'],Expected,Moderate,Likely,Winter Weather Advisory issued December 30 at 11:47PM AKST expiring December 31 at 12:00AM AKST by NWS Juneau AK,"ONE MORE BAND OF SHOWERS IS EXPECTED TO MOVE THROUGH THE NORTH
CENTRAL PANHANDLE BY 3 AM. AN ADDITIONAL 1 TO 2 INCHES OF SNOW IS
POSSIBLE AS THE BAND MOVES THROUGH QUICKLY BY MORNING.

THE AMOUNTS TODAY RANGED BETWEEN 4 AND 7 INCHES IN JUNEAU AND THE
VALLEY WITH NEARLY 7 INCHES AT THE OFFICE ON BACK LOOP ROAD. OUT
THE ROAD ALONG LENA LOOP AMOUNTS VARIED BETWEEN 10 AND 12 INCHES.

THIS WILL BE THE FINAL STATEMENT ON THIS EVENT.",,Juneau; Wrangell-Petersburg; Skagway-Hoonah-Angoon,2013-12-31,08:48:01,one more band of showers is expected to move through the north central panhandle by 3 am. an additional 1 to 2 inches of snow is possible as the band moves through quickly by morning. the amounts today ranged between 4 and 7 inches in juneau and the valley with nearly 7 inches at the office on back loop road. out the road along lena loop amounts varied between 10 and 12 inches. this will be the final statement on this event.,[],"['3 am', 'morning']",[],[],"['north central panhandle', 'juneau', 'the valley', 'at the office on back loop road', 'out the road along lena loop']",[],"['an additional 1 to 2 inches', '4 and 7 inches', 'nearly 7 inches', 'amounts varied between 10 and 12 inches']","['expect', 'possible', 'will']",[],[]
NWS-130404-688571,2013-12-31T09:33:10.000Z,Actual,Alert,NWS Wichita KS,Extreme Fire Danger,['Prepare'],Expected,Moderate,Likely,Extreme Fire Danger issued December 31 at 3:33AM CST by NWS Wichita KS,"THE GFDI DOES NOT ACCOUNT FOR PRECIPITATION THAT OCCURS WITHIN
THE HOUR PRECEDING ANY GIVEN FORECAST HOUR BELOW OR ANY SNOW ON
THE GROUND AT THE FORECAST HOUR. PLEASE MAKE APPROPRIATE ADJUSTMENTS.(ALL TIME REFERENCES ARE IN CST)

DAY/DATE      24HR INDEX   *  MID  3AM  6AM  9AM NOON  3PM  6PM  9PM
TUE DEC 31  VERY HIGH  21  *        L    L    M    H    H    M    L  
WED JAN 01  HIGH        8  *   L    L    L    M    M    H    L    L  
THU JAN 02  LOW         1  *   L    L    L    L    L    L    L    L  
FRI JAN 03  HIGH       13  *   L    L    L    M    H    H    H    M  
SAT JAN 04  HIGH        8  *   M    L    L    L    M    M    M    L  
SUN JAN 05  LOW         1  *   L    L    L    L    L    L    L    L",,Ellsworth,2013-12-31,09:33:10,the gfdi does not account for precipitation that occurs within the hour preceding any given forecast hour below or any snow on the ground at the forecast hour. please make appropriate adjustments.(all time references are in cst) day/date 24hr index * mid 3am 6am 9am noon 3pm 6pm 9pm tue dec 31 very high 21 * l l m h h m l wed jan 01 high 8 * l l l m m h l l thu jan 02 low 1 * l l l l l l l l fri jan 03 high 13 * l l l m h h h m sat jan 04 high 8 * m l l l m m m l sun jan 05 low 1 * l l l l l l l l,[],"['noon', 'low', 'low']",[],[],[],[],[],[],['please make appropriate adjustments'],[]
NWS-IDP-PROD-4258421-3588385,2020-06-06T18:06:00.000Z,Actual,Alert,NWS Gray ME,Severe Thunderstorm Warning,['Shelter'],Immediate,Severe,Observed,Severe Thunderstorm Warning issued June 6 at 2:06PM EDT until June 6 at 2:45PM EDT by NWS Gray ME,"The National Weather Service in Gray Maine has issued a

* Severe Thunderstorm Warning for...
Northeastern Sullivan County in central New Hampshire...
Central Belknap County in central New Hampshire...
Central Merrimack County in central New Hampshire...

* Until 245 PM EDT.

* At 206 PM EDT, a severe thunderstorm was located near New London,
moving east at 35 mph.

HAZARD...60 mph wind gusts and quarter size hail.

SOURCE...Radar indicated.

IMPACT...Hail damage to vehicles is expected. Expect wind damage
to roofs, siding, and trees.

* Locations impacted include...
Concord, Laconia, Franklin, New London, Hopkinton, Loudon, Epsom,
Gilmanton, Canterbury, Bradford, Danbury, Warner, Belmont, Gilford,
Boscawen, Andover, Chichester, Hill, Salisbury and Northfield.

This includes the following highways...
Interstate 89 between mile markers 14 and 32.
Interstate 93 between mile markers 38 and 61.

This also includes...
Mount Kearsage.","For your protection move to an interior room on the lowest floor of a
building.","Belknap, NH; Sullivan, NH; Merrimack, NH",2020-06-06,18:06:00,"the national weather service in gray maine has issued a * severe thunderstorm warning for... northeastern sullivan county in central new hampshire... central belknap county in central new hampshire... central merrimack county in central new hampshire... * until 245 pm edt. * at 206 pm edt, a severe thunderstorm was located near new london, moving east at 35 mph. hazard...60 mph wind gusts and quarter size hail. source...radar indicated. impact...hail damage to vehicles is expected. expect wind damage to roofs, siding, and trees. * locations impacted include... concord, laconia, franklin, new london, hopkinton, loudon, epsom, gilmanton, canterbury, bradford, danbury, warner, belmont, gilford, boscawen, andover, chichester, hill, salisbury and northfield. this includes the following highways... interstate 89 between mile markers 14 and 32. interstate 93 between mile markers 38 and 61. this also includes... mount kearsage.",['radar indicated'],['206 pm edt'],['until 245 pm edt'],[],"['gray maine', 'northeastern sullivan county', 'central new hampshire', 'central belknap county', 'central new hampshire', 'central merrimack county', 'central new hampshire', 'new london', 'concord', 'laconia', 'franklin', 'new london', 'hopkinton', 'loudon', 'epsom', 'gilmanton', 'canterbury', 'bradford', 'danbury', 'warner', 'belmont', 'gilford', 'boscawen', 'andover', 'chichester', 'hill', 'salisbury', 'northfield', 'interstate 89', 'interstate 93', 'mount kearsage']","['35 mph', '60 mph']",[],"['expect', 'can', 'indicate']","['expect wind damage to roofs, siding, and trees']",['hail damage to vehicles']
NWS-IDP-PROD-4260628-3589926,2020-06-07T09:44:00.000Z,Actual,Update,NWS Seattle WA,Small Craft Advisory,['Avoid'],Expected,Minor,Likely,Small Craft Advisory issued June 7 at 2:44AM PDT until June 8 at 5:00AM PDT by NWS Seattle WA,"* WHAT...Northwest winds 15 to 25 kt and seas 8 to 10 ft at 10
seconds.

* WHERE...Coastal Waters from Cape Flattery to Cape Shoalwater
out to 60 nm.

* WHEN...Until 5 AM PDT Monday.

* IMPACTS...Conditions will be hazardous to small craft.","A Small Craft Advisory means that wind speeds of 21 to 33 knots
and/or seas 10 feet or higher are expected to produce hazardous
wave conditions to small craft. Inexperienced mariners,
especially those operating smaller vessels should avoid
navigating in these conditions.",Coastal Waters From Cape Flattery To James Island 10 To 60 Nm; Coastal Waters From James Island To Point Grenville Out 10 Nm; Waters From James Island To Point Grenville 10 To 60 Nm; Coastal Waters From Cape Flattery To James Island Out 10 Nm; Coastal Waters From Point Grenville To Cape Shoalwater Out 10 Nm; Coastal Waters From Point Grenville To Cape Shoalwater 10 To 60 Nm,2020-06-07,09:44:00,* what...northwest winds 15 to 25 kt and seas 8 to 10 ft at 10 seconds. * where...coastal waters from cape flattery to cape shoalwater out to 60 nm. * when...until 5 am pdt monday. * impacts...conditions will be hazardous to small craft.,[],['5 am pdt monday'],[],[],"['coastal waters', 'cape flattery', 'cape shoalwater']","['15 to 25 kt', '8 to 10 ft']",[],['will'],['conditions will be hazardous to small craft'],['impacts']
NWS-IDP-PROD-4260861-3590074,2020-06-07T14:03:00.000Z,Actual,Alert,NWS New Orleans LA,Tornado Watch,['Monitor'],Future,Extreme,Possible,Tornado Watch issued June 7 at 9:03AM CDT until June 7 at 5:00PM CDT by NWS New Orleans LA,"THE NATIONAL WEATHER SERVICE HAS ISSUED TORNADO WATCH 266 IN
EFFECT UNTIL 5 PM CDT THIS AFTERNOON FOR THE FOLLOWING AREAS

IN MISSISSIPPI THIS WATCH INCLUDES 4 COUNTIES

IN SOUTHEAST MISSISSIPPI

HARRISON

IN SOUTHERN MISSISSIPPI

HANCOCK               JACKSON               PEARL RIVER

THIS INCLUDES THE CITIES OF BAY ST. LOUIS, CROSSROADS,
DIAMONDHEAD, GAUTIER, GULFPORT, MCNEIL, MOSS POINT,
OCEAN SPRINGS, PASCAGOULA, PICAYUNE, ST. MARTIN, AND WAVELAND.",,"Harrison, MS; Hancock, MS; Pearl River, MS; Jackson, MS",2020-06-07,14:03:00,"the national weather service has issued tornado watch 266 in effect until 5 pm cdt this afternoon for the following areas in mississippi this watch includes 4 counties in southeast mississippi harrison in southern mississippi hancock jackson pearl river this includes the cities of bay st. louis, crossroads, diamondhead, gautier, gulfport, mcneil, moss point, ocean springs, pascagoula, picayune, st. martin, and waveland.",['tornado watch'],['5 pm cdt'],[],[],"['mississippi', 'mississippi harrison', 'mississippi hancock', 'jackson', 'pearl river', 'bay st. louis', 'crossroads', 'diamondhead', 'gautier', 'gulfport', 'mcneil', 'moss point', 'ocean springs', 'pascagoula', 'picayune', 'st. martin', 'waveland']",[],['4 counties'],[],[],[]
NWS-IDP-PROD-4255436-3586514,2020-06-05T09:52:00.000Z,Actual,Alert,NWS Kansas City/Pleasant HIll MO,Severe Thunderstorm Watch,['Monitor'],Future,Severe,Possible,Severe Thunderstorm Watch issued June 5 at 4:52AM CDT until June 5 at 10:00AM CDT by NWS Kansas City/Pleasant HIll MO,"THE NATIONAL WEATHER SERVICE HAS EXTENDED SEVERE THUNDERSTORM
WATCH 257 TO INCLUDE THE FOLLOWING AREAS UNTIL 10 AM CDT THIS
MORNING

IN MISSOURI THIS WATCH INCLUDES 4 COUNTIES

IN NORTH CENTRAL MISSOURI

PUTNAM                SULLIVAN

IN NORTHEAST MISSOURI

ADAIR                 SCHUYLER

THIS INCLUDES THE CITIES OF DOWNING, GLENWOOD, GREEN CITY,
GREENTOP, KIRKSVILLE, LANCASTER, MILAN, QUEEN CITY,
AND UNIONVILLE.",,"Putnam, MO; Sullivan, MO; Schuyler, MO; Adair, MO",2020-06-05,09:52:00,"the national weather service has extended severe thunderstorm watch 257 to include the following areas until 10 am cdt this morning in missouri this watch includes 4 counties in north central missouri putnam sullivan in northeast missouri adair schuyler this includes the cities of downing, glenwood, green city, greentop, kirksville, lancaster, milan, queen city, and unionville.",['severe thunderstorm watch'],['10 am cdt'],[],[],"['missouri', 'missouri putnam                sullivan', 'northeast missouri adair                 schuyler', 'downing', 'glenwood', 'green city', 'greentop', 'kirksville', 'lancaster', 'milan', 'queen city', 'unionville']",[],['4 counties'],['tend'],[],[]
NWS-130404-689632-476791,2014-01-01T02:23:16.000Z,Actual,Alert,NWS Sioux Falls SD,Wind Chill Advisory,['Prepare'],Expected,Moderate,Likely,Wind Chill Advisory issued December 31 at 8:23PM CST expiring January 1 at 9:00AM CST by NWS Sioux Falls SD,"THE NATIONAL WEATHER SERVICE IN SIOUX FALLS HAS ISSUED A WIND
CHILL ADVISORY...WHICH IS IN EFFECT UNTIL 9 AM CST WEDNESDAY. 

* WIND...NORTHEASTERLY WINDS WILL BE SUSTAINED AROUND 5 TO 10 MPH
  THROUGH THE OVERNIGHT HOURS...DIMINISHING SOME EARLY WEDNESDAY
  MORNING.  

* WIND CHILL VALUES...THESE WINDS COMBINED WITH TEMPERATURES NEAR
  10 BELOW ZERO WILL RESULT IN WIND CHILL VALUES OF 20 TO 25 BELOW
  ZERO.","A WIND CHILL ADVISORY IS ISSUED WHEN A STRONG WIND WILL COMBINE
WITH COLD TEMPERATURES TO CREATE DANGEROUSLY COLD CONDITIONS FOR
EXPOSED SKIN.  THE WIND WILL MAKE IT FEEL LIKE IT IS 20 DEGREES
BELOW ZERO OR COLDER FOR A PERIOD OF SEVERAL HOURS.  THOSE
PLANNING TO VENTURE OUTDOORS SHOULD DRESS WARMLY...MAKING SURE
THAT ALL EXPOSED SKIN IS COVERED.

",Moody; Murray; Nobles; Jackson; Lyon; Clay; Osceola; O'Brien; Dickinson; Lincoln; Pipestone; Cottonwood; Kingsbury; Miner; Lake; Brookings; Beadle,2014-01-01,02:23:16,the national weather service in sioux falls has issued a wind chill advisory...which is in effect until 9 am cst wednesday. * wind...northeasterly winds will be sustained around 5 to 10 mph through the overnight hours...diminishing some early wednesday morning. * wind chill values...these winds combined with temperatures near 10 below zero will result in wind chill values of 20 to 25 below zero.,['wind chill advisory'],"['9 am cst wednesday', 'overnight hours', 'early wednesday   morning']",[],[],['sioux falls'],"['5 to 10 mph', '20 to 25 below   zero']","['wind chill values', 'temperatures near   10 below zero', 'wind chill values']","['some', 'around', 'will']",[],[]
NWS-130404-681979,2013-12-26T09:38:04.000Z,Actual,Alert,NWS Wichita KS,Extreme Fire Danger,['Prepare'],Expected,Moderate,Likely,Extreme Fire Danger issued December 26 at 3:37AM CST by NWS Wichita KS,"THE GFDI DOES NOT ACCOUNT FOR PRECIPITATION THAT OCCURS WITHIN
THE HOUR PRECEDING ANY GIVEN FORECAST HOUR BELOW OR ANY SNOW ON
THE GROUND AT THE FORECAST HOUR. PLEASE MAKE APPROPRIATE ADJUSTMENTS.(ALL TIME REFERENCES ARE IN CST)

DAY/DATE      24HR INDEX   *  MID  3AM  6AM  9AM NOON  3PM  6PM  9PM
THU DEC 26  MODERATE    5  *        L    L    L    M    M    L    L  
FRI DEC 27  MODERATE    3  *   L    L    L    L    L    M    L    L  
SAT DEC 28  HIGH       12  *   L    L    L    L    M    H    L    M  
SUN DEC 29  HIGH        9  *   M    M    M    H    H    M    M    L  
MON DEC 30  LOW         2  *   L    L    L    L    L    L    L    L  
TUE DEC 31  LOW         2  *   L    L    L    L    L    L    L    L",,Kingman,2013-12-26,09:38:04,the gfdi does not account for precipitation that occurs within the hour preceding any given forecast hour below or any snow on the ground at the forecast hour. please make appropriate adjustments.(all time references are in cst) day/date 24hr index * mid 3am 6am 9am noon 3pm 6pm 9pm thu dec 26 moderate 5 * l l l m m l l fri dec 27 moderate 3 * l l l l l m l l sat dec 28 high 12 * l l l l m h l m sun dec 29 high 9 * m m m h h m m l mon dec 30 low 2 * l l l l l l l l tue dec 31 low 2 * l l l l l l l l,[],"['mid', 'noon']",[],[],[],"['moderate', 'moderate', 'high', 'high']",[],[],['please make appropriate adjustments'],[]
NWS-IDP-PROD-4254701-3585958,2020-06-05T02:50:00.000Z,Actual,Update,NWS Mount Holly NJ,Special Marine Warning,['Avoid'],Immediate,Severe,Likely,Special Marine Warning issued June 4 at 10:50PM EDT until June 4 at 11:00PM EDT by NWS Mount Holly NJ,"The affected areas were...
Delaware Bay...

The thunderstorms have moved out of the area and no longer pose a
significant threat to boaters.",,Delaware Bay waters south of East Point NJ to Slaughter Beach DE; Delaware Bay waters north of East Point NJ to Slaughter Beach DE,2020-06-05,02:50:00,the affected areas were... delaware bay... the thunderstorms have moved out of the area and no longer pose a significant threat to boaters.,[],[],[],[],"['the affected areas', 'delaware bay']",[],[],['can'],[],[]
NWS-IDP-PROD-4261397-3590458,2020-06-07T19:29:00.000Z,Actual,Update,NWS Melbourne FL,Tornado Warning,['Shelter'],Immediate,Extreme,Observed,Tornado Warning issued June 7 at 3:29PM EDT until June 7 at 3:45PM EDT by NWS Melbourne FL,"At 328 PM EDT, a severe thunderstorm capable of producing a tornado
was located near Emeralda, moving northeast at 20 mph.

HAZARD...Tornado.

SOURCE...Radar indicated rotation.

IMPACT...Flying debris will be dangerous to those caught without
shelter. Mobile homes will be damaged or destroyed. Damage
to roofs, windows, and vehicles will occur.  Tree damage is
likely.

Locations impacted include...
Emeralda, Lake Griffin, Lisbon and Silver Lake.","TAKE COVER NOW! Move to an interior room on the lowest floor of a
sturdy building. Avoid windows. If you are outdoors, in a mobile
home, or in a vehicle, move to the closest substantial shelter and
protect yourself from flying debris.","Lake, FL",2020-06-07,19:29:00,"at 328 pm edt, a severe thunderstorm capable of producing a tornado was located near emeralda, moving northeast at 20 mph. hazard...tornado. source...radar indicated rotation. impact...flying debris will be dangerous to those caught without shelter. mobile homes will be damaged or destroyed. damage to roofs, windows, and vehicles will occur. tree damage is likely. locations impacted include... emeralda, lake griffin, lisbon and silver lake.",['radar indicated rotation'],['328 pm edt'],[],[],"['emeralda', 'emeralda', 'lake griffin', 'lisbon', 'silver lake']",['20 mph'],[],"['like', 'likely', 'indicate', 'will']",[],"['flying debris will be dangerous to those caught without shelter', 'mobile homes will be damaged or destroyed', 'damage to roofs, windows, and vehicles', 'tree damage is likely']"
NWS-130404-693535-480139,2014-01-03T04:51:57.000Z,Actual,Update,NWS Seattle WA,Winter Weather Advisory,['Execute'],Expected,Moderate,Likely,Winter Weather Advisory issued January 2 at 8:51PM PST expiring January 3 at 4:00AM PST by NWS Seattle WA,"* SOME AFFECTED LOCATIONS...MT BAKER...STEVENS PASS...PARADISE.

* TIMING...THE HEAVIEST PRECIPITATION WILL OCCUR LATE THIS EVENING
  AND BEGIN TO LIGHTEN UP DURING THE PRE-DAWN HOURS FRIDAY
  MORNING. SNOW LEVELS ARE DOWN TO AROUND 4000 FEET THIS EVENING AND
  WILL LOWER FURTHER TO 2500 FEET BY FRIDAY MORNING.

* IMPACTS...ELEVATIONS ABOVE 4000 FEET WILL RECEIVE 6-9 INCHES OF
  SNOW...INCLUDING MOST OF THE SKI AREAS AND STEVENS AND WHITE
  PASSES. SOME SKI RESORTS MAY SEE SNOW AMOUNTS APPROACH ONE FOOT.
  SNOQUALMIE PASS WILL GET LESS SNOW WITH UP TO 4 INCHES POSSIBLE.","IF YOU ARE PLANNING TRAVEL IN THE MOUNTAINS CHECK THE WSDOT
WEBSITE FOR RESTRICTIONS ON THE ROADS. REMAIN AWARE OF THE
FORECAST.

",Lewis; Snohomish; Whatcom; Skagit; Pierce; King,2014-01-03,04:51:57,* some affected locations...mt baker...stevens pass...paradise. * timing...the heaviest precipitation will occur late this evening and begin to lighten up during the pre-dawn hours friday morning. snow levels are down to around 4000 feet this evening and will lower further to 2500 feet by friday morning. * impacts...elevations above 4000 feet will receive 6-9 inches of snow...including most of the ski areas and stevens and white passes. some ski resorts may see snow amounts approach one foot. snoqualmie pass will get less snow with up to 4 inches possible.,[],"['late this evening', 'pre-dawn hours friday   morning', 'this evening', 'friday morning']",[],[],"['mt baker', 'stevens pass', 'paradise', 'elevations above 4000 feet', 'most of the ski areas', 'some ski resorts', 'snoqualmie pass']",[],[],"['most', 'some', 'may', 'possible', 'around', 'will']",[],['impacts']
NWS-IDP-PROD-4254049-3585466,2020-06-04T23:49:00.000Z,Actual,Alert,NWS Norman OK,Severe Thunderstorm Warning,['Shelter'],Immediate,Severe,Observed,Severe Thunderstorm Warning issued June 4 at 6:49PM CDT until June 4 at 8:00PM CDT by NWS Norman OK,"The National Weather Service in Norman has issued a

* Severe Thunderstorm Warning for...
Washita County in western Oklahoma...
Caddo County in southwestern Oklahoma...
Kiowa County in southwestern Oklahoma...
Custer County in western Oklahoma...
Southern Blaine County in northwestern Oklahoma...
Western Canadian County in central Oklahoma...

* Until 800 PM CDT.

* At 649 PM CDT, severe thunderstorms were located along a line
extending from 3 miles southeast of Putnam to near Elk City, moving
southeast at 35 mph.

These are very dangerous storms.

HAZARD...80 mph wind gusts.

SOURCE...Radar indicated. 80 mph measured wind gusts occurred at
both Cheyenne and Butler. This line of storms has a
history of causing wind damage.

IMPACT...Flying debris will be dangerous to those caught without
shelter. Mobile homes will be heavily damaged. Expect
considerable damage to roofs, windows, and vehicles.
Extensive tree damage and power outages are likely.

* Locations impacted include...
Weatherford, Clinton, Anadarko, Hobart, Cordell, Hinton, Burns
Flat, Carnegie, Apache, Geary, Thomas, Cyril, Hydro, Sentinel,
Arapaho, Mountain View, Binger, Fort Cobb, Dill City and Canute.","For your protection move to an interior room on the lowest floor of a
building.","Canadian, OK; Caddo, OK; Kiowa, OK; Blaine, OK; Custer, OK; Washita, OK",2020-06-04,23:49:00,"the national weather service in norman has issued a * severe thunderstorm warning for... washita county in western oklahoma... caddo county in southwestern oklahoma... kiowa county in southwestern oklahoma... custer county in western oklahoma... southern blaine county in northwestern oklahoma... western canadian county in central oklahoma... * until 800 pm cdt. * at 649 pm cdt, severe thunderstorms were located along a line extending from 3 miles southeast of putnam to near elk city, moving southeast at 35 mph. these are very dangerous storms. hazard...80 mph wind gusts. source...radar indicated. 80 mph measured wind gusts occurred at both cheyenne and butler. this line of storms has a history of causing wind damage. impact...flying debris will be dangerous to those caught without shelter. mobile homes will be heavily damaged. expect considerable damage to roofs, windows, and vehicles. extensive tree damage and power outages are likely. * locations impacted include... weatherford, clinton, anadarko, hobart, cordell, hinton, burns flat, carnegie, apache, geary, thomas, cyril, hydro, sentinel, arapaho, mountain view, binger, fort cobb, dill city and canute.",['radar indicated'],['649 pm cdt'],['until 800 pm cdt'],[],"['norman', 'washita county', 'western oklahoma', 'caddo county', 'southwestern oklahoma', 'kiowa county', 'southwestern oklahoma', 'custer county', 'western oklahoma', 'southern blaine county', 'northwestern oklahoma', 'western canadian county', 'central oklahoma', 'putnam', 'elk city', 'cheyenne', 'butler', 'weatherford', 'clinton', 'anadarko', 'hobart', 'cordell', 'hinton', 'burns flat', 'carnegie', 'apache', 'geary', 'thomas', 'cyril', 'hydro', 'sentinel', 'arapaho', 'mountain view', 'binger', 'fort cobb', 'dill city', 'canute']","['80 mph', '80 mph']",[],"['expect', 'like', 'consider', 'likely', 'can', 'tend', 'indicate', 'will']","['expect considerable damage to roofs, windows, and vehicles']","['flying debris will be dangerous to those caught without shelter', 'mobile homes will be heavily damaged', 'extensive tree damage and power outages']"
NWS-IDP-PROD-4257304-3587657,2020-06-06T03:31:00.000Z,Actual,Update,NWS Seattle WA,Small Craft Advisory,['Avoid'],Expected,Minor,Likely,Small Craft Advisory issued June 5 at 8:31PM PDT until June 6 at 5:00AM PDT by NWS Seattle WA,"* WHAT...West winds 15 to 25 kt.

* WHERE...East Entrance U. S. Waters Strait Of Juan De Fuca and
Central U. S. Waters Strait Of Juan De Fuca.

* WHEN...Until 5 AM PDT Saturday.

* IMPACTS...Conditions will be hazardous to small craft.","A Small Craft Advisory means that wind speeds of 21 to 33 knots
and/or seas 10 feet or higher are expected to produce hazardous
wave conditions to small craft. Inexperienced mariners,
especially those operating smaller vessels should avoid
navigating in these conditions.",Central U.S. Waters Strait Of Juan De Fuca; East Entrance U.S. Waters Strait Of Juan De Fuca,2020-06-06,03:31:00,* what...west winds 15 to 25 kt. * where...east entrance u. s. waters strait of juan de fuca and central u. s. waters strait of juan de fuca. * when...until 5 am pdt saturday. * impacts...conditions will be hazardous to small craft.,[],[],['until 5 am pdt saturday'],[],"['east entrance u. s. waters strait of juan de fuca', 'central u. s.', 'strait of juan de fuca']",['15 to 25 kt'],[],['will'],['conditions will be hazardous to small craft'],['impacts']
NWS-IDP-PROD-4254699,2020-06-05T02:50:00.000Z,Actual,Alert,NWS San Angelo TX,Special Weather Statement,['Execute'],Expected,Moderate,Observed,Special Weather Statement issued June 4 at 9:50PM CDT by NWS San Angelo TX,"At 949 PM CDT, Doppler radar was tracking a strong thunderstorm near
Lueders, or 13 miles west of Albany, moving southeast at 40 mph.

Wind gusts of 50 to 55 mph will be possible with this storm.

This strong thunderstorm will be near...
Moran around 1025 PM CDT.
Putnam around 1030 PM CDT.

Other locations impacted by this storm include Mccarty Lake, Us-
283 Near The Callahan-Shackelford County Line, Admiral and I-
20 Near The Callahan-Eastland County Line.",,Callahan; Shackelford; Jones,2020-06-05,02:50:00,"at 949 pm cdt, doppler radar was tracking a strong thunderstorm near lueders, or 13 miles west of albany, moving southeast at 40 mph. wind gusts of 50 to 55 mph will be possible with this storm. this strong thunderstorm will be near... moran around 1025 pm cdt. putnam around 1030 pm cdt. other locations impacted by this storm include mccarty lake, us- 283 near the callahan-shackelford county line, admiral and i- 20 near the callahan-eastland county line.",[],"['949 pm cdt', '1025 pm cdt', '1030 pm cdt']",[],[],"['lueders', 'albany', 'moran', 'putnam', 'mccarty lake', 'us- 283', 'callahan-shackelford county line', 'admiral', 'i- 20', 'callahan-eastland county line']","['40 mph', '50 to 55 mph']",[],"['possible', 'around', 'will']",[],[]
NWS-IDP-PROD-4258993-3588738,2020-06-06T20:57:00.000Z,Actual,Update,NWS New Orleans LA,Tropical Storm Warning,['Avoid'],Immediate,Severe,Observed,Tropical Storm Warning issued June 6 at 3:57PM CDT by NWS New Orleans LA,"* LOCATIONS AFFECTED
- Larose
- Golden Meadow
- Leeville

* WIND
- LATEST LOCAL FORECAST: Equivalent Tropical Storm force wind
- Peak Wind Forecast: 40-50 mph with gusts to 70 mph
- Window for Tropical Storm force winds: Sunday morning until
early Monday morning

- THREAT TO LIFE AND PROPERTY THAT INCLUDES TYPICAL FORECAST
UNCERTAINTY IN TRACK, SIZE AND INTENSITY: Potential for wind 58
to 73 mph
- The wind threat has remained nearly steady from the
previous assessment.
- PLAN: Plan for dangerous wind of equivalent strong tropical
storm force.
- PREPARE: Remaining efforts to protect life and property
should be completed as soon as possible. Prepare for
significant wind damage.
- ACT: Move to safe shelter before the wind becomes hazardous.

- POTENTIAL IMPACTS: Significant
- Some damage to roofing and siding materials, along with
damage to porches, awnings, carports, and sheds. A few
buildings experiencing window, door, and garage door
failures. Mobile homes damaged, especially if unanchored.
Unsecured lightweight objects become dangerous projectiles.
- Several large trees snapped or uprooted, but with greater
numbers in places where trees are shallow rooted. Several
fences and roadway signs blown over.
- Some roads impassable from large debris, and more within
urban or heavily wooded places. A few bridges, causeways,
and access routes impassable.
- Scattered power and communications outages, but more
prevalent in areas with above ground lines.

* STORM SURGE
- LATEST LOCAL FORECAST: Life-threatening storm surge possible
- Peak Storm Surge Inundation: The potential for 2-4 feet
above ground somewhere within surge prone areas
- Window of concern: through Monday evening

- THREAT TO LIFE AND PROPERTY THAT INCLUDES TYPICAL FORECAST
UNCERTAINTY IN TRACK, SIZE AND INTENSITY: Potential for storm
surge flooding greater than 3 feet above ground
- The storm surge threat has remained nearly steady from the
previous assessment.
- PLAN: Plan for life-threatening storm surge flooding of
greater than 3 feet above ground.
- PREPARE: Evacuation efforts and flood preparations should
soon be brought to completion before conditions become
unsafe.
- ACT: Leave immediately if evacuation orders are given for
your area to avoid being cut off from emergency services or
needlessly risk lives.

- POTENTIAL IMPACTS: Significant
- Areas of inundation from storm surge flooding. Damage to
several buildings, mainly near the coast.
- Sections of near-shore escape routes and secondary roads
become weakened or washed out, especially in usually
vulnerable low spots. 3 to 6 feet of inundation is possible
outside the hurricane protection levee in marshy areas. No
inundation expected inside the hurricane protection levee
from Larose to Golden Meadow.
- Major shoreline erosion with heavy surf. Strong and
numerous rip currents.
- Moderate damage to marinas, docks, boardwalks, and piers.
Several small craft broken away from moorings, especially
in unprotected anchorages.

* FLOODING RAIN
- LATEST LOCAL FORECAST: Flood Watch is in effect
- Peak Rainfall Amounts: Additional 4-8 inches, with locally
higher amounts

- THREAT TO LIFE AND PROPERTY THAT INCLUDES TYPICAL FORECAST
UNCERTAINTY IN TRACK, SIZE AND INTENSITY: Potential for major
flooding rain
- The flooding rain threat has increased from the previous
assessment.
- PLAN: Emergency plans should include the potential for
major flooding from heavy rain. Evacuations and rescues are
likely.
- PREPARE: Strongly consider protective actions, especially
if you are in an area vulnerable to flooding.
- ACT: Heed any flood watches and warnings. Failure to take
action will likely result in serious injury or loss of life.

- POTENTIAL IMPACTS: Extensive
- Major rainfall flooding may prompt many evacuations and
rescues.
- Rivers and tributaries may rapidly overflow their banks in
multiple places. Small streams, creeks, canals, bayous, and
ditches may become dangerous rivers. Flood control systems
and barriers may become stressed.
- Flood waters can enter many structures within multiple
communities, some structures becoming uninhabitable or
washed away. Many places where flood waters may cover
escape routes. Streets and parking lots become rivers of
moving water with underpasses submerged. Driving conditions
become dangerous. Many road and bridge closures with some
weakened or washed out.

* TORNADO
- LATEST LOCAL FORECAST:
- Situation is somewhat favorable for tornadoes

- THREAT TO LIFE AND PROPERTY THAT INCLUDES TYPICAL FORECAST
UNCERTAINTY IN TRACK, SIZE AND INTENSITY: Potential for a few
tornadoes
- The tornado threat has remained nearly steady from the
previous assessment.
- PLAN: Emergency plans should include the potential for a
few tornadoes.
- PREPARE: If your shelter is particularly vulnerable to
tornadoes, prepare to relocate to safe shelter before
hazardous weather arrives.
- ACT: If a tornado warning is issued, be ready to shelter
quickly.

- POTENTIAL IMPACTS: Limited
- The occurrence of isolated tornadoes can hinder the
execution of emergency plans during tropical events.
- A few places may experience tornado damage, along with
power and communications disruptions.
- Locations could realize roofs peeled off buildings,
chimneys toppled, mobile homes pushed off foundations or
overturned, large tree tops and branches snapped off,
shallow-rooted trees knocked over, moving vehicles blown
off roads, and small boats pulled from moorings.

* FOR MORE INFORMATION:
- http://emergency.louisiana.gov
- http://homeport.uscg.mil",,Lower Lafourche,2020-06-06,20:57:00,"* locations affected - larose - golden meadow - leeville * wind - latest local forecast: equivalent tropical storm force wind - peak wind forecast: 40-50 mph with gusts to 70 mph - window for tropical storm force winds: sunday morning until early monday morning - threat to life and property that includes typical forecast uncertainty in track, size and intensity: potential for wind 58 to 73 mph - the wind threat has remained nearly steady from the previous assessment. - plan: plan for dangerous wind of equivalent strong tropical storm force. - prepare: remaining efforts to protect life and property should be completed as soon as possible. prepare for significant wind damage. - act: move to safe shelter before the wind becomes hazardous. - potential impacts: significant - some damage to roofing and siding materials, along with damage to porches, awnings, carports, and sheds. a few buildings experiencing window, door, and garage door failures. mobile homes damaged, especially if unanchored. unsecured lightweight objects become dangerous projectiles. - several large trees snapped or uprooted, but with greater numbers in places where trees are shallow rooted. several fences and roadway signs blown over. - some roads impassable from large debris, and more within urban or heavily wooded places. a few bridges, causeways, and access routes impassable. - scattered power and communications outages, but more prevalent in areas with above ground lines. * storm surge - latest local forecast: life-threatening storm surge possible - peak storm surge inundation: the potential for 2-4 feet above ground somewhere within surge prone areas - window of concern: through monday evening - threat to life and property that includes typical forecast uncertainty in track, size and intensity: potential for storm surge flooding greater than 3 feet above ground - the storm surge threat has remained nearly steady from the previous assessment. - plan: plan for life-threatening storm surge flooding of greater than 3 feet above ground. - prepare: evacuation efforts and flood preparations should soon be brought to completion before conditions become unsafe. - act: leave immediately if evacuation orders are given for your area to avoid being cut off from emergency services or needlessly risk lives. - potential impacts: significant - areas of inundation from storm surge flooding. damage to several buildings, mainly near the coast. - sections of near-shore escape routes and secondary roads become weakened or washed out, especially in usually vulnerable low spots. 3 to 6 feet of inundation is possible outside the hurricane protection levee in marshy areas. no inundation expected inside the hurricane protection levee from larose to golden meadow. - major shoreline erosion with heavy surf. strong and numerous rip currents. - moderate damage to marinas, docks, boardwalks, and piers. several small craft broken away from moorings, especially in unprotected anchorages. * flooding rain - latest local forecast: flood watch is in effect - peak rainfall amounts: additional 4-8 inches, with locally higher amounts - threat to life and property that includes typical forecast uncertainty in track, size and intensity: potential for major flooding rain - the flooding rain threat has increased from the previous assessment. - plan: emergency plans should include the potential for major flooding from heavy rain. evacuations and rescues are likely. - prepare: strongly consider protective actions, especially if you are in an area vulnerable to flooding. - act: heed any flood watches and warnings. failure to take action will likely result in serious injury or loss of life. - potential impacts: extensive - major rainfall flooding may prompt many evacuations and rescues. - rivers and tributaries may rapidly overflow their banks in multiple places. small streams, creeks, canals, bayous, and ditches may become dangerous rivers. flood control systems and barriers may become stressed. - flood waters can enter many structures within multiple communities, some structures becoming uninhabitable or washed away. many places where flood waters may cover escape routes. streets and parking lots become rivers of moving water with underpasses submerged. driving conditions become dangerous. many road and bridge closures with some weakened or washed out. * tornado - latest local forecast: - situation is somewhat favorable for tornadoes - threat to life and property that includes typical forecast uncertainty in track, size and intensity: potential for a few tornadoes - the tornado threat has remained nearly steady from the previous assessment. - plan: emergency plans should include the potential for a few tornadoes. - prepare: if your shelter is particularly vulnerable to tornadoes, prepare to relocate to safe shelter before hazardous weather arrives. - act: if a tornado warning is issued, be ready to shelter quickly. - potential impacts: limited - the occurrence of isolated tornadoes can hinder the execution of emergency plans during tropical events. - a few places may experience tornado damage, along with power and communications disruptions. - locations could realize roofs peeled off buildings, chimneys toppled, mobile homes pushed off foundations or overturned, large tree tops and branches snapped off, shallow-rooted trees knocked over, moving vehicles blown off roads, and small boats pulled from moorings. * for more information: - http://emergency.louisiana.gov - http://homeport.uscg.mil",[],"['sunday morning', 'early monday morning', 'monday evening']",[],[],"['larose', 'golden meadow', 'leeville', 'somewhere within surge prone areas']","['40-50 mph', 'equivalent strong tropical storm force']",[],"['expect', 'usually', 'several', 'some', 'somewhat', 'like', 'somewhere', 'consider', 'found', 'may', 'could', 'should', 'likely', 'possible', 'read', 'few', 'can', 'mainly', 'will', 'certain', 'many']","['prepare for significant wind damage', 'act', 'move to safe shelter before the wind becomes hazardous']","['a few buildings experiencing window, door, and garage door failures', 'unsecured lightweight objects become dangerous projectiles', 'several large trees snapped or uprooted', 'several fences and roadway signs blown over', 'scattered power and communications outages']"
NWS-IDP-PROD-4263666,2020-06-08T18:34:00.000Z,Actual,Alert,NWS Miami FL,Special Weather Statement,['Execute'],Expected,Moderate,Observed,Special Weather Statement issued June 8 at 2:34PM EDT by NWS Miami FL,"* At 234 PM EDT, National Weather Service meteorologists were
tracking a strong thunderstorm over North County Airport, or near
Palm Beach Gardens, moving northeast at 10 mph.

* Winds in excess of 45 mph possible with this storm.

* Locations impacted include...
West Palm Beach, Jupiter, Palm Beach Gardens, Riviera Beach,
Tequesta, Juno Beach, North Palm Beach, Lake Park, North County
Airport, Juno Ridge, The Acreage, Mangonia Park, Fau North Campus,
Philo Farms, Limestone Creek, Caloosa and Jupiter Farms.","To report severe weather, contact your nearest law enforcement
agency. You can also share your report with NWS Miami on Facebook and
Twitter.",Coastal Palm Beach County; Metro Palm Beach County; Inland Palm Beach County,2020-06-08,18:34:00,"* at 234 pm edt, national weather service meteorologists were tracking a strong thunderstorm over north county airport, or near palm beach gardens, moving northeast at 10 mph. * winds in excess of 45 mph possible with this storm. * locations impacted include... west palm beach, jupiter, palm beach gardens, riviera beach, tequesta, juno beach, north palm beach, lake park, north county airport, juno ridge, the acreage, mangonia park, fau north campus, philo farms, limestone creek, caloosa and jupiter farms.",[],['234 pm edt'],[],[],"['north county airport', 'palm beach gardens', 'west palm beach', 'jupiter', 'palm beach gardens', 'riviera beach', 'tequesta', 'juno beach', 'north palm beach', 'lake park', 'north county airport', 'juno ridge', 'the acreage', 'mangonia park', 'fau north campus', 'philo farms', 'limestone creek', 'caloosa', 'jupiter']",['winds in excess of 45 mph'],[],['possible'],[],[]
NWS-IDP-PROD-4257319,2020-06-06T03:40:00.000Z,Actual,Alert,NWS Upton NY,Marine Weather Statement,['Monitor'],Expected,Minor,Observed,Marine Weather Statement issued June 5 at 11:40PM EDT by NWS Upton NY,"The areas affected include...

Sandy Hook NJ to Fire Island Inlet NY out 20 NM...

At 1139 PM EDT, Doppler radar indicated a thunderstorm near Sandy
Hook Reef, moving east at 20 knots.","Mariners can expect locally higher waves, lightning strikes, and
heavy downpours. Boaters should seek safe harbor immediately until
this storm passes.",Sandy Hook NJ to Fire Island Inlet NY out 20 nm,2020-06-06,03:40:00,"the areas affected include... sandy hook nj to fire island inlet ny out 20 nm... at 1139 pm edt, doppler radar indicated a thunderstorm near sandy hook reef, moving east at 20 knots.",[],['1139 pm edt'],[],[],"['sandy hook nj', 'fire island inlet ny', 'sandy hook reef']",['20 knots'],['20 nm'],['indicate'],[],[]
NWS-IDP-PROD-4264501-3592717,2020-06-09T02:40:00.000Z,Actual,Alert,NWS Sioux Falls SD,Tornado Warning,['Shelter'],Immediate,Extreme,Observed,Tornado Warning issued June 8 at 9:40PM CDT until June 8 at 10:15PM CDT by NWS Sioux Falls SD,"The National Weather Service in Sioux Falls has issued a

* Tornado Warning for...
Southeastern Charles Mix County in south central South Dakota...

* Until 1015 PM CDT.

* At 939 PM CDT, a severe thunderstorm capable of producing a tornado
was located over Marty, or 8 miles southeast of Pickstown, moving
northeast at 35 mph.

HAZARD...Tornado and hail up to two inches in diameter.

SOURCE...Radar indicated rotation.

IMPACT...Flying debris will be dangerous to those caught without
shelter. Mobile homes will be damaged or destroyed.
Damage to roofs, windows, and vehicles will occur.  Tree
damage is likely.

* This dangerous storm will be near...
Wagner and Dante around 1000 PM CDT.","TAKE COVER NOW! Move to a basement or an interior room on the lowest
floor of a sturdy building. Avoid windows. If you are outdoors, in a
mobile home, or in a vehicle, move to the closest substantial shelter
and protect yourself from flying debris.","Charles Mix, SD",2020-06-09,02:40:00,"the national weather service in sioux falls has issued a * tornado warning for... southeastern charles mix county in south central south dakota... * until 1015 pm cdt. * at 939 pm cdt, a severe thunderstorm capable of producing a tornado was located over marty, or 8 miles southeast of pickstown, moving northeast at 35 mph. hazard...tornado and hail up to two inches in diameter. source...radar indicated rotation. impact...flying debris will be dangerous to those caught without shelter. mobile homes will be damaged or destroyed. damage to roofs, windows, and vehicles will occur. tree damage is likely. * this dangerous storm will be near... wagner and dante around 1000 pm cdt.",[],"['939 pm cdt', 'around 1000 pm cdt']",['until 1015 pm cdt'],[],"['sioux falls', 'southeastern charles mix county', 'south central south dakota', 'marty', 'pickstown', 'wagner and dante']",['up to two inches in diameter'],[],"['like', 'likely', 'around', 'indicate', 'will']",[],"['mobile homes will be damaged or destroyed', 'tree damage is likely']"
NWS-130404-684496,2013-12-28T11:03:53.000Z,Actual,Alert,NWS Topeka KS,Extreme Fire Danger,['Prepare'],Expected,Moderate,Likely,Extreme Fire Danger issued December 28 at 5:03AM CST by NWS Topeka KS,"(ALL TIME REFERENCES ARE IN CST)

DAY/DATE      24HR INDEX   *  MID  3AM  6AM  9AM NOON  3PM  6PM  9PM
SAT DEC 28  HIGH        9  *        L    L    L    M    H    H    M  
SUN DEC 29  HIGH       10  *   H    H    H    H    M    M    L    L  
MON DEC 30  LOW         1  *   L    L    L    L    L    L    L    L  
TUE DEC 31  LOW         2  *   L    L    L    L    L    L    L    L  
WED JAN 01  LOW         1  *   L    L    L    L    L    L    L    L  
THU JAN 02  LOW         1  *   L    L    L    L    L    L    L    L",,Harvey,2013-12-28,11:03:53,(all time references are in cst) day/date 24hr index * mid 3am 6am 9am noon 3pm 6pm 9pm sat dec 28 high 9 * l l l m h h m sun dec 29 high 10 * h h h h m m l l mon dec 30 low 1 * l l l l l l l l tue dec 31 low 2 * l l l l l l l l wed jan 01 low 1 * l l l l l l l l thu jan 02 low 1 * l l l l l l l l,[],"['mid', 'noon', 'low']",[],[],[],[],[],[],[],[]
NWS-130404-693740-480375,2014-01-03T08:53:47.000Z,Actual,Update,NWS Taunton MA,Blizzard Warning,['Prepare'],Expected,Extreme,Likely,Blizzard Warning issued January 3 at 3:49AM EST expiring January 3 at 11:00AM EST by NWS Taunton MA,"...HEAVY SNOW TAPERS OF THIS MORNING FROM WEST TO EAST BUT SOME
BLOWING AND DRIFTING SNOW WILL CONTINUE INTO THE AFTERNOON...

...OCEAN EFFECT SNOW SHOWERS WITH ARE POSSIBLE ACROSS PORTIONS OF
THE CAPE AND NANTUCKET INTO THIS AFTERNOON...* LOCATIONS...BARNSTABLE COUNTY IN MASSACHUSETTS.

* HAZARD TYPES...HEAVY SNOW AND BLIZZARD CONDITIONS.

* ACCUMULATIONS...TOTAL SNOW ACCUMULATION OF 8 TO 16 INCHES.

* TIMING...HEAVY SNOW WILL TAPER OFF THE SNOW SHOWERS BY LATE
  MORNING. SCATTERED OCEAN EFFECT SNOW SHOWERS WITH A FEW INCHES
  OF ADDITIONAL ACCUMULATION WILL BE POSSIBLE THIS AFTERNOON.

* IMPACTS...BLIZZARD CONDITIONS EARLY THIS MORNING WILL IMPROVE
  SOME LATER THIS MORNING...BUT OCEAN EFFECT SNOW SHOWERS ALONG
  WITH BLOWING AND DRIFTING SNOW WILL CONTINUE INTO THE AFTERNOON.

* WINDS...NORTH 15 TO 20 MPH WITH GUSTS UP TO 35 MPH.","A BLIZZARD WARNING IS ISSUED WHEN SUSTAINED WINDS OR FREQUENT
GUSTS OVER 35 MPH ARE EXPECTED WITH CONSIDERABLE FALLING AND/OR
BLOWING AND DRIFTING SNOW.  VISIBILITIES WILL BECOME POOR WITH
WHITEOUT CONDITIONS AT TIMES.  THOSE VENTURING OUTDOORS MAY
BECOME LOST OR DISORIENTED...SO PERSONS IN THE WARNING AREA ARE
ADVISED TO STAY INDOORS.

",Barnstable,2014-01-03,08:53:47,...heavy snow tapers of this morning from west to east but some blowing and drifting snow will continue into the afternoon... ...ocean effect snow showers with are possible across portions of the cape and nantucket into this afternoon...* locations...barnstable county in massachusetts. * hazard types...heavy snow and blizzard conditions. * accumulations...total snow accumulation of 8 to 16 inches. * timing...heavy snow will taper off the snow showers by late morning. scattered ocean effect snow showers with a few inches of additional accumulation will be possible this afternoon. * impacts...blizzard conditions early this morning will improve some later this morning...but ocean effect snow showers along with blowing and drifting snow will continue into the afternoon. * winds...north 15 to 20 mph with gusts up to 35 mph.,[],"['this morning', 'this afternoon', 'late   morning', 'this afternoon', 'early this morning', 'this morning']",[],[],"['cape and nantucket', 'barnstable county', 'massachusetts']","['heavy snow', 'north 15 to 20 mph', 'gusts up to 35 mph']","['total snow accumulation', '8 to 16 inches']","['some', 'possible', 'few', 'will']",[],['impacts']
NWS-IDP-PROD-4258162-3588227,2020-06-06T15:46:00.000Z,Actual,Update,NWS Tampa Bay Ruskin FL,Tornado Warning,['Shelter'],Immediate,Extreme,Observed,Tornado Warning issued June 6 at 11:46AM EDT until June 6 at 12:00PM EDT by NWS Tampa Bay Ruskin FL,"At 1146 AM EDT, a thunderstorm capable of producing a tornado was
located near Greater Sun Center, or 15 miles southwest of Fish Hawk,
moving north at 20 mph.

HAZARD...Tornado.

SOURCE...Radar indicated rotation.

IMPACT...Flying debris will be dangerous to those caught without
shelter. Mobile homes will be damaged or destroyed. Damage
to roofs, windows, and vehicles will occur.  Tree damage is
likely.

This dangerous storm will be near...
Greater Sun Center around 1155 AM EDT.
Ruskin around 1205 PM EDT.

Other locations impacted by this tornadic thunderstorm include Sun
City Center, Little Manatee River State Park and Wimauma.","TAKE COVER NOW! Move to an interior room on the lowest floor of a
sturdy building. Avoid windows. If you are outdoors, in a mobile
home, or in a vehicle, move to the closest substantial shelter and
protect yourself from flying debris.","Manatee, FL; Hillsborough, FL",2020-06-06,15:46:00,"at 1146 am edt, a thunderstorm capable of producing a tornado was located near greater sun center, or 15 miles southwest of fish hawk, moving north at 20 mph. hazard...tornado. source...radar indicated rotation. impact...flying debris will be dangerous to those caught without shelter. mobile homes will be damaged or destroyed. damage to roofs, windows, and vehicles will occur. tree damage is likely. this dangerous storm will be near... greater sun center around 1155 am edt. ruskin around 1205 pm edt. other locations impacted by this tornadic thunderstorm include sun city center, little manatee river state park and wimauma.",[],"['1146 am edt', 'around 1155 am edt', 'around 1205 pm edt']",[],[],"['greater sun center', 'fish hawk', 'greater sun center', 'ruskin', 'sun city center', 'little manatee river state park', 'wimauma']",['20 mph'],[],"['like', 'likely', 'little', 'around', 'indicate', 'will']",[],"['flying debris will be dangerous to those caught without shelter', 'mobile homes will be damaged or destroyed', 'damage to roofs, windows, and vehicles', 'tree damage is likely']"
NWS-IDP-PROD-4262107-3591005,2020-06-08T00:58:00.000Z,Actual,Update,NWS Aberdeen SD,Tornado Warning,['Shelter'],Immediate,Extreme,Observed,Tornado Warning issued June 7 at 7:58PM CDT until June 7 at 8:00PM CDT by NWS Aberdeen SD,"The storm which prompted the warning has moved out of the area.
Therefore, the warning will be allowed to expire.  However gusty
winds are still possible with this thunderstorm.

A Severe Thunderstorm Watch remains in effect until 1000 PM CDT for
north central South Dakota.

Remember, a Severe Thunderstorm Warning still remains in effect for
this area.",,"Faulk, SD",2020-06-08,00:58:00,"the storm which prompted the warning has moved out of the area. therefore, the warning will be allowed to expire. however gusty winds are still possible with this thunderstorm. a severe thunderstorm watch remains in effect until 1000 pm cdt for north central south dakota. remember, a severe thunderstorm warning still remains in effect for this area.","['a severe thunderstorm watch', 'a severe thunderstorm warning']",['1000 pm cdt'],[],[],['north central south dakota'],['gusty winds'],[],"['possible', 'will']",['remember'],[]
NWS-130404-693674-480285,2014-01-03T08:11:15.000Z,Actual,Alert,NWS Boise ID,Dense Fog Advisory,['Execute'],Expected,Moderate,Likely,Dense Fog Advisory issued January 3 at 1:10AM MST expiring January 3 at 11:00AM MST by NWS Boise ID,".DENSE FOG HAS EXPANDED ACROSS THE OREGON LOWER TREASURE VALLEY
DUE TO SNOW COVER AND LIGHT WINDS. A COLD FRONT APPROACHING FROM
THE NORTHWEST WILL BREAK UP THE FOG BY THIS AFTERNOON.THE NATIONAL WEATHER SERVICE IN BOISE HAS ISSUED A DENSE FOG
ADVISORY...WHICH IS IN EFFECT UNTIL 11 AM MST THIS MORNING FOR THE
OREGON LOWER TREASURE VALLEY.

* VISIBILITY...ONE-QUARTER MILE OR LESS.

* TIMING...THIS MORNING.

* IMPACTS...REDUCED VISIBILITIES RESULT IN DANGEROUS TRAVEL
  CONDITIONS.","A DENSE FOG ADVISORY MEANS VISIBILITIES WILL FREQUENTLY BE
REDUCED TO LESS THAN ONE QUARTER MILE. IF DRIVING...SLOW DOWN...
USE YOUR HEADLIGHTS...AND LEAVE PLENTY OF DISTANCE AHEAD OF YOU.

",Malheur,2014-01-03,08:11:15,.dense fog has expanded across the oregon lower treasure valley due to snow cover and light winds. a cold front approaching from the northwest will break up the fog by this afternoon.the national weather service in boise has issued a dense fog advisory...which is in effect until 11 am mst this morning for the oregon lower treasure valley. * visibility...one-quarter mile or less. * timing...this morning. * impacts...reduced visibilities result in dangerous travel conditions.,[],"['this afternoon', 'this morning', 'timing', 'this morning']",[],[],"['oregon lower treasure valley', 'boise', 'oregon lower treasure valley']",['one-quarter mile or less'],['visibility'],['will'],[],"['impacts', 'result in dangerous travel   conditions']"
NWS-130404-682931,2013-12-27T05:45:31.000Z,Actual,Alert,NWS Wichita KS,Extreme Fire Danger,['Prepare'],Expected,Moderate,Likely,Extreme Fire Danger issued December 26 at 11:45PM CST by NWS Wichita KS,"THE GFDI DOES NOT ACCOUNT FOR PRECIPITATION THAT OCCURS WITHIN
THE HOUR PRECEDING ANY GIVEN FORECAST HOUR BELOW OR ANY SNOW ON
THE GROUND AT THE FORECAST HOUR. PLEASE MAKE APPROPRIATE ADJUSTMENTS.(ALL TIME REFERENCES ARE IN CST)

DAY/DATE      24HR INDEX   *  MID  3AM  6AM  9AM NOON  3PM  6PM  9PM
THU DEC 26  LOW         1  *                                         
FRI DEC 27  HIGH        8  *   L    L    L    L    M    H    M    L  
SAT DEC 28  HIGH       16  *   L    L    L    M    H    H    L    M  
SUN DEC 29  HIGH        9  *   M    H    H    M    M    M    L    L  
MON DEC 30  LOW         2  *   L    L    L    L    L    L    L    L  
TUE DEC 31  LOW         2  *   L    L    L    L    L    L    L    L",,Russell,2013-12-27,05:45:31,the gfdi does not account for precipitation that occurs within the hour preceding any given forecast hour below or any snow on the ground at the forecast hour. please make appropriate adjustments.(all time references are in cst) day/date 24hr index * mid 3am 6am 9am noon 3pm 6pm 9pm thu dec 26 low 1 * fri dec 27 high 8 * l l l l m h m l sat dec 28 high 16 * l l l m h h l m sun dec 29 high 9 * m h h m m m l l mon dec 30 low 2 * l l l l l l l l tue dec 31 low 2 * l l l l l l l l,[],['noon'],[],[],[],[],[],[],[],[]
NWS-130404-686389-474728,2013-12-29T18:03:18.000Z,Actual,Cancel,NWS Aberdeen SD,Wind Chill Warning,['Prepare'],Expected,Severe,Likely,Wind Chill Warning issued December 29 at 12:03PM CST expiring December 29 at 12:00PM CST by NWS Aberdeen SD,"THE WIND IS LOWERING AND THE TEMPERATURES ARE GRADUALLY
CLIMBING...THUS THE WIND CHILL WARNING WAS ALLOWED TO EXPIRE AT
NOON. HOWEVER...WIND CHILLS THIS AFTERNOON WILL STILL BE COLD AND
IN THE RANGE OF 15 BELOW TO NEAR 25 BELOW AT TIMES.",,Deuel; Traverse; Big Stone; Hamlin; Marshall; Codington; Clark; Roberts; Grant; Day,2013-12-29,18:03:18,the wind is lowering and the temperatures are gradually climbing...thus the wind chill warning was allowed to expire at noon. however...wind chills this afternoon will still be cold and in the range of 15 below to near 25 below at times.,['the wind chill warning'],"['noon', 'this afternoon']",[],[],[],"['wind chills', '15 below to near 25 below']",[],['will'],[],[]
NWS-130404-682535-472204,2013-12-26T20:11:22.000Z,Actual,Update,NWS Buffalo NY,Lake Effect Snow Warning,['Avoid'],Expected,Extreme,Likely,Lake Effect Snow Warning issued December 26 at 3:11PM EST expiring December 27 at 4:00PM EST by NWS Buffalo NY,"* LOCATIONS...EASTERN LAKE ONTARIO REGION...MAINLY ACROSS FAR 
  SOUTHERN JEFFERSON COUNTY AND NORTHERN OSWEGO COUNTY EXTENDING 
  EAST ACROSS CENTRAL LEWIS COUNTY. GREATEST AMOUNTS ON THE TUG 
  HILL PLATEAU. 

* TIMING...LATE THIS AFTERNOON THROUGH LATE FRIDAY AFTERNOON.

* ACCUMULATIONS...AN INCH OR LESS THIS AFTERNOON...5 TO 10 
  INCHES TONIGHT...AND 3 TO 5 INCHES FRIDAY...LEADING TO STORM 
  TOTALS OF 8 TO 15 INCHES IN THE MOST PERSISTENT LAKE SNOWS.

* WINDS...WEST 10 TO 15 MPH.

* VISIBILITIES...AS LOW AS A HALF MILE AT TIMES.

* IMPACTS...LOCALLY HEAVY SNOW SQUALLS WILL PRODUCE VERY POOR 
  VISIBILITY AND SNOW COVERED ROADS. TRAVEL WILL BE IMPACTED 
  ALONG INTERSTATE 81 FROM PARISH TO ADAMS.","IF YOU LOSE POWER AND PLAN ON RUNNING A GENERATOR...MAKE SURE
THAT THE GENERATOR IS LOCATED OUTDOORS AND IS PROPERLY
VENTILATED. SPACE HEATERS SHOULD ALSO BE PROPERLY VENTILATED AND
USED ONLY IF THEY ARE OPERATING PROPERLY. MAKE SURE SNOW DOES NOT
BLOCK EXHAUSTS AND FRESH AIR INTAKES FOR HIGH EFFICIENCY FURNACES
AND WATER HEATERS.

STAY TUNED TO NOAA WEATHER RADIO OR YOUR FAVORITE SOURCE OF
WEATHER INFORMATION FOR THE LATEST UPDATES. ADDITIONAL DETAILS
CAN ALSO BE FOUND AT WWW.WEATHER.GOV/BUFFALO.

IN LAKE EFFECT SNOW THE WEATHER CAN VARY FROM LOCALLY HEAVY SNOW
IN NARROW BANDS TO CLEAR SKIES JUST A FEW MILES AWAY. IF YOU WILL
BE TRAVELING ACROSS THE REGION BE PREPARED FOR RAPID CHANGES IN
ROAD AND VISIBILITY CONDITIONS.

REPORT SNOW ACCUMULATION TO THE NATIONAL WEATHER SERVICE IN
BUFFALO BY SENDING AN EMAIL TO BUFSTORM.REPORT@NOAA.GOV...POSTING
TO THE NWS BUFFALO FACEBOOK PAGE...OR TWEET...USING THE HASHTAG
BUFWX

",Jefferson; Oswego; Lewis,2013-12-26,20:11:22,* locations...eastern lake ontario region...mainly across far southern jefferson county and northern oswego county extending east across central lewis county. greatest amounts on the tug hill plateau. * timing...late this afternoon through late friday afternoon. * accumulations...an inch or less this afternoon...5 to 10 inches tonight...and 3 to 5 inches friday...leading to storm totals of 8 to 15 inches in the most persistent lake snows. * winds...west 10 to 15 mph. * visibilities...as low as a half mile at times. * impacts...locally heavy snow squalls will produce very poor visibility and snow covered roads. travel will be impacted along interstate 81 from parish to adams.,[],"['late this afternoon', 'this afternoon', 'tonight', 'friday']",[],[],"['eastern lake ontario region', 'far    southern jefferson county', 'northern oswego county', 'central lewis county', 'tug    hill plateau', 'interstate 81']",['west 10 to 15 mph'],"['an inch or less', '5 to 10    inches', '3 to 5 inches', '8 to 15 inches', 'as low as a half mile', 'locally heavy snow squalls']","['most', 'mainly', 'tend', 'will']",[],[]
NWS-IDP-PROD-4262073-3590978,2020-06-08T00:43:00.000Z,Actual,Update,NWS Wilmington NC,Flood Warning,['Avoid'],Immediate,Severe,Observed,Flood Warning issued June 7 at 8:43PM EDT until June 9 at 5:00AM EDT by NWS Wilmington NC,"...The Flood Warning continues for the following rivers...

Lumber Near Lumberton affecting Robeson County NC
Little Pee Dee At Galivants Ferry affecting Horry and Marion Counties SC
Waccamaw At Conway affecting Horry County SC
Great Pee Dee At Pee Dee affecting Florence and Marion Counties SC

The Flood Warning continues for
The Lumber Near Lumberton.
* until late Monday night.
* At  7:50 PM Sunday the stage was 13.41 feet.
* Flood stage is 13.0 feet.
* Minor flooding is occurring and Minor flooding is forecast.
* Forecast...The river will continue rising to near 13.5 feet by just after
midnight tonight. The river will fall below flood stage tomorrow afternoon.
* Impact...At 13.0 feet...Low land flooding will occur along the river. The flood
waters may affect some residential property as water backs up into the
drainage ditches in the city.","People with interests along the river should take the necessary precautions to
protect life and property from the flood waters.

Additional information is available on our website at weather.gov/ilm under the
""Rivers and Lakes"" link.","Robeson, NC",2020-06-08,00:43:00,...the flood warning continues for the following rivers... lumber near lumberton affecting robeson county nc little pee dee at galivants ferry affecting horry and marion counties sc waccamaw at conway affecting horry county sc great pee dee at pee dee affecting florence and marion counties sc the flood warning continues for the lumber near lumberton. * until late monday night. * at 7:50 pm sunday the stage was 13.41 feet. * flood stage is 13.0 feet. * minor flooding is occurring and minor flooding is forecast. * forecast...the river will continue rising to near 13.5 feet by just after midnight tonight. the river will fall below flood stage tomorrow afternoon. * impact...at 13.0 feet...low land flooding will occur along the river. the flood waters may affect some residential property as water backs up into the drainage ditches in the city.,[],"['7:50 pm sunday', 'just after midnight tonight', 'tomorrow afternoon']",['until late monday night'],[],"['lumber near lumberton', 'robeson county', 'little pee dee at galivants ferry', 'waccamaw at conway', 'great pee dee at pee dee', 'florence and marion counties', 'lumber near lumberton']",[],"['stage', '13.0 feet', 'minor flooding', 'minor flooding']","['some', 'may', 'little', 'will']",[],[]
NWS-130404-695574,2014-01-04T05:36:33.000Z,Actual,Alert,NWS Wichita KS,Extreme Fire Danger,['Prepare'],Expected,Moderate,Likely,Extreme Fire Danger issued January 3 at 11:36PM CST by NWS Wichita KS,"THE GFDI DOES NOT ACCOUNT FOR PRECIPITATION THAT OCCURS WITHIN
THE HOUR PRECEDING ANY GIVEN FORECAST HOUR BELOW OR ANY SNOW ON
THE GROUND AT THE FORECAST HOUR. PLEASE MAKE APPROPRIATE ADJUSTMENTS.(ALL TIME REFERENCES ARE IN CST)

DAY/DATE      24HR INDEX   *  MID  3AM  6AM  9AM NOON  3PM  6PM  9PM
FRI JAN 03  HIGH        8  *                                         
SAT JAN 04  MODERATE    6  *   M    M    L    L    L    L    M    L  
SUN JAN 05  LOW         2  *   L    L    L    L    L    L    L    L  
MON JAN 06  LOW         2  *   L    L    L    L    L    L    L    L  
TUE JAN 07  LOW         2  *   L    L    L    L    L    L    L    L  
WED JAN 08  LOW         1  *   L    L    L    L    L    L    L    L",,Allen,2014-01-04,05:36:33,the gfdi does not account for precipitation that occurs within the hour preceding any given forecast hour below or any snow on the ground at the forecast hour. please make appropriate adjustments.(all time references are in cst) day/date 24hr index * mid 3am 6am 9am noon 3pm 6pm 9pm fri jan 03 high 8 * sat jan 04 moderate 6 * m m l l l l m l sun jan 05 low 2 * l l l l l l l l mon jan 06 low 2 * l l l l l l l l tue jan 07 low 2 * l l l l l l l l wed jan 08 low 1 * l l l l l l l l,[],"['mid', '9am noon', '9pm']",[],[],[],"['high', 'moderate']",[],[],['please make appropriate adjustments'],[]
NWS-130404-682169,2013-12-26T12:05:27.000Z,Actual,Alert,NWS Wichita KS,Extreme Fire Danger,['Prepare'],Expected,Moderate,Likely,Extreme Fire Danger issued December 26 at 6:05AM CST by NWS Wichita KS,"THE GFDI DOES NOT ACCOUNT FOR PRECIPITATION THAT OCCURS WITHIN
THE HOUR PRECEDING ANY GIVEN FORECAST HOUR BELOW OR ANY SNOW ON
THE GROUND AT THE FORECAST HOUR. PLEASE MAKE APPROPRIATE ADJUSTMENTS.(ALL TIME REFERENCES ARE IN CST)

DAY/DATE      24HR INDEX   *  MID  3AM  6AM  9AM NOON  3PM  6PM  9PM
THU DEC 26  MODERATE    3  *             L    L    L    M    L    L  
FRI DEC 27  LOW         1  *   L    L    L    L    L    L    L    L  
SAT DEC 28  MODERATE    4  *   L    L    L    L    M    M    L    L  
SUN DEC 29  MODERATE    5  *   L    L    M    M    M    M    L    L  
MON DEC 30  LOW         1  *   L    L    L    L    L    L    L    L  
TUE DEC 31  LOW         2  *   L    L    L    L    L    L    L    L",,Wilson,2013-12-26,12:05:27,the gfdi does not account for precipitation that occurs within the hour preceding any given forecast hour below or any snow on the ground at the forecast hour. please make appropriate adjustments.(all time references are in cst) day/date 24hr index * mid 3am 6am 9am noon 3pm 6pm 9pm thu dec 26 moderate 3 * l l l m l l fri dec 27 low 1 * l l l l l l l l sat dec 28 moderate 4 * l l l l m m l l sun dec 29 moderate 5 * l l m m m m l l mon dec 30 low 1 * l l l l l l l l tue dec 31 low 2 * l l l l l l l l,[],['noon'],[],[],[],"['moderate', 'low', 'moderate', 'moderate', 'low', 'low']",[],[],['please make appropriate adjustments'],[]
NWS-130404-691208,2014-01-02T03:03:00.000Z,Actual,Alert,NWS Wichita KS,Extreme Fire Danger,['Prepare'],Expected,Moderate,Likely,Extreme Fire Danger issued January 1 at 9:02PM CST by NWS Wichita KS,"THE GFDI DOES NOT ACCOUNT FOR PRECIPITATION THAT OCCURS WITHIN
THE HOUR PRECEDING ANY GIVEN FORECAST HOUR BELOW OR ANY SNOW ON
THE GROUND AT THE FORECAST HOUR. PLEASE MAKE APPROPRIATE ADJUSTMENTS.(ALL TIME REFERENCES ARE IN CST)

DAY/DATE      24HR INDEX   *  MID  3AM  6AM  9AM NOON  3PM  6PM  9PM
WED JAN 01  MODERATE    3  *                                      M  
THU JAN 02  MODERATE    3  *   M    L    L    L    L    L    L    L  
FRI JAN 03  HIGH        8  *   L    L    L    L    M    H    M    M  
SAT JAN 04  MODERATE    4  *   M    M    L    L    L    L    L    L  
SUN JAN 05  LOW         1  *   L    L    L    L    L    L    L    L  
MON JAN 06  LOW         2  *   L    L    L    L    L    L    L    L",,Allen,2014-01-02,03:03:00,the gfdi does not account for precipitation that occurs within the hour preceding any given forecast hour below or any snow on the ground at the forecast hour. please make appropriate adjustments.(all time references are in cst) day/date 24hr index * mid 3am 6am 9am noon 3pm 6pm 9pm wed jan 01 moderate 3 * m thu jan 02 moderate 3 * m l l l l l l l fri jan 03 high 8 * l l l l m h m m sat jan 04 moderate 4 * m m l l l l l l sun jan 05 low 1 * l l l l l l l l mon jan 06 low 2 * l l l l l l l l,[],['noon'],[],[],[],"['moderate', 'moderate', 'high', 'moderate', 'low', 'low']",[],[],['please make appropriate adjustments'],[]
NWS-IDP-PROD-4258405-3588375,2020-06-06T17:51:00.000Z,Actual,Update,NWS Salt Lake City UT,Flood Advisory,['Avoid'],Expected,Minor,Likely,Flood Advisory issued June 6 at 11:51AM MDT until June 6 at 12:00PM MDT by NWS Salt Lake City UT,"Heavy rain has largely ended across the area...however expect
normally dry washes, creeks and streams to continue to see elevated
flows.",,"Garfield, UT",2020-06-06,17:51:00,"heavy rain has largely ended across the area...however expect normally dry washes, creeks and streams to continue to see elevated flows.",[],['has largely ended'],[],[],"['across the area', 'creeks and streams']","['heavy rain', 'elevated flows']",[],"['largely', 'expect']",[],[]
NWS-130404-694693-481310,2014-01-03T18:10:32.000Z,Actual,Alert,NWS Springfield MO,Winter Storm Watch,['Prepare'],Future,Severe,Possible,Winter Storm Watch issued January 3 at 12:09PM CST expiring January 5 at 3:00PM CST by NWS Springfield MO,".A STRONG WINTER STORM WILL MOVE OUT OF THE NORTHERN PLAINS AND
ACROSS THE MISSOURI OZARKS AND SOUTHEASTERN KANSAS SATURDAY
AFTERNOON THROUGH SUNDAY. A STRONG COLD FRONT WILL BEGIN TO MOVE
THROUGH THE REGION SATURDAY AFTERNOON AS PRECIPITATION BEGINS TO
SPREAD NORTH ON STRONG SOUTHERLY WINDS. THE PRECIPITATION WILL
INITIALLY BEGIN AS LIGHT RAIN OR DRIZZLE AND TRANSITION QUICKLY TO
SNOW AROUND SUNSET. 

STRONG LIFT ALONG WITH DEEP COLD AIR WILL ALLOW FOR PERIODS OF
MODERATE TO HEAVY SNOW DURING THE OVERNIGHT HOURS SATURDAY INTO
SUNDAY MORNING. AS A RESULT PORTIONS OF THE EASTERN OZARKS SHOULD
EXPECT 5 TO 7 INCHES OF SNOWFALL WITH LOCALLY HIGHER AMOUNTS. THE
SYSTEM WILL MOVE EAST OF THE REGION BY SUNDAY EVENING WITH SNOW
TAPERING OFF TO FLURRIES AND ENDING AROUND SUNSET ON SUNDAY. 

STRONG NORTH WINDS WILL ACCOMPANY USHER IN THE ARCTIC AIR MASS ON
SUNDAY. WIND CHILLS SUNDAY ARE EXPECTED TO BE BETWEEN -5 AND -15
DEGREES AS THE SNOW ENDS.THE NATIONAL WEATHER SERVICE IN SPRINGFIELD HAS ISSUED A WINTER
STORM WATCH...WHICH IS IN EFFECT FROM SATURDAY EVENING THROUGH
SUNDAY AFTERNOON. 

* TIMING AND AREAS AFFECTED...LOCATIONS EAST OF HIGHWAY 65 WILL BE
  AFFECTED BETWEEN 9 PM SATURDAY EVENING THROUGH 3 PM SUNDAY
  AFTERNOON. 

* SNOW AMOUNTS BETWEEN 5 TO 7 INCHES ARE EXPECTED ACROSS THE WATCH
  AREA, THOUGH LOCALIZED HIGHER AMOUNTS WILL BE POSSIBLE...

* WINDS AND VISIBILITY...STRONG WINDS WILL AFFECT THE REGION AS
  THE STORM SYSTEM BEGINS TO EXIT THE REGION. NORTHERLY WINDS OF
  15 TO 20 MPH WITH GUSTS UP TO 30 MPH WILL ALLOW FOR BLOWING AND
  DRIFTING SNOW ACROSS THE AREA. THE BLOWING SNOW WILL REDUCE
  VISIBILITIES AT TIMES TO A MILE OF LESS.

* IMPACTS...SNOW FALL WILL FALL HEAVY AT TIME AND IMPACT ROADS
  ACROSS THE EASTERN OZARKS. TRAVEL WILL BE DIFFICULT DURING AND
  AFTER THE STORM. BLOWING AND DRIFTING SNOW WILL REDUCE
  VISIBILITIES AT TIMES SUNDAY.","A WINTER STORM WATCH MEANS THERE IS A POTENTIAL FOR SIGNIFICANT
SNOW...SLEET...OR ICE ACCUMULATIONS THAT MAY IMPACT TRAVEL.
CONTINUE TO MONITOR THE LATEST FORECASTS.

",Howell; Maries; Pulaski; Laclede; Camden; Dent; Douglas; Miller; Webster; Morgan; Oregon; Ozark; Phelps; Shannon; Dallas; Texas; Wright,2014-01-03,18:10:32,".a strong winter storm will move out of the northern plains and across the missouri ozarks and southeastern kansas saturday afternoon through sunday. a strong cold front will begin to move through the region saturday afternoon as precipitation begins to spread north on strong southerly winds. the precipitation will initially begin as light rain or drizzle and transition quickly to snow around sunset. strong lift along with deep cold air will allow for periods of moderate to heavy snow during the overnight hours saturday into sunday morning. as a result portions of the eastern ozarks should expect 5 to 7 inches of snowfall with locally higher amounts. the system will move east of the region by sunday evening with snow tapering off to flurries and ending around sunset on sunday. strong north winds will accompany usher in the arctic air mass on sunday. wind chills sunday are expected to be between -5 and -15 degrees as the snow ends.the national weather service in springfield has issued a winter storm watch...which is in effect from saturday evening through sunday afternoon. * timing and areas affected...locations east of highway 65 will be affected between 9 pm saturday evening through 3 pm sunday afternoon. * snow amounts between 5 to 7 inches are expected across the watch area, though localized higher amounts will be possible... * winds and visibility...strong winds will affect the region as the storm system begins to exit the region. northerly winds of 15 to 20 mph with gusts up to 30 mph will allow for blowing and drifting snow across the area. the blowing snow will reduce visibilities at times to a mile of less. * impacts...snow fall will fall heavy at time and impact roads across the eastern ozarks. travel will be difficult during and after the storm. blowing and drifting snow will reduce visibilities at times sunday.",['winter storm watch'],"['saturday afternoon', 'saturday afternoon', 'sunset', 'sunday evening', 'sunset', 'sunday', 'saturday evening', 'sunday   afternoon']",[],[],"['northern plains', 'southeastern kansas', 'eastern ozarks', 'springfield', 'locations east of highway 65', 'eastern ozarks']",['gusts up to 30 mph'],[],"['expect', 'should', 'possible', 'read', 'around', 'will']",[],[]
NWS-IDP-PROD-4259128-3588829,2020-06-06T21:33:00.000Z,Actual,Update,NWS Los Angeles/Oxnard CA,Small Craft Advisory,['Avoid'],Expected,Minor,Likely,Small Craft Advisory issued June 6 at 2:33PM PDT until June 9 at 3:00AM PDT by NWS Los Angeles/Oxnard CA,"* WHAT...Hazardous sea conditions.

* WHERE...Point Piedras Blancas to Point Sal westward out to 10
NM.

* WHEN...Until 3 AM PDT Tuesday.

* IMPACTS...Conditions will be hazardous to small craft.

* ADDITIONAL DETAILS...See the Coastal Waters Forecast (CWFLOX).","Inexperienced mariners, especially those operating smaller
vessels, should avoid navigating in hazardous conditions.",Point Piedras Blancas to Point Sal westward out to 10 NM,2020-06-06,21:33:00,* what...hazardous sea conditions. * where...point piedras blancas to point sal westward out to 10 nm. * when...until 3 am pdt tuesday. * impacts...conditions will be hazardous to small craft. * additional details...see the coastal waters forecast (cwflox).,[],['3 am pdt tuesday'],[],[],"['point piedras blancas', 'point sal']",[],['10 nm'],['will'],[],['impacts']
NWS-130404-687647-475567,2013-12-30T14:58:05.000Z,Actual,Update,NWS Buffalo NY,Lake Effect Snow Watch,['Prepare'],Future,Extreme,Possible,Lake Effect Snow Watch issued December 30 at 9:57AM EST expiring January 1 at 1:00PM EST by NWS Buffalo NY,"* LOCATIONS...OSWEGO COUNTY.

* TIMING...EARLY TUESDAY AFTERNOON THROUGH EARLY WEDNESDAY 
  AFTERNOON. SNOW DEVELOPING ACROSS THE NORTHERN PORTION OF THE 
  COUNTY TUESDAY AFTERNOON...THEN SETTLING TO THE SOUTHERN 
  PORTION TUESDAY NIGHT. 

* ACCUMULATIONS...SNOW POTENTIALLY ACCUMULATING 8 TO 12 INCHES 
  IN THE MOST PERSISTENT LAKE SNOWS. 

* WINDS...NORTHWEST 20 TO 30 MPH WITH GUSTS TO 40 MPH PRODUCING 
  SOME BLOWING AND DRIFTING SNOW. 

* VISIBILITIES...AS LOW AS A QUARTER MILE AT TIMES.

* IMPACTS...TRAVEL MAY BE VERY DIFFICULT AT TIMES WITH SNOW 
  COVERED ROADS AND POOR VISIBILITY DUE TO HEAVY SNOW AND 
  BLOWING SNOW. 

* FORECASTER CONFIDENCE...MEDIUM. THERE REMAINS SOME UNCERTAINTY 
  WITH RESPECT TO THE EXACT PLACEMENT AND INTENSITY OF THE LAKE 
  EFFECT SNOW.","STAY TUNED TO NOAA WEATHER RADIO OR YOUR FAVORITE SOURCE OF
WEATHER INFORMATION FOR THE LATEST UPDATES. ADDITIONAL DETAILS
CAN ALSO BE FOUND AT WWW.WEATHER.GOV/BUFFALO.

A LAKE EFFECT SNOW WATCH MEANS THAT SIGNIFICANT WINTER WEATHER IS
POSSIBLE IN LOCALIZED AREAS WITHIN THE NEXT 36 HOURS.

",Oswego,2013-12-30,14:58:05,* locations...oswego county. * timing...early tuesday afternoon through early wednesday afternoon. snow developing across the northern portion of the county tuesday afternoon...then settling to the southern portion tuesday night. * accumulations...snow potentially accumulating 8 to 12 inches in the most persistent lake snows. * winds...northwest 20 to 30 mph with gusts to 40 mph producing some blowing and drifting snow. * visibilities...as low as a quarter mile at times. * impacts...travel may be very difficult at times with snow covered roads and poor visibility due to heavy snow and blowing snow. * forecaster confidence...medium. there remains some uncertainty with respect to the exact placement and intensity of the lake effect snow.,[],"['tuesday afternoon', 'tuesday afternoon', 'tuesday night']",[],[],"['oswego county', 'northern portion of the    county', 'southern    portion']",['20 to 30 mph'],['8 to 12 inches'],"['forecaster confidence', 'most', 'some', 'may', 'certain']",[],"['impacts', 'travel may be very difficult at times']"
NWS-IDP-PROD-4265148-3593200,2020-06-09T09:59:00.000Z,Actual,Update,NWS Seattle WA,Small Craft Advisory,['Avoid'],Expected,Minor,Likely,Small Craft Advisory issued June 9 at 2:59AM PDT until June 9 at 5:00PM PDT by NWS Seattle WA,"* WHAT...For the Gale Warning, southeast winds 20 to 30 kt. For
the Small Craft Advisory, southeast winds 15 to 25 kt.

* WHERE...East Entrance U. S. Waters Strait Of Juan De Fuca.

* WHEN...For the Gale Warning, until 11 AM PDT this morning. For
the Small Craft Advisory, from 11 AM this morning to 5 PM PDT
this afternoon.

* IMPACTS...Strong winds will cause hazardous seas which could
capsize or damage vessels and reduce visibility.","A Gale Warning means winds of 34 to 47 knots are imminent or
occurring. Operating a vessel in gale conditions requires
experience and properly equipped vessels. It is highly
recommended that mariners without the proper experience seek safe
harbor prior to the onset of gale conditions.",East Entrance U.S. Waters Strait Of Juan De Fuca,2020-06-09,09:59:00,"* what...for the gale warning, southeast winds 20 to 30 kt. for the small craft advisory, southeast winds 15 to 25 kt. * where...east entrance u. s. waters strait of juan de fuca. * when...for the gale warning, until 11 am pdt this morning. for the small craft advisory, from 11 am this morning to 5 pm pdt this afternoon. * impacts...strong winds will cause hazardous seas which could capsize or damage vessels and reduce visibility.","['gale warning', 'gale warning']","['11 am pdt this morning', '11 am this morning', '5 pm pdt this afternoon']",[],[],['east entrance u. s. waters strait of juan de fuca'],"['southeast winds 20 to 30 kt', 'southeast winds 15 to 25 kt', 'strong winds']",[],"['could', 'will']","['small craft advisory', 'small craft advisory']",['which could capsize or damage vessels and reduce visibility']
NWS-IDP-PROD-4257334-3587682,2020-06-06T03:49:00.000Z,Actual,Update,NWS San Diego CA,Small Craft Advisory,['Avoid'],Expected,Minor,Likely,Small Craft Advisory issued June 5 at 8:49PM PDT until June 8 at 11:00AM PDT by NWS San Diego CA,"* WHAT...Saturday afternoon through Saturday night...Northwest
winds 10 to 15 kt with gusts up to 23 kt and seas of 6 to 8 feet
expected. Sunday afternoon through early Monday morning... Northwest
winds 12 to 20 kt with gusts to 27 kt and seas of 8 to 11 feet.

* WHERE...Approximately 15 to 60 nm away from the coast, with
the strongest winds affecting the Outer Waters.

* WHEN...From 3 PM Saturday to 11 AM PDT Monday. Strongest winds
are expected Sunday evening.

* IMPACTS...Conditions will be hazardous to small craft.","Inexperienced mariners, especially those operating smaller
vessels, should avoid navigating in hazardous conditions.",Waters from San Mateo point to the Mexican Border Extending 30 to 60 nm out including San Clemente Island; Coastal Waters from San Mateo Point to the Mexican Border and out to 30 nm,2020-06-06,03:49:00,"* what...saturday afternoon through saturday night...northwest winds 10 to 15 kt with gusts up to 23 kt and seas of 6 to 8 feet expected. sunday afternoon through early monday morning... northwest winds 12 to 20 kt with gusts to 27 kt and seas of 8 to 11 feet. * where...approximately 15 to 60 nm away from the coast, with the strongest winds affecting the outer waters. * when...from 3 pm saturday to 11 am pdt monday. strongest winds are expected sunday evening. * impacts...conditions will be hazardous to small craft.",[],"['saturday afternoon', 'sunday afternoon', '3 pm saturday to 11 am pdt monday', 'sunday evening']",[],[],"['approximately 15 to 60 nm away from the coast', 'outer waters']","['10 to 15 kt', 'seas of 6 to 8 feet', '12 to 20 kt', 'strongest winds', 'strongest winds']",['seas of 8 to 11 feet'],"['expect', 'approximately', 'will']",[],"['impacts', 'conditions will be hazardous to small craft']"
NWS-IDP-PROD-4264188-3592491,2020-06-09T00:13:00.000Z,Actual,Update,NWS North Platte NE,Tornado Warning,['Shelter'],Immediate,Extreme,Observed,Tornado Warning issued June 8 at 7:13PM CDT until June 8 at 7:45PM CDT by NWS North Platte NE,"At 713 PM CDT, a confirmed tornado was located 8 miles west of
Anselmo, or 23 miles south of Brewster, moving northeast at 15 mph.

HAZARD...Damaging tornado and ping pong ball size hail.

SOURCE...Public confirmed tornado.

IMPACT...Flying debris will be dangerous to those caught without
shelter. Mobile homes will be damaged or destroyed. Damage
to roofs, windows, and vehicles will occur.  Tree damage is
likely.

This tornado will be near...
Anselmo around 730 PM CDT.

Other locations impacted by this tornadic thunderstorm include
Milburn Diversion Dam State Wildlife Management Area and Linscott.

This includes Highway 2 between mile markers 234 and 259.","To repeat, a tornado is on the ground. TAKE COVER NOW! Move to a
basement or an interior room on the lowest floor of a sturdy
building. Avoid windows. If you are outdoors, in a mobile home, or in
a vehicle, move to the closest substantial shelter and protect
yourself from flying debris.","Blaine, NE; Custer, NE",2020-06-09,00:13:00,"at 713 pm cdt, a confirmed tornado was located 8 miles west of anselmo, or 23 miles south of brewster, moving northeast at 15 mph. hazard...damaging tornado and ping pong ball size hail. source...public confirmed tornado. impact...flying debris will be dangerous to those caught without shelter. mobile homes will be damaged or destroyed. damage to roofs, windows, and vehicles will occur. tree damage is likely. this tornado will be near... anselmo around 730 pm cdt. other locations impacted by this tornadic thunderstorm include milburn diversion dam state wildlife management area and linscott. this includes highway 2 between mile markers 234 and 259.",[],"['713 pm cdt', 'around 730 pm cdt']",[],[],"['anselmo', 'brewster', 'anselmo', 'milburn diversion dam state wildlife management area', 'linscott', 'highway 2', 'mile markers 234 and 259']",['15 mph'],[],"['like', 'likely', 'around', 'will']",[],"['flying debris will be dangerous to those caught without shelter', 'mobile homes will be damaged or destroyed', 'damage to roofs, windows, and vehicles', 'tree damage is likely']"
NWS-IDP-PROD-4260780-3590031,2020-06-07T13:11:00.000Z,Actual,Update,NWS Mobile AL,Tornado Warning,['Shelter'],Immediate,Extreme,Observed,Tornado Warning issued June 7 at 8:11AM CDT until June 7 at 8:45AM CDT by NWS Mobile AL,"At 810 AM CDT, a severe thunderstorm capable of producing a tornado
was located near Elberta, or 6 miles northeast of Foley, moving
northwest at 25 mph.

HAZARD...Tornado.

SOURCE...Radar indicated rotation.

IMPACT...Flying debris will be dangerous to those caught without
shelter. Mobile homes will be damaged or destroyed. Damage
to roofs, windows, and vehicles will occur.  Tree damage is
likely.

This tornadic thunderstorm will remain over mainly rural areas of
southeastern Baldwin County.","TAKE COVER NOW! Move to a basement or an interior room on the lowest
floor of a sturdy building. Avoid windows. If you are outdoors, in a
mobile home, or in a vehicle, move to the closest substantial shelter
and protect yourself from flying debris.","Baldwin, AL",2020-06-07,13:11:00,"at 810 am cdt, a severe thunderstorm capable of producing a tornado was located near elberta, or 6 miles northeast of foley, moving northwest at 25 mph. hazard...tornado. source...radar indicated rotation. impact...flying debris will be dangerous to those caught without shelter. mobile homes will be damaged or destroyed. damage to roofs, windows, and vehicles will occur. tree damage is likely. this tornadic thunderstorm will remain over mainly rural areas of southeastern baldwin county.",[],['810 am cdt'],[],[],"['elberta', 'foley', 'southeastern baldwin county']",['25 mph'],[],"['like', 'likely', 'mainly', 'indicate', 'will']",[],"['flying debris will be dangerous to those caught without shelter', 'mobile homes will be damaged or destroyed', 'damage to roofs, windows, and vehicles', 'tree damage is likely']"
NWS-IDP-PROD-4258613-3588496,2020-06-06T19:30:00.000Z,Actual,Alert,NWS Pueblo CO,Severe Thunderstorm Warning,['Shelter'],Immediate,Severe,Observed,Severe Thunderstorm Warning issued June 6 at 1:30PM MDT until June 6 at 2:00PM MDT by NWS Pueblo CO,"The National Weather Service in Pueblo has issued a

* Severe Thunderstorm Warning for...
Western Rio Grande County in south central Colorado...
Western Saguache County in central Colorado...
Eastern Mineral County in south central Colorado...

* Until 200 PM MDT.

* At 129 PM MDT, a severe thunderstorm was located 14 miles northeast
of Wagon Wheel Gap, or 44 miles south of Gunnison, moving northeast
at 45 mph.

HAZARD...70 mph wind gusts and nickel size hail.

SOURCE...Radar indicated.

IMPACT...Expect considerable tree damage. Damage is likely to
mobile homes, roofs, and outbuildings.

* Locations impacted include...
South Fork, North Pass, Wagon Wheel Gap and Wolf Creek Pass.","For your protection move to an interior room on the lowest floor of a
building.","Rio Grande, CO; Saguache, CO; Mineral, CO",2020-06-06,19:30:00,"the national weather service in pueblo has issued a * severe thunderstorm warning for... western rio grande county in south central colorado... western saguache county in central colorado... eastern mineral county in south central colorado... * until 200 pm mdt. * at 129 pm mdt, a severe thunderstorm was located 14 miles northeast of wagon wheel gap, or 44 miles south of gunnison, moving northeast at 45 mph. hazard...70 mph wind gusts and nickel size hail. source...radar indicated. impact...expect considerable tree damage. damage is likely to mobile homes, roofs, and outbuildings. * locations impacted include... south fork, north pass, wagon wheel gap and wolf creek pass.",['radar indicated'],['129 pm mdt'],['until 200 pm mdt'],[],"['western rio grande county', 'south central colorado', 'western saguache county', 'central colorado', 'eastern mineral county', 'south central colorado', 'wagon wheel gap', 'gunnison', 'south fork', 'north pass', 'wagon wheel gap', 'wolf creek pass']","['45 mph', '70 mph']",[],"['expect', 'like', 'consider', 'likely', 'indicate']",['expect considerable tree damage'],"['damage is likely to mobile homes, roofs, and outbuildings']"
AS-ID-70b1f310-c4b6-4486-96ea-803be531ee6f,2020-06-04T21:12:02.000Z,Actual,Alert,"Idaho Office of Emergency Management,ID",Child Abduction Emergency,,Immediate,Extreme,Observed,AMBER Alert-Single Child,"This is an activation of the amber alert system.  This is the Idaho State Communications Center. We have just received this important information regarding a child abducted in Kootenai County. The Idaho State Police is looking for a child who was last seen in Rathdrum and is believed to be in danger. The childs name is Leo Isador Hiibel-Cloutier. He is a 6 year old, male with black hair and was last seen wearing black corduroy pants, white t-shirt, black tennis shoes, camouflauge hooded jacket. Authorities say that the child may be in the company of Mimi Charmayne Hiibel and they may be traveling in a white 1988 Honda four door, license plate K670043, that was last seen heading to Oklahoma or Nevada. If you have any information on the where abouts of this child, please contact Idaho State Police immediately. ",,Idaho and surrounding areas,2020-06-04,21:12:02,"this is an activation of the amber alert system. this is the idaho state communications center. we have just received this important information regarding a child abducted in kootenai county. the idaho state police is looking for a child who was last seen in rathdrum and is believed to be in danger. the childs name is leo isador hiibel-cloutier. he is a 6 year old, male with black hair and was last seen wearing black corduroy pants, white t-shirt, black tennis shoes, camouflauge hooded jacket. authorities say that the child may be in the company of mimi charmayne hiibel and they may be traveling in a white 1988 honda four door, license plate k670043, that was last seen heading to oklahoma or nevada. if you have any information on the where abouts of this child, please contact idaho state police immediately.",[],[],[],[],"['idaho state', 'kootenai county', 'idaho state', 'rathdrum', 'oklahoma', 'nevada', 'idaho state']",[],[],"['believe', 'believed', 'may', 'say', 'about']",[],[]
NWS-IDP-PROD-4255993,2020-06-05T17:50:00.000Z,Actual,Alert,NWS Miami FL,Marine Weather Statement,['Monitor'],Expected,Minor,Observed,Marine Weather Statement issued June 5 at 1:50PM EDT by NWS Miami FL,"The areas affected include...
Lake Okeechobee...

At 150 PM EDT, Doppler radar indicated strong thunderstorms, capable
of producing winds to around 30 knots. This thunderstorm was located
12 nm southeast of Lake Harbor, moving northwest at 10 knots.","Mariners can expect gusty winds to around 30 knots, locally higher
waves, and lightning strikes. Boaters should seek safe harbor
immediately until this storm passes.

Waterspouts are possible with this activity. Remain on the alert in
case warnings are issued for waterspout development.",Lake Okeechobee,2020-06-05,17:50:00,"the areas affected include... lake okeechobee... at 150 pm edt, doppler radar indicated strong thunderstorms, capable of producing winds to around 30 knots. this thunderstorm was located 12 nm southeast of lake harbor, moving northwest at 10 knots.",[],['150 pm edt'],[],[],"['lake okeechobee', 'lake harbor']","['30 knots', '10 knots']",[],"['around', 'indicate']",[],[]
ASHERGROUP-819148-post-1591363678,2020-06-05T13:27:58.000Z,Actual,Alert,"WardCountyNDEmergencyManagement,Minot,NorthDakota",Required Weekly Test,['None'],Immediate,Extreme,Observed,Weekly EAS Test,This is a test of the Emergency Alerting System. This is only a test.,This is a weekly test,In this area,2020-06-05,13:27:58,this is a test of the emergency alerting system. this is only a test.,['this is a test of the emergency alerting system'],[],[],[],[],[],[],[],[],[]
NWS-IDP-PROD-4255692-3586643,2020-06-05T14:17:00.000Z,Actual,Update,NWS Baltimore MD/Washington DC,Flash Flood Watch,['Monitor'],Future,Severe,Possible,Flash Flood Watch issued June 5 at 10:17AM EDT until June 6 at 12:00AM EDT by NWS Baltimore MD/Washington DC,"The Flash Flood Watch continues for

* Portions of Maryland, The District of Columbia, Virginia, and
West Virginia, including the following areas, in Maryland,
Anne Arundel, Carroll, Central and Southeast Howard, Central
and Southeast Montgomery, Charles, Frederick, Northern
Baltimore, Northwest Harford, Northwest Howard, Northwest
Montgomery, Prince Georges, Southeast Harford, and Southern
Baltimore. The District of Columbia. In Virginia, Albemarle,
Arlington/Falls Church/Alexandria, Augusta, Central Virginia
Blue Ridge, Clarke, Culpeper, Eastern Highland, Eastern
Loudoun, Fairfax, Frederick, Greene, Madison, Nelson, Northern
Fauquier, Northern Virginia Blue Ridge, Orange, Page, Prince
William, Rappahannock, Rockingham, Shenandoah, Southern
Fauquier, Spotsylvania, Stafford, Warren, Western Highland,
and Western Loudoun. In West Virginia, Eastern Pendleton,
Hardy, and Jefferson.

* Through this evening

* Areas of heavy rain fell across the watch area last night.
Additional heavy rainfall is expected this afternoon as slow
moving thunderstorms develop by midday and slide east during
the afternoon and evening. Some areas could receive an
additional 1 to 3 inches of rain, which could result in flash
flooding.","A Flash Flood Watch means that conditions may develop that lead
to flash flooding. Flash flooding is a very dangerous situation.

You should monitor later forecasts and be prepared to take action
should Flash Flood Warnings be issued.",District of Columbia; Anne Arundel; Fairfax; Southern Fauquier; Frederick; Eastern Highland; Northern Virginia Blue Ridge; Warren; Northwest Howard; Northern Baltimore; Culpeper; Madison; Central Virginia Blue Ridge; Northern Fauquier; Central and Southeast Montgomery; Shenandoah; Rappahannock; Augusta; Jefferson; Southern Baltimore; Albemarle; Northwest Harford; Hardy; Carroll; Spotsylvania; Clarke; Western Highland; Prince Georges; Prince William/Manassas/Manassas Park; Charles; Eastern Loudoun; Arlington/Falls Church/Alexandria; Frederick; Orange; Page; Central and Southeast Howard; Western Loudoun; Greene; Stafford; Nelson; Southeast Harford; Northwest Montgomery; Rockingham; Eastern Pendleton,2020-06-05,14:17:00,"the flash flood watch continues for * portions of maryland, the district of columbia, virginia, and west virginia, including the following areas, in maryland, anne arundel, carroll, central and southeast howard, central and southeast montgomery, charles, frederick, northern baltimore, northwest harford, northwest howard, northwest montgomery, prince georges, southeast harford, and southern baltimore. the district of columbia. in virginia, albemarle, arlington/falls church/alexandria, augusta, central virginia blue ridge, clarke, culpeper, eastern highland, eastern loudoun, fairfax, frederick, greene, madison, nelson, northern fauquier, northern virginia blue ridge, orange, page, prince william, rappahannock, rockingham, shenandoah, southern fauquier, spotsylvania, stafford, warren, western highland, and western loudoun. in west virginia, eastern pendleton, hardy, and jefferson. * through this evening * areas of heavy rain fell across the watch area last night. additional heavy rainfall is expected this afternoon as slow moving thunderstorms develop by midday and slide east during the afternoon and evening. some areas could receive an additional 1 to 3 inches of rain, which could result in flash flooding.",[],"['last night', 'this afternoon', 'midday']",[],[],"['portions of maryland', 'district of columbia', 'virginia', 'virginia', 'maryland', 'anne arundel', 'carroll', 'central and southeast howard', 'central and southeast montgomery', 'charles', 'frederick', 'northern baltimore', 'northwest harford', 'northwest howard', 'northwest montgomery', 'prince georges', 'southeast harford', 'southern baltimore', 'district of columbia', 'virginia', 'albemarle', 'arlington/falls church/alexandria', 'augusta', 'central virginia blue ridge', 'clarke', 'culpeper', 'eastern highland', 'eastern loudoun', 'fairfax', 'frederick', 'greene', 'madison', 'nelson', 'northern fauquier', 'northern virginia', 'orange', 'page', 'prince william', 'rappahannock', 'rockingham', 'shenandoah', 'southern fauquier', 'spotsylvania', 'stafford', 'warren', 'western highland', 'western loudoun', 'virginia', 'eastern pendleton', 'hardy', 'jefferson']",[],[],"['expect', 'some', 'could', 'will']",[],[]
NWS-IDP-PROD-4260931-3590123,2020-06-07T14:51:00.000Z,Actual,Update,NWS Memphis TN,Flash Flood Watch,['Monitor'],Future,Severe,Possible,Flash Flood Watch issued June 7 at 9:51AM CDT until June 9 at 7:00AM CDT by NWS Memphis TN,"The Flash Flood Watch continues for

* Portions of East Arkansas and North Mississippi, including the
following areas, in East Arkansas, Clay, Craighead, Crittenden,
Cross, Greene, Lee AR, Phillips, Poinsett and St. Francis. In
North Mississippi, Coahoma, Quitman, Tallahatchie and Tunica.

* From Monday morning through Tuesday morning

* The remnants of Tropical Storm Cristobal will track through the
lower Mississippi Valley into the middle Mississippi Valley from
Monday into Tuesday. Bands of heavy rain and isolated
thunderstorms will move across the watch area starting Monday and
continuing into Monday night.

* Rainfall amounts of up to 3 inches are expected in the watch area
with locally higher amounts possible. This may result in flash
flooding across the watch area.","A Flash Flood Watch means that conditions may develop that lead
to flash flooding. Flash flooding is a VERY DANGEROUS SITUATION.",Greene; Coahoma; Craighead; Clay; Quitman; Poinsett; Tallahatchie; Phillips; Lee; Crittenden; Tunica; St. Francis; Cross,2020-06-07,14:51:00,"the flash flood watch continues for * portions of east arkansas and north mississippi, including the following areas, in east arkansas, clay, craighead, crittenden, cross, greene, lee ar, phillips, poinsett and st. francis. in north mississippi, coahoma, quitman, tallahatchie and tunica. * from monday morning through tuesday morning * the remnants of tropical storm cristobal will track through the lower mississippi valley into the middle mississippi valley from monday into tuesday. bands of heavy rain and isolated thunderstorms will move across the watch area starting monday and continuing into monday night. * rainfall amounts of up to 3 inches are expected in the watch area with locally higher amounts possible. this may result in flash flooding across the watch area.",[],"['monday morning', 'tuesday', 'monday', 'monday', 'monday']",[],[],"['east arkansas', 'north mississippi', 'east arkansas', 'clay', 'craighead', 'crittenden', 'cross', 'greene', 'lee ar', 'phillips', 'poinsett', 'st. francis', 'north mississippi', 'coahoma', 'quitman', 'tallahatchie', 'tunica', 'lower mississippi valley', 'middle mississippi valley']",['up to 3 inches'],['locally higher amounts possible'],"['expect', 'may', 'possible', 'tend', 'will']",[],[]
NWS-130404-690017,2014-01-01T09:41:47.000Z,Actual,Alert,NWS Wichita KS,Extreme Fire Danger,['Prepare'],Expected,Moderate,Likely,Extreme Fire Danger issued January 1 at 3:41AM CST by NWS Wichita KS,"THE GFDI DOES NOT ACCOUNT FOR PRECIPITATION THAT OCCURS WITHIN
THE HOUR PRECEDING ANY GIVEN FORECAST HOUR BELOW OR ANY SNOW ON
THE GROUND AT THE FORECAST HOUR. PLEASE MAKE APPROPRIATE ADJUSTMENTS.(ALL TIME REFERENCES ARE IN CST)

DAY/DATE      24HR INDEX   *  MID  3AM  6AM  9AM NOON  3PM  6PM  9PM
WED JAN 01  MODERATE    4  *        L    L    L    L    M    M    M  
THU JAN 02  LOW         2  *   L    L    L    L    L    L    L    L  
FRI JAN 03  MODERATE    6  *   L    L    L    L    M    M    M    M  
SAT JAN 04  MODERATE    4  *   M    M    L    L    L    L    L    L  
SUN JAN 05  LOW         1  *   L    L    L    L    L    L    L    L  
MON JAN 06  LOW         2  *   L    L    L    L    L    L    L    L",,Allen,2014-01-01,09:41:47,the gfdi does not account for precipitation that occurs within the hour preceding any given forecast hour below or any snow on the ground at the forecast hour. please make appropriate adjustments.(all time references are in cst) day/date 24hr index * mid 3am 6am 9am noon 3pm 6pm 9pm wed jan 01 moderate 4 * l l l l m m m thu jan 02 low 2 * l l l l l l l l fri jan 03 moderate 6 * l l l l m m m m sat jan 04 moderate 4 * m m l l l l l l sun jan 05 low 1 * l l l l l l l l mon jan 06 low 2 * l l l l l l l l,[],"['mid', 'noon']",[],[],[],"['moderate', 'low', 'moderate', 'moderate', 'low', 'low']",[],[],['please make appropriate adjustments'],[]
NWS-130404-678749-470297,2013-12-24T09:16:35.000Z,Actual,Update,NWS Quad Cities IA IL,Wind Chill Advisory,['Prepare'],Expected,Moderate,Likely,Wind Chill Advisory issued December 24 at 3:16AM CST expiring December 24 at 12:00PM CST by NWS Quad Cities IA IL,".ARCTIC HIGH PRESSURE OVER THE AREA THIS MORNING IS RESULTING IN
DANGEROUSLY COLD WIND CHILL VALUES. TEMPERATURES BETWEEN 5 BELOW
ZERO AND 20 BELOW ZERO WITH WIND SPEEDS AT 5 TO 10 MPH...WILL
CAUSE WIND CHILL VALUES OF 20 BELOW TO 30 BELOW ZERO THIS MORNING.* TIMING...THROUGH NOON TODAY.

* WIND CHILL READINGS...AS LOW AS 30 BELOW.

* TEMPERATURES...AS LOW AS 15 BELOW ZERO.

* WINDS...WEST 5 TO 10 MPH.","A WIND CHILL ADVISORY MEANS THAT VERY COLD AIR AND WINDS WILL
COMBINE TO GENERATE LOW WIND CHILLS...RESULTING IN FROST BITE AND
HYPOTHERMIA IF PRECAUTIONS ARE NOT TAKEN. IF YOU MUST VENTURE
OUTDOORS...DRESS IN LAYERS COVERING EXPOSED SKIN. FROSTBITE WILL
OCCUR IN AS FEW AS 30 MINUTES IN THESE CONDITIONS.

",Rock Island; Bureau; Lee; Van Buren; Mercer; Henry; Jefferson; Scott; Muscatine; Jackson; Dubuque; Louisa; Des Moines; Clinton; Jo Daviess; Henry; McDonough; Putnam; Stephenson; Warren; Whiteside; Carroll; Henderson; Hancock; Clark; Scotland,2013-12-24,09:16:35,.arctic high pressure over the area this morning is resulting in dangerously cold wind chill values. temperatures between 5 below zero and 20 below zero with wind speeds at 5 to 10 mph...will cause wind chill values of 20 below to 30 below zero this morning.* timing...through noon today. * wind chill readings...as low as 30 below. * temperatures...as low as 15 below zero. * winds...west 5 to 10 mph.,[],"['this morning', 'this morning']",['through noon today'],[],['area'],[],"['dangerously cold wind chill values', 'temperatures between 5 below zero and 20 below zero', 'as low as 15 below zero']","['read', 'will']",[],[]
NWS-IDP-PROD-4253104-3584893,2020-06-04T17:17:00.000Z,Actual,Update,NWS Little Rock AR,Severe Thunderstorm Warning,['Shelter'],Immediate,Severe,Observed,Severe Thunderstorm Warning issued June 4 at 12:17PM CDT until June 4 at 12:45PM CDT by NWS Little Rock AR,"At 1217 PM CDT, a severe thunderstorm was located over Cossatot River
State Park, or 13 miles northwest of Umpire, moving south at 20 mph.

HAZARD...60 mph wind gusts and penny size hail.

SOURCE...Radar indicated.

IMPACT...Expect damage to roofs, siding, and trees.

Locations impacted include...
Hartley...                        Cossatot River State Park...","For your protection move to an interior room on the lowest floor of a
building.","Polk, AR",2020-06-04,17:17:00,"at 1217 pm cdt, a severe thunderstorm was located over cossatot river state park, or 13 miles northwest of umpire, moving south at 20 mph. hazard...60 mph wind gusts and penny size hail. source...radar indicated. impact...expect damage to roofs, siding, and trees. locations impacted include... hartley... cossatot river state park...",['radar indicated'],['1217 pm cdt'],[],[],"['cossatot river state park', 'umpire', 'hartley', 'cossatot river state park']","['20 mph', '60 mph']",[],"['expect', 'indicate']",[],[]
NWS-130404-687357,2013-12-30T09:45:49.000Z,Actual,Alert,NWS Springfield MO,Extreme Fire Danger,['Prepare'],Expected,Moderate,Likely,Extreme Fire Danger issued December 30 at 3:45AM CST by NWS Springfield MO,"THE GFDI DOES NOT ACCOUNT FOR PRECIPITATION THAT OCCURS WITHIN
THE HOUR PRECEDING ANY GIVEN FORECAST HOUR BELOW OR ANY SNOW ON
THE GROUND AT THE FORECAST HOUR. PLEASE MAKE APPROPRIATE ADJUSTMENTS.RFDSGF

GRASSLAND FIRE DANGER INDEX - *** EXPERIMENTAL ***
NATIONAL WEATHER SERVICE SPRINGFIELD MO
345 AM CST MON DEC 30 2013

THE GFDI DOES NOT ACCOUNT FOR PRECIPITATION THAT OCCURS WITHIN
THE HOUR PRECEDING ANY GIVEN FORECAST HOUR BELOW OR ANY SNOW ON
THE GROUND AT THE FORECAST HOUR. PLEASE MAKE APPROPRIATE ADJUSTMENTS.

GFDI SCALE:

(L)  LOW              0 TO  2
(M)  MODERATE         3 TO  7
(H)  HIGH             8 TO 19
(V)  VERY HIGH       20 TO 49
(X)  EXTREME         50+
(-)  MISSING


KSZ073-310345-
BOURBON-
INCLUDING THE CITY OF...FORT SCOTT
344 AM CST MON DEC 30 2013

                                 (ALL TIME REFERENCES ARE IN CST)

DAY/DATE      24HR INDEX   *  MID  3AM  6AM  9AM NOON  3PM  6PM  9PM
MON DEC 30  MODERATE    6  *   L    L    L    L    M    M    M    M  
TUE DEC 31  HIGH        8  *   L    L    L    L    M    H    M    M  
WED JAN 01  MODERATE    5  *   M    M    M    M    M    M    M    L  
THU JAN 02  MODERATE    4  *   M    M    M    M    M    M    L    L  
FRI JAN 03  HIGH        8  *   L    L    L    L    M    H    M    M  
SAT JAN 04  HIGH        9  *   M    M    M    H    H    M    L    L",,Bourbon,2013-12-30,09:45:49,the gfdi does not account for precipitation that occurs within the hour preceding any given forecast hour below or any snow on the ground at the forecast hour. please make appropriate adjustments.rfdsgf grassland fire danger index - *** experimental *** national weather service springfield mo 345 am cst mon dec 30 2013 the gfdi does not account for precipitation that occurs within the hour preceding any given forecast hour below or any snow on the ground at the forecast hour. please make appropriate adjustments. gfdi scale: (l) low 0 to 2 (m) moderate 3 to 7 (h) high 8 to 19 (v) very high 20 to 49 (x) extreme 50+ (-) missing ksz073-310345- bourbon- including the city of...fort scott 344 am cst mon dec 30 2013 (all time references are in cst) day/date 24hr index * mid 3am 6am 9am noon 3pm 6pm 9pm mon dec 30 moderate 6 * l l l l m m m m tue dec 31 high 8 * l l l l m h m m wed jan 01 moderate 5 * m m m m m m m l thu jan 02 moderate 4 * m m m m m m l l fri jan 03 high 8 * l l l l m h m m sat jan 04 high 9 * m m m h h m l l,[],['noon'],[],[],"['springfield mo', 'fort scott']","['moderate', 'high', 'high', 'extreme', 'moderate', 'high', 'moderate', 'moderate', 'high', 'high']",[],[],[],[]
NWS-130404-686373,2013-12-29T17:52:34.000Z,Actual,Alert,NWS Wichita KS,Extreme Fire Danger,['Prepare'],Expected,Moderate,Likely,Extreme Fire Danger issued December 29 at 11:52AM CST by NWS Wichita KS,"THE GFDI DOES NOT ACCOUNT FOR PRECIPITATION THAT OCCURS WITHIN
THE HOUR PRECEDING ANY GIVEN FORECAST HOUR BELOW OR ANY SNOW ON
THE GROUND AT THE FORECAST HOUR. PLEASE MAKE APPROPRIATE ADJUSTMENTS.(ALL TIME REFERENCES ARE IN CST)

DAY/DATE      24HR INDEX   *  MID  3AM  6AM  9AM NOON  3PM  6PM  9PM
SUN DEC 29  HIGH        8  *                       M    H    M    L  
MON DEC 30  MODERATE    3  *   L    L    L    L    M    M    L    L  
TUE DEC 31  MODERATE    5  *   L    L    L    L    M    M    M    L  
WED JAN 01  LOW         1  *   L    L    L    L    L    L    L    L  
THU JAN 02  LOW         1  *   L    L    L    L    L    L    L    L  
FRI JAN 03  MODERATE    3  *   L    L    L    L    M    M    L    L",,Woodson,2013-12-29,17:52:34,the gfdi does not account for precipitation that occurs within the hour preceding any given forecast hour below or any snow on the ground at the forecast hour. please make appropriate adjustments.(all time references are in cst) day/date 24hr index * mid 3am 6am 9am noon 3pm 6pm 9pm sun dec 29 high 8 * m h m l mon dec 30 moderate 3 * l l l l m m l l tue dec 31 moderate 5 * l l l l m m m l wed jan 01 low 1 * l l l l l l l l thu jan 02 low 1 * l l l l l l l l fri jan 03 moderate 3 * l l l l m m l l,[],"['mid', 'noon']",[],[],[],"['high', 'moderate', 'moderate', 'low', 'low', 'moderate']",[],[],['please make appropriate adjustments'],[]
NWS-130404-678783-470305,2013-12-24T09:20:54.000Z,Actual,Update,NWS Duluth MN,Winter Weather Advisory,['Execute'],Expected,Moderate,Likely,Winter Weather Advisory issued December 24 at 3:20AM CST expiring December 25 at 3:00AM CST by NWS Duluth MN,"...VERY COLD TEMPERATURES ACROSS NORTHEAST MINNESOTA THIS
MORNING...

 A LOW PRESSURE SYSTEM WILL BRING ABOUT A FEW INCHES TO THE
NORTHLAND THIS AFTERNOON AND TONIGHT. THE SNOW WILL BEGIN TO MOVE
INTO CENTRAL AND NORTH CENTRAL MINNESOTA EARLY THIS AFTERNOON...AND
CONTINUE TO SPREAD EAST INTO NORTHEAST MINNESOTA AND NORTHWEST
WISCONSIN DURING THE LATE AFTERNOON AND EARLY EVENING. THE SNOW
WILL BEGIN TO EXIT THE REGION AND DIMINISH IN INTENSITY LATER THIS
EVENING AND OVERNIGHT FROM WEST TO EAST.

THE MAIN PERIOD OF ACCUMULATING SNOW WILL LAST FOR ABOUT 6
HOURS...BRINGING WIDESPREAD SNOWFALL TOTALS OF 2 TO 4 INCHES. THE
SNOW WILL THEN TAPPER OFF TO SCATTERED LIGHT SNOW WITH LITTLE OR
NO ACCUMULATION WEDNESDAY.* LOCATION...NORTHERN WISCONSIN...INCLUDING THE CITIES OF 
  SPOONER AND HAYWARD. 

* TIMING...ACCUMULATING SNOW LATE THIS AFTERNOON AND TONIGHT.

* SNOW ACCUMULATIONS...2 TO 4 INCHES. ISOLATED LOCATIONS COULD GET
  UP TO 5 INCHES.

* IMPACTS...ACCUMULATING SNOW WILL CAUSE TRAVEL DIFFICULTIES. BE 
  PREPARED FOR SNOW COVERED ROADS AND REDUCED VISIBILITY.","A WINTER WEATHER ADVISORY FOR SNOW MEANS THAT ACCUMULATING SNOW
WILL CAUSE TRAVEL DIFFICULTIES. ALLOW EXTRA TIME TO REACH YOUR
DESTINATION.

",Bayfield; Ashland; Douglas; Burnett; Washburn; Sawyer; Price; Iron,2013-12-24,09:20:54,...very cold temperatures across northeast minnesota this morning... a low pressure system will bring about a few inches to the northland this afternoon and tonight. the snow will begin to move into central and north central minnesota early this afternoon...and continue to spread east into northeast minnesota and northwest wisconsin during the late afternoon and early evening. the snow will begin to exit the region and diminish in intensity later this evening and overnight from west to east. the main period of accumulating snow will last for about 6 hours...bringing widespread snowfall totals of 2 to 4 inches. the snow will then tapper off to scattered light snow with little or no accumulation wednesday.* location...northern wisconsin...including the cities of spooner and hayward. * timing...accumulating snow late this afternoon and tonight. * snow accumulations...2 to 4 inches. isolated locations could get up to 5 inches. * impacts...accumulating snow will cause travel difficulties. be prepared for snow covered roads and reduced visibility.,[],"['this afternoon and tonight', 'early this afternoon', 'late afternoon and early evening', 'later this evening and overnight', 'late this afternoon and tonight']",['about 6 hours'],[],"['northeast minnesota', 'northland', 'central and north central minnesota', 'northeast minnesota', 'northwest wisconsin', 'northern wisconsin', 'including the cities of    spooner and hayward', 'isolated locations']",['very cold temperatures'],[],"['could', 'read', 'few', 'little', 'about', 'will']",['be    prepared for snow covered roads and reduced visibility'],['accumulating snow will cause travel difficulties']
NWS-IDP-PROD-4264300-3592591,2020-06-09T01:34:00.000Z,Actual,Update,NWS Mobile AL,Rip Current Statement,['Avoid'],Expected,Moderate,Likely,Rip Current Statement issued June 8 at 8:34PM CDT until June 10 at 7:00PM CDT by NWS Mobile AL,"* WHAT...For the High Surf Advisory, large breaking waves of 5 to
8 feet in the surf zone. For the High Rip Current Risk,
dangerous rip currents.

* WHERE...Escambia Coastal, Santa Rosa Coastal and Okaloosa
Coastal Counties.

* WHEN...For the High Surf Advisory, until 6 PM CDT Tuesday. For
the High Rip Current Risk, through Wednesday evening.

* IMPACTS...Dangerous swimming and surfing conditions and
localized beach erosion. Rip currents can sweep even the best
swimmers away from shore into deeper water.","Inexperienced swimmers should remain out of the water due to
dangerous surf conditions.

Swim near a lifeguard. If caught in a rip current, relax and
float. Don't swim against the current. If able, swim in a
direction following the shoreline. If unable to escape, face the
shore and call or wave for help.",Okaloosa Coastal; Escambia Coastal; Santa Rosa Coastal,2020-06-09,01:34:00,"* what...for the high surf advisory, large breaking waves of 5 to 8 feet in the surf zone. for the high rip current risk, dangerous rip currents. * where...escambia coastal, santa rosa coastal and okaloosa coastal counties. * when...for the high surf advisory, until 6 pm cdt tuesday. for the high rip current risk, through wednesday evening. * impacts...dangerous swimming and surfing conditions and localized beach erosion. rip currents can sweep even the best swimmers away from shore into deeper water.","['high surf advisory', 'high surf advisory']",['until 6 pm cdt tuesday'],['through wednesday evening'],[],"['escambia coastal', 'santa rosa coastal', 'okaloosa coastal counties']","['large breaking waves', 'high rip current risk', 'dangerous rip currents', 'high rip current risk']",['5 to 8 feet'],['can'],[],"['dangerous swimming and surfing conditions', 'localized beach erosion']"
NWS-IDP-PROD-4253708-3585229,2020-06-04T21:47:00.000Z,Actual,Cancel,NWS Elko NV,Fire Weather Watch,['Monitor'],Past,Severe,Observed,The Fire Weather Watch has been replaced. Please see the latest information from NWS Elko NV on this developing situation.,The Fire Weather Watch has been replaced. Please see the latest information from NWS Elko NV on this developing situation.,"A red flag warning means that critical fire weather conditions
are either occurring now, or will shortly. A combination of
strong winds, low relative humidity, and warm temperatures can
contribute to extreme fire behavior.",White Pine and Northeast Nye Counties; Eastern Elko County,2020-06-04,21:47:00,the fire weather watch has been replaced. please see the latest information from nws elko nv on this developing situation.,['the fire weather watch'],[],[],[],[],[],[],[],['please see the latest information from nws elko nv'],[]
NWS-130404-686666-474962,2013-12-29T21:39:50.000Z,Actual,Update,NWS Chicago IL,Freezing Rain Advisory,['Avoid'],Expected,Moderate,Likely,Freezing Rain Advisory issued December 29 at 3:39PM CST expiring December 29 at 6:00PM CST by NWS Chicago IL,"* TIMING...AREAS OF FREEZING DRIZZLE WILL GRADUALLY COME TO AN END
  EARLY THIS EVENING.

* ICE ACCUMULATIONS...VERY MINOR GLAZING OF ICE.","A FREEZING RAIN ADVISORY MEANS THAT PERIODS OF FREEZING RAIN OR
FREEZING DRIZZLE WILL CAUSE TRAVEL DIFFICULTIES. BE PREPARED FOR
SLIPPERY ROADS. SLOW DOWN AND USE CAUTION WHILE DRIVING.

",Porter; Newton; Kankakee; Iroquois; Benton; Ford; Jasper; Lake,2013-12-29,21:39:50,* timing...areas of freezing drizzle will gradually come to an end early this evening. * ice accumulations...very minor glazing of ice.,[],"['timing', 'early this evening']",['will gradually come to an end'],[],['areas'],['very minor glazing of ice'],['ice accumulations'],['will'],[],[]
NWS-130404-682257-472045,2013-12-26T14:44:25.000Z,Actual,Update,NWS Northern Indiana,Flood Statement,['Avoid'],Immediate,Severe,Observed,Flood Statement issued December 26 at 9:43AM EST expiring December 27 at 3:24AM EST by NWS Northern Indiana,"...THE FLOOD WARNING IS CANCELLED FOR THE FOLLOWING RIVERS...
 
  AUGLAIZE RIVER NEAR FORT JENNINGS AFFECTING ALLEN...PAULDING AND 
  PUTNAM COUNTIES
  BLANCHARD RIVER AT OTTAWA AFFECTING PUTNAM COUNTY
 
...THE FLOOD WARNING HAS BEEN EXTENDED FOR THE FOLLOWING RIVERS...
 
  WABASH RIVER NEAR BLUFFTON AFFECTING HUNTINGTON AND WELLS COUNTIES 
  SAINT MARYS RIVER NEAR DECATUR AFFECTING ADAMS...ALLEN AND VAN WERT 
  COUNTIES 
  TIFFIN RIVER NEAR STRYKER AFFECTING DEFIANCE SAFETY MESSAGE...NEVER DRIVE VEHICLES THROUGH FLOODED AREAS.  THE 
WATER MAY BE TOO DEEP TO ALLOW SAFE PASSAGE. NEVER ALLOW CHILDREN TO 
PLAY IN OR NEAR FLOOD WATERS. STAY TUNED TO NOAA WEATHER RADIO OR 
LOCAL MEDIA FOR FURTHER STATEMENTS AND UPDATED FORECASTS.

DETAILED RIVER FORECASTS AND MORE INFORMATION CAN BE FOUND ON THE 
INTERNET AT WWW.WEATHER.GOV/IWX. RIVER INFORMATION CAN BE FOUND UNDER
THE LEFT MENU BAR UNDER CURRENT CONDITIONS RIVERS AND LAKES AHPS.

ALL TIMES ARE IN EASTERN TIME. THIS STATEMENT WILL BE UPDATED IN 
ABOUT 24 HOURS OR SOONER IF NECESSARY.AUGLAIZE RIVER NEAR FORT JENNINGS AFFECTING ALLEN...PAULDING AND 
  PUTNAM COUNTIES
  BLANCHARD RIVER AT OTTAWA AFFECTING PUTNAM COUNTY
 
...THE FLOOD WARNING HAS BEEN EXTENDED FOR THE FOLLOWING RIVERS...
 
  WABASH RIVER NEAR BLUFFTON AFFECTING HUNTINGTON AND WELLS COUNTIES 
  SAINT MARYS RIVER NEAR DECATUR AFFECTING ADAMS...ALLEN AND VAN WERT 
  COUNTIES 
  TIFFIN RIVER NEAR STRYKER AFFECTING DEFIANCE...FULTON AND WILLIAMS 
  COUNTIES 
 
.RECENT HEAVY RAINFALL HAS CAUSED MINOR FLOODING ALONG AREA RIVERS.","INC069-179-270824-
/O.EXT.KIWX.FL.W.0090.000000T0000Z-131227T0824Z/
/BLFI3.1.ER.131222T1444Z.131224T1535Z.131226T0824Z.NO/
943 AM EST THU DEC 26 2013

DETAILED RIVER FORECASTS AND MORE INFORMATION CAN BE FOUND ON THE 
INTERNET AT WWW.WEATHER.GOV/IWX. RIVER INFORMATION CAN BE FOUND UNDER
THE LEFT MENU BAR UNDER CURRENT CONDITIONS RIVERS AND LAKES AHPS.

SAFETY MESSAGE...NEVER DRIVE VEHICLES THROUGH FLOODED AREAS.  THE 
WATER MAY BE TOO DEEP TO ALLOW SAFE PASSAGE. NEVER ALLOW CHILDREN TO 
PLAY IN OR NEAR FLOOD WATERS. STAY TUNED TO NOAA WEATHER RADIO OR 
LOCAL MEDIA FOR FURTHER STATEMENTS AND UPDATED FORECASTS.

 THE FLOOD WARNING HAS BEEN EXTENDED FOR
  THE WABASH RIVER NEAR BLUFFTON
* UNTIL LATE TONIGHT.
* AT 11 AM TUESDAY THE STAGE WAS 13.0 FEET.
* MINOR FLOODING IS OCCURRING.
* FLOOD STAGE IS 10.0 FEET.
* FORECAST...THE RIVER WILL FALL BELOW THE 10.0 FOOT FLOOD STAGE 
  AROUND  3 AM THURSDAY DECEMBER 26.
* AT 13.0 FEET...ACCESS ROAD TO BLUFFTON WASTEWATER TREATMENT PLANT 
  IS FLOODED.

&&

ALL TIMES ARE IN EASTERN TIME. THIS STATEMENT WILL BE UPDATED IN 
ABOUT 24 HOURS OR SOONER IF NECESSARY.

",Wells; Huntington,2013-12-26,14:44:25,...the flood warning is cancelled for the following rivers... auglaize river near fort jennings affecting allen...paulding and putnam counties blanchard river at ottawa affecting putnam county ...the flood warning has been extended for the following rivers... wabash river near bluffton affecting huntington and wells counties saint marys river near decatur affecting adams...allen and van wert counties tiffin river near stryker affecting defiance safety message...never drive vehicles through flooded areas. the water may be too deep to allow safe passage. never allow children to play in or near flood waters. stay tuned to noaa weather radio or local media for further statements and updated forecasts. detailed river forecasts and more information can be found on the internet at www.weather.gov/iwx. river information can be found under the left menu bar under current conditions rivers and lakes ahps. all times are in eastern time. this statement will be updated in about 24 hours or sooner if necessary.auglaize river near fort jennings affecting allen...paulding and putnam counties blanchard river at ottawa affecting putnam county ...the flood warning has been extended for the following rivers... wabash river near bluffton affecting huntington and wells counties saint marys river near decatur affecting adams...allen and van wert counties tiffin river near stryker affecting defiance...fulton and williams counties .recent heavy rainfall has caused minor flooding along area rivers.,[],[],[],[],"['auglaize river', 'fort jennings', 'allen', 'paulding and    putnam counties', 'blanchard river', 'ottawa', 'putnam county', 'wabash river', 'bluffton', 'huntington and wells counties', 'saint marys river', 'decatur', 'adams', 'allen and van wert    counties', 'tiffin river', 'stryker', 'defiance', 'auglaize river', 'fort jennings', 'allen', 'paulding and    putnam counties', 'blanchard river', 'ottawa', 'putnam county', 'wabash river', 'bluffton', 'huntington and wells counties', 'saint marys river', 'decatur', 'adams', 'allen and van wert    counties', 'tiffin river', 'stryker', 'defiance']",[],[],"['found', 'may', 'about', 'can', 'tend', 'will']","['never drive vehicles through flooded areas', 'the  water may be too deep to allow safe passage', 'never allow children to  play in or near flood waters']",[]
NWS-IDP-PROD-4263962-3592349,2020-06-08T21:03:00.000Z,Actual,Update,NWS Salt Lake City UT,Red Flag Warning,['Prepare'],Expected,Severe,Likely,Red Flag Warning issued June 8 at 3:03PM MDT until June 8 at 8:00PM MDT by NWS Salt Lake City UT,"* AFFECTED AREA...Fire Weather Zone 498 Grand Staircase.

* WINDS...Northwest 15 to 25 mph with gusts up to 35 mph.

* RELATIVE HUMIDITY...As low as 12 percent.

* IMPACTS...Critical fire weather conditions are expected. Any
fire starts could spread rapidly.","A Red Flag Warning means that critical fire weather conditions
are either occurring now...or are imminent. A combination of
strong winds...low relative humidity...and warm temperatures can
contribute to extreme fire behavior.",Grand Staircase,2020-06-08,21:03:00,* affected area...fire weather zone 498 grand staircase. * winds...northwest 15 to 25 mph with gusts up to 35 mph. * relative humidity...as low as 12 percent. * impacts...critical fire weather conditions are expected. any fire starts could spread rapidly.,[],[],[],[],"['fire weather zone', 'grand staircase']",['15 to 25 mph'],"['gusts up to 35 mph', 'relative humidity', 'as low as 12 percent', 'critical fire weather conditions']","['expect', 'could', 'read']",[],['impacts']
NWS-IDP-PROD-4254659-3585927,2020-06-05T02:33:00.000Z,Actual,Update,NWS Rapid City SD,Severe Thunderstorm Warning,['Shelter'],Immediate,Severe,Observed,Severe Thunderstorm Warning issued June 4 at 8:33PM MDT until June 4 at 8:45PM MDT by NWS Rapid City SD,"At 832 PM MDT, a severe thunderstorm was located 4 miles southwest of
Hisle, or 14 miles north of Martin, moving southeast at 45 mph.

HAZARD...Golf ball size hail and 70 mph wind gusts.

SOURCE...Radar indicated.

IMPACT...People and animals outdoors will be injured. Expect hail
damage to roofs, siding, windows, and vehicles. Expect
considerable tree damage. Wind damage is also likely to
mobile homes, roofs, and outbuildings.

This severe thunderstorm will remain over mainly rural areas of south
central Jackson and northwestern Bennett Counties, north of Allen.","Prepare immediately for large hail and damaging winds. People outside
should move to a shelter, inside a strong building and away from
windows.","Bennett, SD; Jackson, SD",2020-06-05,02:33:00,"at 832 pm mdt, a severe thunderstorm was located 4 miles southwest of hisle, or 14 miles north of martin, moving southeast at 45 mph. hazard...golf ball size hail and 70 mph wind gusts. source...radar indicated. impact...people and animals outdoors will be injured. expect hail damage to roofs, siding, windows, and vehicles. expect considerable tree damage. wind damage is also likely to mobile homes, roofs, and outbuildings. this severe thunderstorm will remain over mainly rural areas of south central jackson and northwestern bennett counties, north of allen.",['radar indicated'],['832 pm mdt'],[],[],"['hisle', 'martin', 'south central jackson and northwestern bennett counties', 'north of allen']","['45 mph', '70 mph']",['golf ball size hail'],"['expect', 'like', 'consider', 'likely', 'mainly', 'indicate', 'will']",['expect considerable tree damage'],[]
NWS-130404-686387-474726,2013-12-29T18:00:40.000Z,Actual,Alert,NWS Duluth MN,Wind Chill Advisory,['Prepare'],Expected,Moderate,Likely,Wind Chill Advisory issued December 29 at 12:00PM CST expiring December 30 at 12:00PM CST by NWS Duluth MN,"...WIND CHILL WARNING IS CANCELLED...

THE NATIONAL WEATHER SERVICE IN DULUTH HAS ISSUED A WIND CHILL
ADVISORY...WHICH IS IN EFFECT UNTIL NOON CST MONDAY. THE WIND
CHILL WARNING HAS BEEN CANCELLED. 

* WIND CHILL VALUES...25 TO 35 BELOW ZERO.

* IMPACTS...EXPOSED FLESH COULD BE SUSCEPTIBLE TO FROST BITE.","A WIND CHILL ADVISORY MEANS THAT VERY COLD AIR AND STRONG WINDS
WILL COMBINE TO GENERATE LOW WIND CHILLS. THIS WILL RESULT IN
FROST BITE AND LEAD TO HYPOTHERMIA IF PRECAUTIONS ARE NOT TAKEN. 
IF YOU MUST VENTURE OUTDOORS...MAKE SURE YOU WEAR A HAT AND
GLOVES.

",Cass; Itasca; St. Louis; Koochiching; Carlton; Crow Wing; Pine; Aitkin,2013-12-29,18:00:40,...wind chill warning is cancelled... the national weather service in duluth has issued a wind chill advisory...which is in effect until noon cst monday. the wind chill warning has been cancelled. * wind chill values...25 to 35 below zero. * impacts...exposed flesh could be susceptible to frost bite.,"['wind chill warning', 'wind chill advisory', 'wind chill warning']",['noon cst monday'],[],[],['duluth'],"['wind chill values', '25 to 35 below zero']",[],"['could', 'can']",['exposed flesh could be susceptible to frost bite'],['impacts']
NWS-130404-691060-477815,2014-01-02T01:51:09.000Z,Actual,Update,NWS Paducah KY,Winter Weather Advisory,['Execute'],Expected,Moderate,Likely,Winter Weather Advisory issued January 1 at 7:50PM CST expiring January 2 at 12:00PM CST by NWS Paducah KY,"A WINTER WEATHER ADVISORY FOR SNOW REMAINS IN EFFECT FROM 11 PM
THIS EVENING TO NOON CST THURSDAY.

* SNOWFALL AMOUNTS... 1 TO 2 INCHES. 2 TO 3 INCHES IS POSSIBLE
  ALONG AND NORTH OF INTERSTATE 64.

* TIMING... SNOW WILL DEVELOP LATE TONIGHT...THEN TAPER OFF
  THURSDAY MORNING.

* MAIN IMPACT... HAZARDOUS TRAVEL CONDITIONS.

* OTHER IMPACTS... GUSTY NORTHWEST WINDS FROM 15 TO 30 MPH LATE
  TONIGHT INTO EARLY THURSDAY MORNING MAY BLOW SNOW BACK ACROSS
  CLEARED ROADS.","A WINTER WEATHER ADVISORY FOR SNOW MEANS THAT PERIODS OF SNOW
WILL CAUSE TRAVEL DIFFICULTIES. BE PREPARED FOR SNOW COVERED
ROADS AND LIMITED VISIBILITIES...AND USE CAUTION WHILE DRIVING.

",Gibson; Warrick; Wabash; Edwards; Union; Vanderburgh; Spencer; Posey; Pike; Daviess; Henderson,2014-01-02,01:51:09,a winter weather advisory for snow remains in effect from 11 pm this evening to noon cst thursday. * snowfall amounts... 1 to 2 inches. 2 to 3 inches is possible along and north of interstate 64. * timing... snow will develop late tonight...then taper off thursday morning. * main impact... hazardous travel conditions. * other impacts... gusty northwest winds from 15 to 30 mph late tonight into early thursday morning may blow snow back across cleared roads.,['winter weather advisory'],"['11 pm this evening', 'noon cst thursday', 'late tonight', 'thursday morning', 'late   tonight']",[],[],['along and north of interstate 64'],['15 to 30 mph'],"['snowfall amounts', '1 to 2 inches', '2 to 3 inches', 'gusty northwest winds']","['may', 'possible', 'will', 'clear']",[],"['main impact', 'hazardous travel conditions', 'other impacts']"
NWS-IDP-PROD-4259168-3588860,2020-06-06T21:50:00.000Z,Actual,Update,NWS San Francisco CA,Small Craft Advisory,['Avoid'],Expected,Minor,Likely,Small Craft Advisory issued June 6 at 2:50PM PDT until June 8 at 3:00AM PDT by NWS San Francisco CA,"* WHAT...Northwest winds 20 to 30 kt with gusts up to 35 kt and
seas 8 to 10 feet at 11 seconds.

* WHERE...Coastal Waters from Point Reyes to Pigeon Point
California out to 10 nm.

* WHEN...Until 3 AM PDT Monday.

* IMPACTS...Conditions will be hazardous to small craft.","Inexperienced mariners, especially those operating smaller
vessels, should avoid navigating in hazardous conditions.",Coastal Waters from Point Reyes to Pigeon Point California out to 10 nm,2020-06-06,21:50:00,* what...northwest winds 20 to 30 kt with gusts up to 35 kt and seas 8 to 10 feet at 11 seconds. * where...coastal waters from point reyes to pigeon point california out to 10 nm. * when...until 3 am pdt monday. * impacts...conditions will be hazardous to small craft.,[],['3 am pdt monday'],[],[],"['coastal waters', 'point reyes', 'pigeon point california']","['20 to 30 kt', 'up to 35 kt', '8 to 10 feet']",[],['will'],['conditions will be hazardous to small craft'],['impacts']
d3ffe49c-93d8-47e1-ba05-98e95b4e63b0,2020-06-04T22:53:11.000Z,Actual,Alert,EMD Communications,Civil Emergency Message,['Avoid'],Expected,Extreme,Likely,Citywide curfew for the City of Grand Terrace is terminated effective immediately.,Citywide curfew for the City of Grand Terrace is terminated effective immediately.,Citywide curfew for the City of Grand Terrace is terminated effective immediately.,"San Bernardino County, CA",2020-06-04,22:53:11,citywide curfew for the city of grand terrace is terminated effective immediately.,[],['immediately'],[],[],['city of grand terrace'],[],[],['few'],['citywide curfew'],[]
NWS-130404-679608,2013-12-24T19:09:38.000Z,Actual,Alert,NWS Springfield MO,Extreme Fire Danger,['Prepare'],Expected,Moderate,Likely,Extreme Fire Danger issued December 24 at 1:09PM CST by NWS Springfield MO,"THE GFDI DOES NOT ACCOUNT FOR PRECIPITATION THAT OCCURS WITHIN
THE HOUR PRECEDING ANY GIVEN FORECAST HOUR BELOW OR ANY SNOW ON
THE GROUND AT THE FORECAST HOUR. PLEASE MAKE APPROPRIATE ADJUSTMENTS.(ALL TIME REFERENCES ARE IN CST)

DAY/DATE      24HR INDEX   *  MID  3AM  6AM  9AM NOON  3PM  6PM  9PM
TUE DEC 24  MODERATE    5  *   L    L    L    L    M    M    L    L  
WED DEC 25  LOW         2  *   L    L    L    L    L    L    L    L  
THU DEC 26  MODERATE    3  *   L    L    L    L    L    M    L    L  
FRI DEC 27  MODERATE    3  *   L    L    L    L    M    M    L    L  
SAT DEC 28  MODERATE    6  *   L    L    L    M    M    M    M    L  
SUN DEC 29  MODERATE    4  *   L    L    L    M    M    M    L    L",,McDonald,2013-12-24,19:09:38,the gfdi does not account for precipitation that occurs within the hour preceding any given forecast hour below or any snow on the ground at the forecast hour. please make appropriate adjustments.(all time references are in cst) day/date 24hr index * mid 3am 6am 9am noon 3pm 6pm 9pm tue dec 24 moderate 5 * l l l l m m l l wed dec 25 low 2 * l l l l l l l l thu dec 26 moderate 3 * l l l l l m l l fri dec 27 moderate 3 * l l l l m m l l sat dec 28 moderate 6 * l l l m m m m l sun dec 29 moderate 4 * l l l m m m l l,[],['noon'],[],[],[],"['moderate', 'low', 'moderate', 'moderate', 'moderate', 'moderate']",[],[],['please make appropriate adjustments'],[]
urn:oid:2.49.0.1.840.0.5f2fa1d0b789e72405b36db0d13be8608830d3b2.001.1,2022-12-22T17:39:00.000Z,Actual,Alert,NWS Twin Cities/Chanhassen MN,Wind Chill Warning,['AllClear'],Past,Minor,Observed,The Wind Chill Warning has been cancelled.,The Wind Chill Warning has been cancelled and is no longer in effect.,"If you must travel, keep an extra flashlight, food, and water in
your vehicle in case of an emergency.

Use caution while traveling outside. Wear appropriate clothing, a
hat, and gloves.

The latest road conditions for the state you are calling from can
be obtained by calling 5 1 1. Road conditions can also be found
at 511mn.org for Minnesota or 511wi.gov for Wisconsin.",,2022-12-22,17:39:00,the wind chill warning has been cancelled and is no longer in effect.,['wind chill warning'],[],[],[],[],[],[],['can'],[],[]
NWS-IDP-PROD-4260145-3589601,2020-06-07T03:40:00.000Z,Actual,Update,NWS Mobile AL,Tropical Storm Warning,['Avoid'],Immediate,Severe,Observed,Tropical Storm Warning issued June 6 at 10:40PM CDT by NWS Mobile AL,"* LOCATIONS AFFECTED
- Grand Bay
- Dauphin Island
- Bayou La Batre

* WIND
- LATEST LOCAL FORECAST: Below tropical storm force wind
- Peak Wind Forecast: 25-35 mph with gusts to 50 mph

- THREAT TO LIFE AND PROPERTY THAT INCLUDES TYPICAL FORECAST
UNCERTAINTY IN TRACK, SIZE AND INTENSITY: Potential for wind 39
to 57 mph
- The wind threat has remained nearly steady from the
previous assessment.
- PLAN: Plan for hazardous wind of equivalent tropical storm
force.
- PREPARE: Remaining efforts to protect property should be
completed as soon as possible. Prepare for limited wind
damage.
- ACT: Move to safe shelter before the wind becomes hazardous.

- POTENTIAL IMPACTS: Limited
- Damage to porches, awnings, carports, sheds, and unanchored
mobile homes. Unsecured lightweight objects blown about.
- Many large tree limbs broken off. A few trees snapped or
uprooted, but with greater numbers in places where trees
are shallow rooted. Some fences and roadway signs blown
over.
- A few roads impassable from debris, particularly within
urban or heavily wooded places. Hazardous driving
conditions on bridges and other elevated roadways.
- Scattered power and communications outages.

* STORM SURGE
- LATEST LOCAL FORECAST: Localized storm surge possible
- Peak Storm Surge Inundation: The potential for up to 2 feet
above ground somewhere within surge prone areas
- Window of concern: through Monday evening

- THREAT TO LIFE AND PROPERTY THAT INCLUDES TYPICAL FORECAST
UNCERTAINTY IN TRACK, SIZE AND INTENSITY: Potential for storm
surge flooding greater than 1 foot above ground
- The storm surge threat has remained nearly steady from the
previous assessment.
- PLAN: Plan for storm surge flooding greater than 1 foot
above ground.
- PREPARE: Complete preparations for storm surge flooding,
especially in low-lying vulnerable areas, before conditions
become unsafe.
- ACT: Leave immediately if evacuation orders are given for
your area.

- POTENTIAL IMPACTS: Limited
- Localized inundation with storm surge flooding mainly along
immediate shorelines and in low-lying spots, or in areas
farther inland near where higher surge waters move ashore.
- Sections of near-shore roads and parking lots become
overspread with surge water. Driving conditions dangerous
in places where surge water covers the road.
- Moderate beach erosion. Heavy surf also breaching dunes,
mainly in usually vulnerable locations. Strong rip currents.
- Minor to locally moderate damage to marinas, docks,
boardwalks, and piers. A few small craft broken away from
moorings.

* FLOODING RAIN
- LATEST LOCAL FORECAST: Flash Flood Watch is in effect
- Peak Rainfall Amounts: Additional 3-6 inches, with locally
higher amounts

- THREAT TO LIFE AND PROPERTY THAT INCLUDES TYPICAL FORECAST
UNCERTAINTY IN TRACK, SIZE AND INTENSITY: Potential for
moderate flooding rain
- The flooding rain threat has remained nearly steady from
the previous assessment.
- PLAN: Emergency plans should include the potential for
moderate flooding from heavy rain. Evacuations and rescues
are possible.
- PREPARE: Consider protective actions if you are in an area
vulnerable to flooding.
- ACT: Heed any flood watches and warnings. Failure to take
action may result in serious injury or loss of life.

- POTENTIAL IMPACTS: Significant
- Moderate rainfall flooding may prompt several evacuations
and rescues.
- Rivers and tributaries may quickly become swollen with
swifter currents and overspill their banks in a few places,
especially in usually vulnerable spots. Small streams,
creeks, canals, and ditches overflow.
- Flood waters can enter some structures or weaken
foundations. Several places may experience expanded areas
of rapid inundation at underpasses, low-lying spots, and
poor drainage areas. Some streets and parking lots take on
moving water as storm drains and retention ponds overflow.
Driving conditions become hazardous. Some road and bridge
closures.

* TORNADO
- LATEST LOCAL FORECAST:
- Situation is somewhat favorable for tornadoes

- THREAT TO LIFE AND PROPERTY THAT INCLUDES TYPICAL FORECAST
UNCERTAINTY IN TRACK, SIZE AND INTENSITY: Potential for a few
tornadoes
- The tornado threat has remained nearly steady from the
previous assessment.
- PLAN: Emergency plans should include the potential for a
few tornadoes.
- PREPARE: If your shelter is particularly vulnerable to
tornadoes, prepare to relocate to safe shelter before
hazardous weather arrives.
- ACT: If a tornado warning is issued, be ready to shelter
quickly.

- POTENTIAL IMPACTS: Limited
- The occurrence of isolated tornadoes can hinder the
execution of emergency plans during tropical events.
- A few places may experience tornado damage, along with
power and communications disruptions.
- Locations could realize roofs peeled off buildings,
chimneys toppled, mobile homes pushed off foundations or
overturned, large tree tops and branches snapped off,
shallow-rooted trees knocked over, moving vehicles blown
off roads, and small boats pulled from moorings.

* FOR MORE INFORMATION:
- For evacuation and shelter information, please refer to:
- Mobile County EMA: 251-460-8000 or www.mcema.net
- For storm surge threat graphics and other storm impacts:
- NWS Mobile: www.weather.gov/mob",,Mobile Coastal,2020-06-07,03:40:00,"* locations affected - grand bay - dauphin island - bayou la batre * wind - latest local forecast: below tropical storm force wind - peak wind forecast: 25-35 mph with gusts to 50 mph - threat to life and property that includes typical forecast uncertainty in track, size and intensity: potential for wind 39 to 57 mph - the wind threat has remained nearly steady from the previous assessment. - plan: plan for hazardous wind of equivalent tropical storm force. - prepare: remaining efforts to protect property should be completed as soon as possible. prepare for limited wind damage. - act: move to safe shelter before the wind becomes hazardous. - potential impacts: limited - damage to porches, awnings, carports, sheds, and unanchored mobile homes. unsecured lightweight objects blown about. - many large tree limbs broken off. a few trees snapped or uprooted, but with greater numbers in places where trees are shallow rooted. some fences and roadway signs blown over. - a few roads impassable from debris, particularly within urban or heavily wooded places. hazardous driving conditions on bridges and other elevated roadways. - scattered power and communications outages. * storm surge - latest local forecast: localized storm surge possible - peak storm surge inundation: the potential for up to 2 feet above ground somewhere within surge prone areas - window of concern: through monday evening - threat to life and property that includes typical forecast uncertainty in track, size and intensity: potential for storm surge flooding greater than 1 foot above ground - the storm surge threat has remained nearly steady from the previous assessment. - plan: plan for storm surge flooding greater than 1 foot above ground. - prepare: complete preparations for storm surge flooding, especially in low-lying vulnerable areas, before conditions become unsafe. - act: leave immediately if evacuation orders are given for your area. - potential impacts: limited - localized inundation with storm surge flooding mainly along immediate shorelines and in low-lying spots, or in areas farther inland near where higher surge waters move ashore. - sections of near-shore roads and parking lots become overspread with surge water. driving conditions dangerous in places where surge water covers the road. - moderate beach erosion. heavy surf also breaching dunes, mainly in usually vulnerable locations. strong rip currents. - minor to locally moderate damage to marinas, docks, boardwalks, and piers. a few small craft broken away from moorings. * flooding rain - latest local forecast: flash flood watch is in effect - peak rainfall amounts: additional 3-6 inches, with locally higher amounts - threat to life and property that includes typical forecast uncertainty in track, size and intensity: potential for moderate flooding rain - the flooding rain threat has remained nearly steady from the previous assessment. - plan: emergency plans should include the potential for moderate flooding from heavy rain. evacuations and rescues are possible. - prepare: consider protective actions if you are in an area vulnerable to flooding. - act: heed any flood watches and warnings. failure to take action may result in serious injury or loss of life. - potential impacts: significant - moderate rainfall flooding may prompt several evacuations and rescues. - rivers and tributaries may quickly become swollen with swifter currents and overspill their banks in a few places, especially in usually vulnerable spots. small streams, creeks, canals, and ditches overflow. - flood waters can enter some structures or weaken foundations. several places may experience expanded areas of rapid inundation at underpasses, low-lying spots, and poor drainage areas. some streets and parking lots take on moving water as storm drains and retention ponds overflow. driving conditions become hazardous. some road and bridge closures. * tornado - latest local forecast: - situation is somewhat favorable for tornadoes - threat to life and property that includes typical forecast uncertainty in track, size and intensity: potential for a few tornadoes - the tornado threat has remained nearly steady from the previous assessment. - plan: emergency plans should include the potential for a few tornadoes. - prepare: if your shelter is particularly vulnerable to tornadoes, prepare to relocate to safe shelter before hazardous weather arrives. - act: if a tornado warning is issued, be ready to shelter quickly. - potential impacts: limited - the occurrence of isolated tornadoes can hinder the execution of emergency plans during tropical events. - a few places may experience tornado damage, along with power and communications disruptions. - locations could realize roofs peeled off buildings, chimneys toppled, mobile homes pushed off foundations or overturned, large tree tops and branches snapped off, shallow-rooted trees knocked over, moving vehicles blown off roads, and small boats pulled from moorings. * for more information: - for evacuation and shelter information, please refer to: - mobile county ema: 251-460-8000 or www.mcema.net - for storm surge threat graphics and other storm impacts: - nws mobile: www.weather.gov/mob",[],[],['through monday evening'],[],"['grand bay', 'dauphin island', 'bayou la batre', 'somewhere within surge prone areas']","['below tropical storm force', '25-35 mph', 'potential for wind 39 to 57 mph', 'equivalent tropical storm force']",[],"['usually', 'several', 'some', 'somewhat', 'somewhere', 'consider', 'found', 'may', 'could', 'should', 'possible', 'read', 'few', 'about', 'can', 'mainly', 'certain', 'many']","['prepare', 'act']","['limited wind damage', 'potential impacts', 'unsecured lightweight objects blown about', 'many large tree limbs broken off', 'a few trees snapped or uprooted', 'some fences and roadway signs blown over', 'a few roads impassable from debris', 'scattered power and communications outages', 'potential impacts']"
NWS-130404-695118-481677,2014-01-03T22:28:15.000Z,Actual,Update,NWS Billings MT,Winter Weather Advisory,['Execute'],Expected,Moderate,Likely,Winter Weather Advisory issued January 3 at 3:27PM MST expiring January 4 at 5:00PM MST by NWS Billings MT,"A WINTER WEATHER ADVISORY FOR SNOW AND BLOWING SNOW REMAINS IN
EFFECT UNTIL 5 PM MST SATURDAY.

* TIMING...SNOW WILL DEVELOP EARLY THIS EVENING AND WILL CONTINUE
  THROUGH SATURDAY. THE SNOW WILL BE HEAVY AT TIMES.

* SNOW AMOUNTS...3 TO 6 INCHES...WITH LOCALLY HIGHER AMOUNTS 
  POSSIBLE.

* IMPACTS...SNOWPACKED AND SLICK ROADS AND POOR VISIBILITY DUE TO
  BLOWING SNOW WILL MAKE TRAVEL CONDITIONS DIFFICULT THIS EVENING
  THROUGH SATURDAY.","A WINTER WEATHER ADVISORY CAN BE ISSUED FOR A VARIETY OF WINTER
WEATHER CONDITIONS SUCH AS LIGHT SNOW...BLOWING SNOW...SLEET...
FREEZING RAIN...AND EXTREME WIND CHILLS.

",Carter; Powder River; Custer; Fallon; Treasure; Big Horn; Rosebud,2014-01-03,22:28:15,a winter weather advisory for snow and blowing snow remains in effect until 5 pm mst saturday. * timing...snow will develop early this evening and will continue through saturday. the snow will be heavy at times. * snow amounts...3 to 6 inches...with locally higher amounts possible. * impacts...snowpacked and slick roads and poor visibility due to blowing snow will make travel conditions difficult this evening through saturday.,['winter weather advisory'],"['this evening', 'this evening']",[],[],[],['the snow will be heavy at times'],"['snow amounts', '3 to 6 inches']","['possible', 'will']",[],['impacts']
NWS-130404-687546-475523,2013-12-30T13:11:49.000Z,Actual,Alert,NWS Honolulu HI,Flood Advisory,['Avoid'],Expected,Minor,Likely,Flood Advisory issued December 30 at 3:11AM HST expiring December 30 at 6:15AM HST by NWS Honolulu HI,"THE NATIONAL WEATHER SERVICE IN HONOLULU HAS ISSUED A

* FLOOD ADVISORY FOR THE ISLAND OF HAWAII IN HAWAII COUNTY

* UNTIL 615 AM HST

* AT 306 AM HST...RADAR SHOWED MODERATE TO HEAVY RAIN STRETCHING 
  FROM WAPIO VALLEY TO LAUPAHOEHOE TO HILO. THIS AREA OF HEAVY RAIN 
  WAS NEARLY STATIONARY.

* OTHER LOCATIONS IN THE ADVISORY INCLUDE BUT ARE NOT LIMITED TO
  OOKALA...WAIPIO VALLEY AND PAAUILO.","RAINFALL AND RUNOFF WILL ALSO CAUSE HAZARDOUS DRIVING CONDITIONS DUE
TO PONDING...REDUCED VISIBILITY AND POOR BRAKING ACTION.

STAY AWAY FROM STREAMS...DRAINAGE DITCHES AND LOW LYING AREAS PRONE
TO FLOODING.

DO NOT CROSS FAST FLOWING OR RISING WATER IN YOUR VEHICLE OR ON FOOT.
TURN AROUND...DON/T DROWN.

",Hawaii,2013-12-30,13:11:49,the national weather service in honolulu has issued a * flood advisory for the island of hawaii in hawaii county * until 615 am hst * at 306 am hst...radar showed moderate to heavy rain stretching from wapio valley to laupahoehoe to hilo. this area of heavy rain was nearly stationary. * other locations in the advisory include but are not limited to ookala...waipio valley and paauilo.,['flood advisory'],['306 am hst'],['until 615 am hst'],[],"['honolulu', 'island of hawaii', 'hawaii county', 'wapio valley', 'laupahoehoe', 'hilo', 'ookala', 'waipio valley', 'paauilo']",['moderate to heavy rain'],[],[],[],[]
NWS-130404-682336-472121,2013-12-26T16:07:16.000Z,Actual,Update,NWS Marquette MI,Lake Effect Snow Warning,['Avoid'],Expected,Extreme,Likely,Lake Effect Snow Warning issued December 26 at 11:06AM EST expiring December 26 at 7:00PM EST by NWS Marquette MI,".EXPECT MODERATE TO LOCALLY HEAVY LAKE EFFECT SNOW SHOWERS OVER
THE KEWEENAW PENINSULA AND NEAR LAKE SUPERIOR MOSTLY TO THE EAST
OF MUNISING AND TO THE NORTH OF NEWBERRY AS A WEST TO NORTHWEST
FLOW OF COLD AIR CROSSES LAKE SUPERIOR. EXPECT THE SNOW SHOWERS
TO DIMINISH THIS AFTERNOON TO THE SOUTH OF HOUGHTON AND THEN THIS
EVENING OVER THE REST OF THE KEWEENAW PENINSULA AND ALSO TO THE
EAST OF MUNISING.HAZARDOUS WEATHER...

 * EXPECT LIGHT TO MODERATE SNOW SHOWERS TO PERSIST THROUGH THIS
   AFTERNOON. THE SNOW SHOWERS MAY BE HEAVY AT TIMES OVER NORTH
   CENTRAL HOUGHTON COUNTY. SNOW SHOWERS WILL DIMINISH THIS EVENING
   AND THEN END OVERNIGHT.

 * MOST AREAS WILL SEE 1 TO 3 INCHES OF ADDITIONAL SNOW TODAY. AS
   MUCH AS 4 OR 5 INCHES MAY FALL OVER THE HIGHER TERRAIN BETWEEN
   HOUGHTON AND CALUMET.

IMPACTS...

 * ROADS WILL BE SNOW COVERED AND SLIPPERY.

 * THE VISIBILITY WILL FALL TO AS LOW AS ONE QUARTER MILE UNDER 
   THE HEAVIER SNOW SHOWERS.","* A LAKE EFFECT SNOW WARNING MEANS SIGNIFICANT AMOUNTS OF LAKE
   EFFECT SNOW ARE FORECAST THAT WILL MAKE TRAVEL VERY HAZARDOUS.

 * PREPARE...PLAN...AND STAY INFORMED. VISIT WWW.WEATHER.GOV/MQT

",Houghton,2013-12-26,16:07:16,.expect moderate to locally heavy lake effect snow showers over the keweenaw peninsula and near lake superior mostly to the east of munising and to the north of newberry as a west to northwest flow of cold air crosses lake superior. expect the snow showers to diminish this afternoon to the south of houghton and then this evening over the rest of the keweenaw peninsula and also to the east of munising.hazardous weather... * expect light to moderate snow showers to persist through this afternoon. the snow showers may be heavy at times over north central houghton county. snow showers will diminish this evening and then end overnight. * most areas will see 1 to 3 inches of additional snow today. as much as 4 or 5 inches may fall over the higher terrain between houghton and calumet. impacts... * roads will be snow covered and slippery. * the visibility will fall to as low as one quarter mile under the heavier snow showers.,[],"['this afternoon', 'this evening', 'this    afternoon', 'this evening']",[],[],"['keweenaw peninsula', 'lake superior', 'munising', 'lake superior', 'houghton', 'keweenaw peninsula and also to the east of munising', 'houghton', 'houghton']",[],['as    much as 4 or 5 inches'],"['expect', 'most', 'may', 'much', 'mostly', 'will']",[],['impacts']
NWS-130404-695375-481887,2014-01-04T02:37:54.000Z,Actual,Alert,NWS Buffalo NY,Lake Effect Snow Watch,['Prepare'],Future,Extreme,Possible,Lake Effect Snow Watch issued January 3 at 9:35PM EST expiring January 8 at 1:00PM EST by NWS Buffalo NY,"...LAKE EFFECT SNOW WATCH REMAINS IN EFFECT FROM MONDAY MORNING
THROUGH WEDNESDAY AFTERNOON...

* LOCATIONS...OSWEGO COUNTY.

* TIMING...WIND CHILL WARNING TONIGHT. LAKE EFFECT SNOW WATCH 
  MONDAY THROUGH WEDNESDAY AFTERNOON. 

* HAZARDS...DANGEROUSLY LOW WIND CHILL VALUES TONIGHT. HEAVY 
  LAKE EFFECT SNOW MONDAY INTO WEDNESDAY. 

* WIND CHILLS...AS LOW AS 20 BELOW ZERO TONIGHT.

* IMPACTS...BITTERLY COLD WIND CHILLS WILL POSE A RISK FOR FROST 
  BITE AND HYPOTHERMIA FOR ANYONE OUTSIDE FOR EVEN SHORT PERIODS 
  OF TIME.","IF YOU LOSE POWER AND PLAN ON RUNNING A GENERATOR...MAKE SURE
THAT THE GENERATOR IS LOCATED OUTDOORS AND IS PROPERLY
VENTILATED. SPACE HEATERS SHOULD ALSO BE PROPERLY VENTILATED AND
USED ONLY IF THEY ARE OPERATING PROPERLY. MAKE SURE SNOW DOES NOT
BLOCK EXHAUSTS AND FRESH AIR INTAKES FOR HIGH EFFICIENCY FURNACES
AND WATER HEATERS.

STAY TUNED TO NOAA WEATHER RADIO OR YOUR FAVORITE SOURCE OF
WEATHER INFORMATION FOR THE LATEST UPDATES. ADDITIONAL DETAILS
CAN ALSO BE FOUND AT WWW.WEATHER.GOV/BUFFALO.

A LAKE EFFECT SNOW WATCH MEANS THAT SIGNIFICANT WINTER WEATHER IS
POSSIBLE IN LOCALIZED AREAS.

A WIND CHILL WARNING IS ISSUED WHEN A STRONG WIND WILL COMBINE
WITH COLD TEMPERATURES TO CREATE DANGEROUSLY COLD CONDITIONS FOR
EXPOSED SKIN. THE WIND WILL MAKE IT FEEL LIKE IT IS 20 DEGREES
BELOW ZERO OR COLDER FOR SEVERAL HOURS. THOSE PLANNING TO VENTURE
OUTDOORS SHOULD USE COMMON SENSE AND DRESS WARMLY.

",Oswego,2014-01-04,02:37:54,...lake effect snow watch remains in effect from monday morning through wednesday afternoon... * locations...oswego county. * timing...wind chill warning tonight. lake effect snow watch monday through wednesday afternoon. * hazards...dangerously low wind chill values tonight. heavy lake effect snow monday into wednesday. * wind chills...as low as 20 below zero tonight. * impacts...bitterly cold wind chills will pose a risk for frost bite and hypothermia for anyone outside for even short periods of time.,"['lake effect snow watch', 'wind chill warning', 'lake effect snow watch']","['monday morning', 'tonight', 'tonight', 'tonight']",['monday through wednesday afternoon'],[],['oswego county'],"['dangerously low wind chill values', 'heavy    lake effect snow']","['as low as 20 below zero', 'bitterly cold wind chills']",['will'],[],['impacts']
NWS-IDP-PROD-4261596-3590577,2020-06-07T20:58:00.000Z,Actual,Update,NWS Jacksonville FL,Tornado Warning,['Shelter'],Immediate,Extreme,Observed,Tornado Warning issued June 7 at 4:58PM EDT until June 7 at 5:15PM EDT by NWS Jacksonville FL,"At 458 PM EDT, a severe thunderstorm capable of producing a tornado
was located over Raiford, moving northeast at 10 mph.

HAZARD...Tornado.

SOURCE...Radar indicated rotation.

IMPACT...Flying debris will be dangerous to those caught without
shelter. Mobile homes will be damaged or destroyed. Damage
to roofs, windows, and vehicles will occur.  Tree damage is
likely.

This tornadic thunderstorm will remain over mainly rural areas of
north central Bradford, southeastern Baker and northeastern Union
Counties, including the following locations... Johnstown and
Ellerbee.","TAKE COVER NOW! Move to an interior room on the lowest floor of a
sturdy building. Avoid windows. If you are outdoors, in a mobile
home, or in a vehicle, move to the closest substantial shelter and
protect yourself from flying debris.

If a tornado or other severe weather is spotted, report it to the
National Weather Service or your local nearest law enforcement agency
who will send your report. This act may save lives of others in the
path of dangerous weather.","Bradford, FL; Baker, FL; Union, FL",2020-06-07,20:58:00,"at 458 pm edt, a severe thunderstorm capable of producing a tornado was located over raiford, moving northeast at 10 mph. hazard...tornado. source...radar indicated rotation. impact...flying debris will be dangerous to those caught without shelter. mobile homes will be damaged or destroyed. damage to roofs, windows, and vehicles will occur. tree damage is likely. this tornadic thunderstorm will remain over mainly rural areas of north central bradford, southeastern baker and northeastern union counties, including the following locations... johnstown and ellerbee.",['radar indicated rotation'],['458 pm edt'],[],[],"['raiford', 'north central bradford', 'southeastern baker', 'northeastern union counties', 'johnstown', 'ellerbee']",['10 mph'],[],"['like', 'likely', 'mainly', 'indicate', 'will']",[],"['flying debris will be dangerous to those caught without shelter', 'mobile homes will be damaged or destroyed', 'damage to roofs, windows, and vehicles', 'tree damage is likely']"
NWS-130404-693975-480599,2014-01-03T10:00:23.000Z,Actual,Update,NWS Grand Forks ND,Blizzard Watch,['Prepare'],Future,Extreme,Possible,Blizzard Watch issued January 3 at 3:59AM CST expiring January 4 at 12:00PM CST by NWS Grand Forks ND,".LOW PRESSURE WILL TRACK FROM NEAR REGINA TO GRAND FORKS BY LATE
THIS AFTERNOON AND THEN TOWARD DULUTH TONIGHT. SNOW WILL CONTINUE
TO SPREAD ACROSS SOUTHERN CANADA AND INTO THE LAKE OF THE WOODS
REGION TODAY AND CONTINUE TONIGHT WITH TOTAL SNOWFALL OF 3 TO 5
INCHES. SOUTH OF THE LOW TRACK FROM ALONG HIGHWAY TWO AND
SOUTHWARD LITTLE TO NO PRECIPITATION WILL FALL THIS MORNING WITH A
CHANCE FOR SOME LIGHT MIXED FREEZING RAIN...SLEET OR LIGHT SNOW
DEVELOPING BY MID TO LATE AFTERNOON.

AS THE SURFACE LOW MOVES EAST OF GRAND FORKS THIS EVENING...NORTH
TO NORTHWEST WINDS WILL INCREASE TO 30 TO 45 MPH CAUSING BLIZZARD
CONDITIONS TO DEVELOP. THESE WINDS WILL FIRST IMPACT THE FAR
NORTHERN RED RIVER VALLEY INTO THE DEVILS LAKE BASIN BETWEEN 3 AND
6 PM TODAY AND THEN CONTINUE TONIGHT. FARTHER SOUTH THE STRONG
WINDS AND BLIZZARD CONDITIONS WILL NOT DEVELOP UNTIL AFTER 6 PM.
WILL ISSUE A BLIZZARD WARNING FOR THE DEVILS LAKE INTO PEMBINA-
GRAFTON AREAS AS BLIZZARD CONDITIONS WILL START MID TO LATE
AFTERNOON BUT KEEP THE WATCH OUT FOR OTHER AREAS SOUTH OF THERE
DUE TO ALLOW TIME DURING THE DAY TO FINE TUNE TIMING OF BLIZZARD CONDITIONS.

THE HIGHEST WINDS AND WORST BLOWING SNOW WILL SUBSIDE SATURDAY
MORNING. TEMPERATURES WILL SLOWLY FALL SATURDAY...WITH A LARGER
COLD AIRMASS TO DROP IN SATURDAY NIGHT-SUNDAY AND INTO EARLY NEXT
WEEK. UNLIKE THE LAST COLD AIR OUTBREAK...WINDS WILL REMAIN A
FACTOR AND CREATE A DANGEROUSLY LOW WIND CHILL VALUE OF 40 TO 60
BELOW ZERO SUNDAY INTO MONDAY....WIND CHILL ADVISORY IS CANCELLED...

THE NATIONAL WEATHER SERVICE IN GRAND FORKS HAS CANCELLED THE
WIND CHILL ADVISORY. A BLIZZARD WATCH REMAINS IN EFFECT FROM THIS
EVENING THROUGH SATURDAY MORNING. 

* TIMING...BLIZZARD WATCH REMAINS IN EFFECT 6 PM TONIGHT THROUGH
  SATURDAY MORNING. D

* WINDS/VISIBILITY...WINDS WILL BECOME NORTH-NORTHWEST AT 30 TO 45
  MPH AFTER 6 PM AND CONTINUE THROUGH EARLY SATURDAY CAUSING
  POSSIBLE BLIZZARD CONDITIONS...ESPECIALLY IN OPEN COUNTRY.
  BLIZZARD WARNINGS MAY BE ISSUED ONCE TIMING OF THE EVENT IS
  BETTER DETERMINED. 

* SNOW ACCUMULATIONS...AN INCH OR LESS OF NEW SNOW IS EXPECTED
  SOUTH OF HIGHWAY TWO TONIGHT.  

* OTHER IMPACTS...FOR THIS AFTERNOON THERE IS A RISK OF SOME LIGHT
  FREEZING RAIN OR SLEET. 

* OTHER IMPACTS...BE PREPARED FOR POTENTIAL LIFE THREATENING
  WINTER WEATHER BEGINNING SATURDAY CONTINUING THROUGH EARLY NEXT
  WEEK.","A BLIZZARD WATCH MEANS THERE IS A POTENTIAL FOR FALLING AND/OR
BLOWING SNOW WITH STRONG WINDS AND EXTREMELY POOR VISIBILITIES.
THIS CAN LEAD TO WHITEOUT CONDITIONS AND MAKE TRAVEL VERY
DANGEROUS.

",Cass; Richland; Clay; Wilkin; Polk; Grand Forks; Ransom; Grant; Griggs; Steele; Norman; Barnes; Nelson; Eddy; Sargent; Traill; Otter Tail; Becker,2014-01-03,10:00:23,.low pressure will track from near regina to grand forks by late this afternoon and then toward duluth tonight. snow will continue to spread across southern canada and into the lake of the woods region today and continue tonight with total snowfall of 3 to 5 inches. south of the low track from along highway two and southward little to no precipitation will fall this morning with a chance for some light mixed freezing rain...sleet or light snow developing by mid to late afternoon. as the surface low moves east of grand forks this evening...north to northwest winds will increase to 30 to 45 mph causing blizzard conditions to develop. these winds will first impact the far northern red river valley into the devils lake basin between 3 and 6 pm today and then continue tonight. farther south the strong winds and blizzard conditions will not develop until after 6 pm. will issue a blizzard warning for the devils lake into pembina- grafton areas as blizzard conditions will start mid to late afternoon but keep the watch out for other areas south of there due to allow time during the day to fine tune timing of blizzard conditions. the highest winds and worst blowing snow will subside saturday morning. temperatures will slowly fall saturday...with a larger cold airmass to drop in saturday night-sunday and into early next week. unlike the last cold air outbreak...winds will remain a factor and create a dangerously low wind chill value of 40 to 60 below zero sunday into monday....wind chill advisory is cancelled... the national weather service in grand forks has cancelled the wind chill advisory. a blizzard watch remains in effect from this evening through saturday morning. * timing...blizzard watch remains in effect 6 pm tonight through saturday morning. d * winds/visibility...winds will become north-northwest at 30 to 45 mph after 6 pm and continue through early saturday causing possible blizzard conditions...especially in open country. blizzard warnings may be issued once timing of the event is better determined. * snow accumulations...an inch or less of new snow is expected south of highway two tonight. * other impacts...for this afternoon there is a risk of some light freezing rain or sleet. * other impacts...be prepared for potential life threatening winter weather beginning saturday continuing through early next week.,[],"['mid to late afternoon', 'mid to late afternoon', 'saturday morning', 'saturday morning', 'saturday morning']",[],[],"['regina', 'grand forks', 'duluth', 'southern canada', 'lake of the woods region', 'grand forks', 'far northern red river valley', 'devils lake basin', 'devils lake', 'pembina- grafton areas', 'grand forks']","['30 to 45 mph', '30 to 45   mph']",['3 to 5 inches'],"['expect', 'some', 'like', 'may', 'possible', 'read', 'little', 'can', 'will']",[],[]
NWS-IDP-PROD-4253275,2020-06-04T19:11:00.000Z,Actual,Alert,NWS Morristown TN,Special Weather Statement,['Execute'],Expected,Moderate,Observed,Special Weather Statement issued June 4 at 3:11PM EDT by NWS Morristown TN,"At 308 PM EDT, Doppler radar was tracking a strong thunderstorm near
Gatlinburg, moving north at 10 mph.  Other storms were developing
north and northeast of this storm too.

Pea size hail and winds in excess of 30 mph will be possible with
this storm and other nearby storms in the county. Locally heavy
rainfall is possible with these storms due to there slow movement.

Locations impacted include...
Sevierville, Gatlinburg, Pigeon Forge, Pittman Center, Bird Crossing,
Harrisburg, Fairgarden and Great Smoky Mountains National Park.","Frequent cloud to ground lightning is occurring with this storm.
Lightning can strike 10 miles away from a thunderstorm. Seek a safe
shelter inside a building or vehicle.",North Sevier; Sevier Smoky Mountains,2020-06-04,19:11:00,"at 308 pm edt, doppler radar was tracking a strong thunderstorm near gatlinburg, moving north at 10 mph. other storms were developing north and northeast of this storm too. pea size hail and winds in excess of 30 mph will be possible with this storm and other nearby storms in the county. locally heavy rainfall is possible with these storms due to there slow movement. locations impacted include... sevierville, gatlinburg, pigeon forge, pittman center, bird crossing, harrisburg, fairgarden and great smoky mountains national park.",[],['308 pm edt'],[],[],"['gatlinburg', 'sevierville', 'gatlinburg', 'pigeon forge', 'pittman center', 'bird crossing', 'harrisburg', 'fairgarden', 'great smoky mountains national park']",['winds in excess of 30 mph'],[],"['possible', 'will']",[],[]
NWS-130404-681669-471900,2013-12-26T03:36:41.000Z,Actual,Update,NWS Binghamton NY,Lake Effect Snow Watch,['Prepare'],Future,Extreme,Possible,Lake Effect Snow Watch issued December 25 at 10:36PM EST expiring December 27 at 7:00PM EST by NWS Binghamton NY,"* LOCATIONS...NORTHERN ONEIDA COUNTY...MAINLY ALONG THE LEWIS
  COUNTY LINE.

* HAZARDS...HEAVY SNOW.

* ACCUMULATIONS...6 T0 10 INCHES POSSIBLE. 

* TIMING...BEGINNING THURSDAY EVENING AND ENDING LATE FRIDAY 
  AFTERNOON. 

* TEMPERATURES...TEENS AND LOWER 20S.

* WINDS...WEST 10 TO 15 MPH WITH GUSTS UP TO 25 MPH.

* IMPACTS...TRAVEL MAY BECOME HAZARDOUS IN HEAVY SNOW WITH POOR 
  VISIBILITIES AND SNOW COVERED ROADS.","A LAKE EFFECT SNOW WATCH MEANS THERE IS A POTENTIAL FOR A LARGE
AMOUNT OF SNOW IN ONLY A FEW HOURS. VISIBILITIES AND DEPTH OF
SNOW CAN VARY GREATLY...IMPACTING TRAVEL SIGNIFICANTLY. CONTINUE
TO MONITOR THE LATEST FORECASTS.

",Oneida,2013-12-26,03:36:41,* locations...northern oneida county...mainly along the lewis county line. * hazards...heavy snow. * accumulations...6 t0 10 inches possible. * timing...beginning thursday evening and ending late friday afternoon. * temperatures...teens and lower 20s. * winds...west 10 to 15 mph with gusts up to 25 mph. * impacts...travel may become hazardous in heavy snow with poor visibilities and snow covered roads.,[],"['beginning thursday evening', 'late friday    afternoon']",[],[],"['northern oneida county', 'mainly along the lewis   county line']","['6 t0 10 inches', 'west 10 to 15 mph', 'gusts up to 25 mph']","['heavy snow', 'teens and lower 20s', 'heavy snow']","['may', 'possible', 'mainly']",[],['travel may become hazardous']
NWS-130404-698745,2014-01-05T19:25:10.000Z,Actual,Alert,NWS Wichita KS,Extreme Fire Danger,['Prepare'],Expected,Moderate,Likely,Extreme Fire Danger issued January 5 at 1:24PM CST by NWS Wichita KS,"THE GFDI DOES NOT ACCOUNT FOR PRECIPITATION THAT OCCURS WITHIN
THE HOUR PRECEDING ANY GIVEN FORECAST HOUR BELOW OR ANY SNOW ON
THE GROUND AT THE FORECAST HOUR. PLEASE MAKE APPROPRIATE ADJUSTMENTS.(ALL TIME REFERENCES ARE IN CST)

DAY/DATE      24HR INDEX   *  MID  3AM  6AM  9AM NOON  3PM  6PM  9PM
SUN JAN 05  MODERATE    4  *                            M    L    L  
MON JAN 06  MODERATE    3  *   L    L    L    L    L    M    L    L  
TUE JAN 07  MODERATE    5  *   L    L    L    L    M    M    L    L  
WED JAN 08  LOW         1  *   L    L    L    L    L    L    L    L  
THU JAN 09  LOW         0  *   L    L    L    L    L    L    L    L  
FRI JAN 10  LOW         0  *   L    L    L    L    L    L    L    L",,Neosho,2014-01-05,19:25:10,the gfdi does not account for precipitation that occurs within the hour preceding any given forecast hour below or any snow on the ground at the forecast hour. please make appropriate adjustments.(all time references are in cst) day/date 24hr index * mid 3am 6am 9am noon 3pm 6pm 9pm sun jan 05 moderate 4 * m l l mon jan 06 moderate 3 * l l l l l m l l tue jan 07 moderate 5 * l l l l m m l l wed jan 08 low 1 * l l l l l l l l thu jan 09 low 0 * l l l l l l l l fri jan 10 low 0 * l l l l l l l l,[],"['mid', 'noon']",[],[],[],"['moderate', 'moderate', 'moderate', 'low', 'low', 'low']",[],[],['please make appropriate adjustments'],[]
NWS-IDP-PROD-4264595-3592803,2020-06-09T03:20:00.000Z,Actual,Update,NWS Sioux Falls SD,Tornado Warning,['Shelter'],Immediate,Extreme,Observed,Tornado Warning issued June 8 at 10:20PM CDT until June 8 at 10:30PM CDT by NWS Sioux Falls SD,"At 1019 PM CDT, a severe thunderstorm capable of producing a tornado
was located near Tripp, or 13 miles south of Parkston, moving
northeast at 35 mph.

HAZARD...Tornado and tennis ball size hail.

SOURCE...Radar indicated rotation.

IMPACT...Flying debris will be dangerous to those caught without
shelter. Mobile homes will be damaged or destroyed. Damage
to roofs, windows, and vehicles will occur.  Tree damage is
likely.

This dangerous storm will be near...
Tripp around 1030 PM CDT.","TAKE COVER NOW! Move to a basement or an interior room on the lowest
floor of a sturdy building. Avoid windows. If you are outdoors, in a
mobile home, or in a vehicle, move to the closest substantial shelter
and protect yourself from flying debris.","Hutchinson, SD; Douglas, SD; Charles Mix, SD; Bon Homme, SD",2020-06-09,03:20:00,"at 1019 pm cdt, a severe thunderstorm capable of producing a tornado was located near tripp, or 13 miles south of parkston, moving northeast at 35 mph. hazard...tornado and tennis ball size hail. source...radar indicated rotation. impact...flying debris will be dangerous to those caught without shelter. mobile homes will be damaged or destroyed. damage to roofs, windows, and vehicles will occur. tree damage is likely. this dangerous storm will be near... tripp around 1030 pm cdt.",[],"['1019 pm cdt', 'around 1030 pm cdt']",[],[],"['tripp', 'parkston', 'tripp']",['35 mph'],[],"['like', 'likely', 'around', 'indicate', 'will']",[],"['flying debris will be dangerous to those caught without shelter', 'mobile homes will be damaged or destroyed', 'damage to roofs, windows, and vehicles', 'tree damage is likely']"
NWS-IDP-PROD-4259108-3588812,2020-06-06T21:27:00.000Z,Actual,Update,NWS Pueblo CO,Severe Thunderstorm Warning,['Shelter'],Immediate,Severe,Observed,Severe Thunderstorm Warning issued June 6 at 3:27PM MDT until June 6 at 3:45PM MDT by NWS Pueblo CO,"At 326 PM MDT, a severe thunderstorm was located 7 miles southwest of
Fort Carson, or 10 miles southwest of Colorado Springs, moving north
at 65 mph.

HAZARD...70 mph wind gusts and quarter size hail.

SOURCE...Radar indicated.

IMPACT...Hail damage to vehicles is expected. Expect considerable
tree damage. Wind damage is also likely to mobile homes,
roofs, and outbuildings.

Locations impacted include...
Colorado Springs, Fountain, Manitou Springs, Stratmoor, Fort Carson,
Security, Peterson AFB, Security-Widefield, Cimarron Hills and
Cascade.","For your protection move to an interior room on the lowest floor of a
building.","El Paso, CO; Teller, CO; Fremont, CO",2020-06-06,21:27:00,"at 326 pm mdt, a severe thunderstorm was located 7 miles southwest of fort carson, or 10 miles southwest of colorado springs, moving north at 65 mph. hazard...70 mph wind gusts and quarter size hail. source...radar indicated. impact...hail damage to vehicles is expected. expect considerable tree damage. wind damage is also likely to mobile homes, roofs, and outbuildings. locations impacted include... colorado springs, fountain, manitou springs, stratmoor, fort carson, security, peterson afb, security-widefield, cimarron hills and cascade.",['radar indicated'],['326 pm mdt'],[],[],"['fort carson', 'colorado springs', 'colorado springs', 'fountain', 'manitou springs', 'stratmoor', 'fort carson', 'security', 'peterson afb', 'security-widefield', 'cimarron hills', 'cascade']","['65 mph', '70 mph']",[],"['expect', 'like', 'consider', 'likely', 'indicate']",[],"['quarter size hail', 'hail damage to vehicles', 'wind damage is also likely to mobile homes']"
NWS-IDP-PROD-4259015-3588759,2020-06-06T21:02:00.000Z,Actual,Alert,NWS Cheyenne WY,Tornado Warning,['Shelter'],Immediate,Extreme,Observed,Tornado Warning issued June 6 at 3:02PM MDT until June 6 at 3:30PM MDT by NWS Cheyenne WY,"The National Weather Service in Cheyenne has issued a

* Tornado Warning for...
East central Carbon County in south central Wyoming...
Central Albany County in southeastern Wyoming...

* Until 330 PM MDT.

* At 301 PM MDT, a severe thunderstorm capable of producing a tornado
was located near Bow River Campground, or 40 miles northwest of
Laramie, moving northeast at 70 mph.

HAZARD...Tornado.

SOURCE...Radar indicated rotation.

IMPACT...Flying debris will be dangerous to those caught without
shelter. Mobile homes will be damaged or destroyed.
Damage to roofs, windows, and vehicles will occur.  Tree
damage is likely.

* This dangerous storm will be near...
Arlington around 305 PM MDT.
Rock River around 320 PM MDT.

This includes Interstate 80 in Wyoming between mile markers 265 and
277.","TAKE COVER NOW! Move to a basement or an interior room on the lowest
floor of a sturdy building. Avoid windows. If you are outdoors, in a
mobile home, or in a vehicle, move to the closest substantial shelter
and protect yourself from flying debris.

This cluster of thunderstorms is capable of producing tornadoes and
widespread significant wind damage. Do not wait to see or hear the
tornado. For your protection move to an interior room on the lowest
floor of a building.","Albany, WY; Carbon, WY",2020-06-06,21:02:00,"the national weather service in cheyenne has issued a * tornado warning for... east central carbon county in south central wyoming... central albany county in southeastern wyoming... * until 330 pm mdt. * at 301 pm mdt, a severe thunderstorm capable of producing a tornado was located near bow river campground, or 40 miles northwest of laramie, moving northeast at 70 mph. hazard...tornado. source...radar indicated rotation. impact...flying debris will be dangerous to those caught without shelter. mobile homes will be damaged or destroyed. damage to roofs, windows, and vehicles will occur. tree damage is likely. * this dangerous storm will be near... arlington around 305 pm mdt. rock river around 320 pm mdt. this includes interstate 80 in wyoming between mile markers 265 and 277.",[],"['301 pm mdt', 'around 305 pm mdt', 'around 320 pm mdt']",['until 330 pm mdt'],[],"['cheyenne', 'east central carbon county', 'south central wyoming', 'central albany county', 'southeastern wyoming', 'bow river campground', '40 miles northwest of laramie', 'arlington', 'rock river', 'interstate 80', 'mile markers 265 and 277']",['70 mph'],[],"['like', 'likely', 'around', 'indicate', 'will']",[],"['flying debris', 'mobile homes will be damaged or destroyed', 'damage to roofs, windows, and vehicles', 'tree damage is likely']"
NWS-IDP-PROD-4265370-3593324,2020-06-09T14:48:00.000Z,Actual,Update,NWS New Orleans LA,Flood Warning,['Avoid'],Immediate,Severe,Observed,Flood Warning issued June 9 at 9:48AM CDT by NWS New Orleans LA,"...The Flood Warning continues for the following rivers in
Mississippi...Louisiana...

Pearl River Near Pearl River affecting Pearl River, Hancock and
St. Tammany Counties/Parishes.

Pearl River Near Bogalusa affecting Pearl River, Hancock,
Washington and St. Tammany Counties/Parishes.

For the Lower Pearl River...including Bogalusa, Pearl River...Minor
flooding is forecast.

The Flood Warning continues for
the Pearl River Near Pearl River.
* Until further notice.
* At 9:00 AM CDT Tuesday the stage was 11.2 feet.
* Flood stage is 14.0 feet.
* Minor flooding is forecast.
* Forecast...The river is expected to rise above flood stage early
Saturday morning and continue rising to a crest of 14.5 feet
Sunday evening.
* Impact...At 15.5 feet, Secondary roads to the river and throughout
Honey Island Swamp are inundated. Property in the vicinity of the
gauge is flooded threatening about 20 homes along the left bank.
The Bogue Chitto National Wildlife Refuge will be closed to
hunting at the 15.5 foot stage.","Motorists should not attempt to drive around barricades or drive
cars through flooded areas.

Turn around, don't drown when encountering flooded roads. Most flood
deaths occur in vehicles.

Additional information is available at www.weather.gov.

The next statement will be issued this evening.","Hancock, MS; Pearl River, MS; St. Tammany, LA",2020-06-09,14:48:00,"...the flood warning continues for the following rivers in mississippi...louisiana... pearl river near pearl river affecting pearl river, hancock and st. tammany counties/parishes. pearl river near bogalusa affecting pearl river, hancock, washington and st. tammany counties/parishes. for the lower pearl river...including bogalusa, pearl river...minor flooding is forecast. the flood warning continues for the pearl river near pearl river. * until further notice. * at 9:00 am cdt tuesday the stage was 11.2 feet. * flood stage is 14.0 feet. * minor flooding is forecast. * forecast...the river is expected to rise above flood stage early saturday morning and continue rising to a crest of 14.5 feet sunday evening. * impact...at 15.5 feet, secondary roads to the river and throughout honey island swamp are inundated. property in the vicinity of the gauge is flooded threatening about 20 homes along the left bank. the bogue chitto national wildlife refuge will be closed to hunting at the 15.5 foot stage.",[],"['early saturday morning', 'sunday evening']",['until further notice'],[],"['mississippi', 'louisiana', 'pearl river', 'pearl river', 'pearl river', 'hancock', 'st. tammany counties/parishes', 'pearl river', 'bogalusa', 'pearl river', 'hancock', 'washington', 'st. tammany counties/parishes', 'pearl river', 'bogalusa', 'pearl river', 'pearl river', 'pearl river', 'secondary roads to the river and throughout honey island swamp', 'property in the vicinity of the gauge']",[],[],"['expect', 'about', 'will', 'many']",[],['impact']
NWS-IDP-PROD-4253510-3585101,2020-06-04T20:44:00.000Z,Actual,Update,NWS Sacramento CA,Heat Advisory,['Execute'],Expected,Moderate,Likely,Heat Advisory issued June 4 at 1:44PM PDT until June 4 at 8:00PM PDT by NWS Sacramento CA,"...Hot Temperatures Across Interior Northern California Through
This Evening...

.Moderate to locally high heat risk will potentially impact those
that are sensitive to the heat as well as those who spend
extended time outdoors.

* WHAT...Well above average temperatures with highs 99 to 104 in
the Valley and 90 to 99 in the foothills.

* WHERE...Sacramento Valley, Northern San Joaquin Valley, and
adjacent foothills. Carquinez Strait and Delta.

* WHEN...Until 8 PM PDT this evening.

* IMPACTS...Heat related illnesses such as heat exhaustion and
heat stroke can occur due to prolonged exposure to hot
temperatures, including the general population. People most
vulnerable include those who spend lots of time outdoors, those
without air conditioning, young children, the elderly and those
with chronic ailments.

* ADDITIONAL DETAILS...Local rivers and streams are running fast
and cold. Cold water safety should be practiced when on and
near the water.","Drink plenty of fluids, stay in an air-conditioned room, stay out
of the sun, and check up on relatives and neighbors. Young
children and pets should never be left unattended in vehicles
under any circumstances.

Take extra precautions if you work or spend time outside. When
possible reschedule strenuous activities to early morning or
evening. Know the signs and symptoms of heat exhaustion and heat
stroke. Wear lightweight and loose fitting clothing when
possible. To reduce risk during outdoor work, the Occupational
Safety and Health Administration recommends scheduling frequent
rest breaks in shaded or air conditioned environments. Anyone
overcome by heat should be moved to a cool and shaded location.
Heat stroke is an emergency! Call 9 1 1.",Northern Sacramento Valley; Northeast Foothills/Sacramento Valley; Northern San Joaquin Valley; Motherlode; Southern Sacramento Valley; Mountains Southwestern Shasta County to Western Colusa County; Central Sacramento Valley; Carquinez Strait and Delta,2020-06-04,20:44:00,"...hot temperatures across interior northern california through this evening... .moderate to locally high heat risk will potentially impact those that are sensitive to the heat as well as those who spend extended time outdoors. * what...well above average temperatures with highs 99 to 104 in the valley and 90 to 99 in the foothills. * where...sacramento valley, northern san joaquin valley, and adjacent foothills. carquinez strait and delta. * when...until 8 pm pdt this evening. * impacts...heat related illnesses such as heat exhaustion and heat stroke can occur due to prolonged exposure to hot temperatures, including the general population. people most vulnerable include those who spend lots of time outdoors, those without air conditioning, young children, the elderly and those with chronic ailments. * additional details...local rivers and streams are running fast and cold. cold water safety should be practiced when on and near the water.",['moderate to locally high heat risk'],"['this evening', 'this evening']",[],[],"['interior northern california', 'sacramento valley', 'northern san joaquin valley', 'adjacent foothills', 'carquinez strait and delta', 'local rivers and streams']",[],"['well above average temperatures', 'highs 99 to 104']","['most', 'should', 'can', 'tend', 'will']",['cold water safety should be practiced when on and near the water'],['impacts']
NWS-130404-690000,2014-01-01T09:40:05.000Z,Actual,Alert,NWS Kansas City/Pleasant HIll MO,Extreme Fire Danger,['Prepare'],Expected,Moderate,Likely,Extreme Fire Danger issued January 1 at 3:39AM CST by NWS Kansas City/Pleasant HIll MO,"THE GFDI DOES NOT ACCOUNT FOR PRECIPITATION THAT OCCURS WITHIN
THE HOUR PRECEDING ANY GIVEN FORECAST HOUR BELOW OR ANY SNOW ON
THE GROUND AT THE FORECAST HOUR. PLEASE MAKE APPROPRIATE ADJUSTMENTS.(ALL TIME REFERENCES ARE IN CST)

DAY/DATE      24HR INDEX   *  MID  3AM  6AM  9AM NOON  3PM  6PM  9PM
WED JAN 01  MODERATE    5  *        L    L    L    L    M    M    M  
THU JAN 02  MODERATE    3  *   M    L    L    L    L    L    L    L  
FRI JAN 03  MODERATE    6  *   L    L    L    L    M    M    M    M  
SAT JAN 04  MODERATE    4  *   M    M    M    L    L    L    L    L  
SUN JAN 05  LOW         1  *   L    L    L    L    L    L    L    L  
MON JAN 06  MODERATE    3  *   L    L    L    L    L    L    L    L",,Henry,2014-01-01,09:40:05,the gfdi does not account for precipitation that occurs within the hour preceding any given forecast hour below or any snow on the ground at the forecast hour. please make appropriate adjustments.(all time references are in cst) day/date 24hr index * mid 3am 6am 9am noon 3pm 6pm 9pm wed jan 01 moderate 5 * l l l l m m m thu jan 02 moderate 3 * m l l l l l l l fri jan 03 moderate 6 * l l l l m m m m sat jan 04 moderate 4 * m m m l l l l l sun jan 05 low 1 * l l l l l l l l mon jan 06 moderate 3 * l l l l l l l l,[],"['mid', 'noon']",[],[],[],"['moderate', 'moderate', 'moderate', 'moderate', 'low', 'moderate']",[],[],['please make appropriate adjustments'],[]
NWS-IDP-PROD-4253985-3585418,2020-06-04T23:25:00.000Z,Actual,Update,NWS Memphis TN,Tornado Warning,['Shelter'],Immediate,Extreme,Observed,Tornado Warning issued June 4 at 6:25PM CDT until June 4 at 6:45PM CDT by NWS Memphis TN,"At 624 PM CDT, doppler radar indicated a severe thunderstorm
producing a tornado was located near Atwood, or 8 miles east of
Milan, moving east at 30 mph.

HAZARD...Tornado.

SOURCE...Radar indicated rotation.

IMPACT...Flying debris will be dangerous to those caught without
shelter. Mobile homes will be damaged or destroyed. Damage
to roofs, windows, and vehicles will occur.  Tree damage is
likely.

Locations impacted include...
Atwood, Parkers Crossroads, Wildersville, Clarksburg, McLemoresville,
Howley, Westport, Hillard, Parker's Cross Roads, Dollar, Jumbo, Scott
Hill, Leach, Tate, Palmer Shelter, Yuma and Whitthorne.","TAKE COVER NOW! Move to a storm shelter or an interior room on the
lowest floor of a sturdy building. Avoid windows. If you are
outdoors, in a mobile home, or in a vehicle, move to the closest
substantial shelter and protect yourself from flying debris.

If a tornado or other severe weather is spotted, report it to the
National Weather Service or your local nearest law enforcement agency
who will send your report. This act may save lives of others in the
path of dangerous weather.","Carroll, TN; Henderson, TN",2020-06-04,23:25:00,"at 624 pm cdt, doppler radar indicated a severe thunderstorm producing a tornado was located near atwood, or 8 miles east of milan, moving east at 30 mph. hazard...tornado. source...radar indicated rotation. impact...flying debris will be dangerous to those caught without shelter. mobile homes will be damaged or destroyed. damage to roofs, windows, and vehicles will occur. tree damage is likely. locations impacted include... atwood, parkers crossroads, wildersville, clarksburg, mclemoresville, howley, westport, hillard, parker's cross roads, dollar, jumbo, scott hill, leach, tate, palmer shelter, yuma and whitthorne.",[],['624 pm cdt'],[],[],"['atwood', 'milan', 'atwood', 'parkers crossroads', 'wildersville', 'clarksburg', 'mclemoresville', 'howley', 'westport', 'hillard', ""parker's cross roads"", 'dollar', 'jumbo', 'scott hill', 'leach', 'tate', 'palmer shelter', 'yuma', 'whitthorne']",['30 mph'],[],"['like', 'likely', 'indicate', 'will']",[],"['flying debris will be dangerous to those caught without shelter', 'mobile homes will be damaged or destroyed', 'damage to roofs, windows, and vehicles will occur', 'tree damage is likely']"
NWS-IDP-PROD-4255791-3586696,2020-06-05T15:11:00.000Z,Actual,Alert,NWS New Orleans LA,Tropical Storm Watch,['Prepare'],Future,Severe,Possible,Tropical Storm Watch issued June 5 at 10:11AM CDT by NWS New Orleans LA,"A Tropical Storm Watch means tropical storm-force winds are possible
somewhere within this area within the next 48 hours

* LOCATIONS AFFECTED
- Chauvin
- Dulac
- Montegut

* WIND
- LATEST LOCAL FORECAST: Equivalent Tropical Storm force wind
- Peak Wind Forecast: 40-50 mph with gusts to 70 mph
- Window for Tropical Storm force winds: Sunday morning until
early Monday morning

- THREAT TO LIFE AND PROPERTY THAT INCLUDES TYPICAL FORECAST
UNCERTAINTY IN TRACK, SIZE AND INTENSITY: Potential for wind 39
to 57 mph
- PLAN: Plan for hazardous wind of equivalent tropical storm
force.
- PREPARE: Efforts to protect property should now be
underway. Prepare for limited wind damage.
- ACT: Act now to complete preparations before the wind
becomes hazardous.

- POTENTIAL IMPACTS: Limited
- Damage to porches, awnings, carports, sheds, and unanchored
mobile homes. Unsecured lightweight objects blown about.
- Many large tree limbs broken off. A few trees snapped or
uprooted, but with greater numbers in places where trees
are shallow rooted. Some fences and roadway signs blown
over.
- A few roads impassable from debris, particularly within
urban or heavily wooded places. Hazardous driving
conditions on bridges and other elevated roadways.
- Scattered power and communications outages.

* STORM SURGE
- LATEST LOCAL FORECAST: Localized storm surge possible
- Peak Storm Surge Inundation: The potential for 1-3 feet
above ground somewhere within surge prone areas
- Window of concern: Around high tide

- THREAT TO LIFE AND PROPERTY THAT INCLUDES TYPICAL FORECAST
UNCERTAINTY IN TRACK, SIZE AND INTENSITY: Potential for storm
surge flooding greater than 1 foot above ground
- PLAN: Plan for storm surge flooding greater than 1 foot
above ground.
- PREPARE: Efforts should now be underway to prepare for
storm surge flooding, especially in low-lying vulnerable
areas.
- ACT: Take actions to protect life and property. Prepare to
leave if evacuation orders are given for your area.

- POTENTIAL IMPACTS: Limited
- Localized inundation with storm surge flooding mainly along
immediate shorelines and in low-lying spots, or in areas
farther inland near where higher surge waters move ashore.
- Sections of near-shore roads and parking lots become
overspread with surge water. Driving conditions dangerous
in places where surge water covers the road.
- Moderate shoreline erosion. Heavy surf. Strong rip currents.
- Minor to locally moderate damage to marinas, docks,
boardwalks, and piers. A few small craft broken away from
moorings.

* FLOODING RAIN
- LATEST LOCAL FORECAST: Flood Watch is in effect
- Peak Rainfall Amounts: 3-6 inches, with locally higher
amounts

- THREAT TO LIFE AND PROPERTY THAT INCLUDES TYPICAL FORECAST
UNCERTAINTY IN TRACK, SIZE AND INTENSITY: Potential for
moderate flooding rain
- PLAN: Emergency plans should include the potential for
moderate flooding from heavy rain. Evacuations and rescues
are possible.
- PREPARE: Consider protective actions if you are in an area
vulnerable to flooding.
- ACT: Heed any flood watches and warnings. Failure to take
action may result in serious injury or loss of life.

- POTENTIAL IMPACTS: Significant
- Moderate rainfall flooding may prompt several evacuations
and rescues.
- Rivers and tributaries may quickly become swollen with
swifter currents and overspill their banks in a few places,
especially in usually vulnerable spots. Small streams,
creeks, canals, bayous, and ditches overflow.
- Flood waters can enter some structures or weaken
foundations. Several places may experience expanded areas
of rapid inundation at underpasses, low-lying spots, and
poor drainage areas. Some streets and parking lots take on
moving water as storm drains and retention ponds overflow.
Driving conditions become hazardous. Some road and bridge
closures.

* TORNADO
- LATEST LOCAL FORECAST:
- Situation is somewhat favorable for tornadoes

- THREAT TO LIFE AND PROPERTY THAT INCLUDES TYPICAL FORECAST
UNCERTAINTY IN TRACK, SIZE AND INTENSITY: Potential for a few
tornadoes
- PLAN: Emergency plans should include the potential for a
few tornadoes.
- PREPARE: If your shelter is particularly vulnerable to
tornadoes, prepare to relocate to safe shelter before
hazardous weather arrives.
- ACT: If a tornado warning is issued, be ready to shelter
quickly.

- POTENTIAL IMPACTS: Limited
- The occurrence of isolated tornadoes can hinder the
execution of emergency plans during tropical events.
- A few places may experience tornado damage, along with
power and communications disruptions.
- Locations could realize roofs peeled off buildings,
chimneys toppled, mobile homes pushed off foundations or
overturned, large tree tops and branches snapped off,
shallow-rooted trees knocked over, moving vehicles blown
off roads, and small boats pulled from moorings.

* FOR MORE INFORMATION:
- http://emergency.louisiana.gov",,Lower Terrebonne,2020-06-05,15:11:00,"a tropical storm watch means tropical storm-force winds are possible somewhere within this area within the next 48 hours * locations affected - chauvin - dulac - montegut * wind - latest local forecast: equivalent tropical storm force wind - peak wind forecast: 40-50 mph with gusts to 70 mph - window for tropical storm force winds: sunday morning until early monday morning - threat to life and property that includes typical forecast uncertainty in track, size and intensity: potential for wind 39 to 57 mph - plan: plan for hazardous wind of equivalent tropical storm force. - prepare: efforts to protect property should now be underway. prepare for limited wind damage. - act: act now to complete preparations before the wind becomes hazardous. - potential impacts: limited - damage to porches, awnings, carports, sheds, and unanchored mobile homes. unsecured lightweight objects blown about. - many large tree limbs broken off. a few trees snapped or uprooted, but with greater numbers in places where trees are shallow rooted. some fences and roadway signs blown over. - a few roads impassable from debris, particularly within urban or heavily wooded places. hazardous driving conditions on bridges and other elevated roadways. - scattered power and communications outages. * storm surge - latest local forecast: localized storm surge possible - peak storm surge inundation: the potential for 1-3 feet above ground somewhere within surge prone areas - window of concern: around high tide - threat to life and property that includes typical forecast uncertainty in track, size and intensity: potential for storm surge flooding greater than 1 foot above ground - plan: plan for storm surge flooding greater than 1 foot above ground. - prepare: efforts should now be underway to prepare for storm surge flooding, especially in low-lying vulnerable areas. - act: take actions to protect life and property. prepare to leave if evacuation orders are given for your area. - potential impacts: limited - localized inundation with storm surge flooding mainly along immediate shorelines and in low-lying spots, or in areas farther inland near where higher surge waters move ashore. - sections of near-shore roads and parking lots become overspread with surge water. driving conditions dangerous in places where surge water covers the road. - moderate shoreline erosion. heavy surf. strong rip currents. - minor to locally moderate damage to marinas, docks, boardwalks, and piers. a few small craft broken away from moorings. * flooding rain - latest local forecast: flood watch is in effect - peak rainfall amounts: 3-6 inches, with locally higher amounts - threat to life and property that includes typical forecast uncertainty in track, size and intensity: potential for moderate flooding rain - plan: emergency plans should include the potential for moderate flooding from heavy rain. evacuations and rescues are possible. - prepare: consider protective actions if you are in an area vulnerable to flooding. - act: heed any flood watches and warnings. failure to take action may result in serious injury or loss of life. - potential impacts: significant - moderate rainfall flooding may prompt several evacuations and rescues. - rivers and tributaries may quickly become swollen with swifter currents and overspill their banks in a few places, especially in usually vulnerable spots. small streams, creeks, canals, bayous, and ditches overflow. - flood waters can enter some structures or weaken foundations. several places may experience expanded areas of rapid inundation at underpasses, low-lying spots, and poor drainage areas. some streets and parking lots take on moving water as storm drains and retention ponds overflow. driving conditions become hazardous. some road and bridge closures. * tornado - latest local forecast: - situation is somewhat favorable for tornadoes - threat to life and property that includes typical forecast uncertainty in track, size and intensity: potential for a few tornadoes - plan: emergency plans should include the potential for a few tornadoes. - prepare: if your shelter is particularly vulnerable to tornadoes, prepare to relocate to safe shelter before hazardous weather arrives. - act: if a tornado warning is issued, be ready to shelter quickly. - potential impacts: limited - the occurrence of isolated tornadoes can hinder the execution of emergency plans during tropical events. - a few places may experience tornado damage, along with power and communications disruptions. - locations could realize roofs peeled off buildings, chimneys toppled, mobile homes pushed off foundations or overturned, large tree tops and branches snapped off, shallow-rooted trees knocked over, moving vehicles blown off roads, and small boats pulled from moorings. * for more information: - http://emergency.louisiana.gov",['tropical storm watch'],"['next 48 hours', 'sunday morning', 'early monday morning']",[],[],['chauvin - dulac - montegut'],"['tropical storm-force winds', '40-50 mph', 'gusts to 70 mph', 'potential for wind 39 to 57 mph']",[],"['usually', 'several', 'some', 'somewhat', 'somewhere', 'consider', 'found', 'may', 'could', 'should', 'possible', 'read', 'few', 'about', 'around', 'can', 'mainly', 'certain', 'many']","['prepare', 'prepare for limited wind damage', 'act', 'plan for storm surge flooding greater than 1 foot above ground', 'prepare to leave if evacuation orders are given for your area']","['potential impacts', 'unsecured lightweight objects blown about', 'many large tree limbs broken off', 'a few trees snapped or uprooted', 'some fences and roadway signs blown over', 'a few roads impassable from debris', 'scattered power and communications outages', 'threat to life and property', 'potential impacts']"
NWS-130404-695830-482326,2014-01-04T09:50:45.000Z,Actual,Cancel,NWS Bismarck ND,Blizzard Warning,['Prepare'],Expected,Extreme,Likely,Blizzard Warning issued January 4 at 3:50AM CST expiring January 4 at 12:00PM CST by NWS Bismarck ND,".VERY COLD ARCTIC AIR WILL MOVE INTO NORTH DAKOTA TODAY...AND
REMAIN THROUGH MONDAY. WIND CHILLS WILL STEADILY DECREASE
THROUGHOUT THE DAY. LIFE THREATENING WIND CHILLS TO 60 BELOW ZERO
ARE EXPECTED TONIGHT THROUGH SUNDAY AND MONDAY.

FROSTBITE CAN OCCUR IN 5 MINUTES OR LESS WITH THESE WIND CHILLS.
AVOID OUTDOOR ACTIVITY. IF TRAVELING...BE READY FOR THE
CHALLENGES YOU COULD FACE IF STRANDED. BE SURE YOUR VEHICLE HAS
PLENTY OF GAS AND DRESS FOR THE OUTSIDE WEATHER...NOT THE INSIDE
TEMPERATURE. PRECAUTIONS SHOULD ALSO BE TAKEN TO PROTECT PETS AND
LIVESTOCK....BLIZZARD WARNING IS CANCELLED...

THE NATIONAL WEATHER SERVICE IN BISMARCK HAS ISSUED A WIND CHILL
WARNING...WHICH IS IN EFFECT UNTIL 6 PM CST MONDAY. THE BLIZZARD
WARNING HAS BEEN CANCELLED. 

* WIND CHILLS...TO 60 BELOW ZERO TONIGHT THROUGH MONDAY. 

* IMPACTS...LIFE THREATENING COLD. FROSTBITE CAN OCCUR IN FIVE
  MINUTES OR LESS.","A WIND CHILL WARNING MEANS THE COMBINATION OF WIND AND VERY COLD
AIR WILL CREATE DANGEROUSLY LOW WIND CHILL VALUES. THIS WILL
RESULT IN FROST BITE AND LEAD TO HYPOTHERMIA OR DEATH IF
PRECAUTIONS ARE NOT TAKEN.

",Foster; Stutsman,2014-01-04,09:50:45,.very cold arctic air will move into north dakota today...and remain through monday. wind chills will steadily decrease throughout the day. life threatening wind chills to 60 below zero are expected tonight through sunday and monday. frostbite can occur in 5 minutes or less with these wind chills. avoid outdoor activity. if traveling...be ready for the challenges you could face if stranded. be sure your vehicle has plenty of gas and dress for the outside weather...not the inside temperature. precautions should also be taken to protect pets and livestock....blizzard warning is cancelled... the national weather service in bismarck has issued a wind chill warning...which is in effect until 6 pm cst monday. the blizzard warning has been cancelled. * wind chills...to 60 below zero tonight through monday. * impacts...life threatening cold. frostbite can occur in five minutes or less.,"['blizzard warning', 'wind chill warning', 'blizzard warning']","['tonight', 'tonight']",[],[],"['north dakota', 'bismarck']","['very cold arctic air', 'wind chills', 'life threatening wind chills to 60 below zero', 'wind chills', 'wind chills', 'to 60 below zero', 'life threatening cold']",[],"['expect', 'could', 'should', 'read', 'can', 'be sure', 'will']","['avoid outdoor activity', 'be ready for the challenges you could face if stranded', 'be sure your vehicle has plenty of gas', 'dress for the outside weather', 'precautions should also be taken to protect pets and livestock']",['impacts']
NWS-IDP-PROD-4260460,2020-06-07T08:24:00.000Z,Actual,Alert,NWS Jacksonville FL,Special Weather Statement,['Execute'],Expected,Moderate,Observed,Special Weather Statement issued June 7 at 4:24AM EDT by NWS Jacksonville FL,"* At 417 AM EDT, National Weather Service meteorologists were
tracking widespread showers producing heavy downpours over the
Suwannee River Valley into southeast Georgia.

* Rainfall near one inch per hour is possible with rain expected to
continue through the morning hours. Rainfall amounts of 2 to 3
inches are possible.

* Locations impacted include...
Live Oak, Jasper, Jennings, Fargo, Statenville, Suwannee River
State Park, Suwannee Springs, Mayday, Belmont and Crossroads.","Torrential rainfall is occurring with these showers, and may lead to
localized flooding. Do not drive your vehicle through flooded
roadways.

To report flooding, contact your nearest law enforcement agency. You
can also share your report with NWS Jacksonville on Facebook and
Twitter.",Echols; Suwannee; Northern Columbia; Clinch; Hamilton,2020-06-07,08:24:00,"* at 417 am edt, national weather service meteorologists were tracking widespread showers producing heavy downpours over the suwannee river valley into southeast georgia. * rainfall near one inch per hour is possible with rain expected to continue through the morning hours. rainfall amounts of 2 to 3 inches are possible. * locations impacted include... live oak, jasper, jennings, fargo, statenville, suwannee river state park, suwannee springs, mayday, belmont and crossroads.",[],['417 am edt'],[],[],"['suwannee river valley', 'southeast georgia', 'live oak', 'jasper', 'jennings', 'fargo', 'statenville', 'suwannee river state park', 'suwannee springs', 'mayday', 'belmont', 'crossroads']",['rainfall near one inch per hour'],['rainfall amounts of 2 to 3 inches'],"['expect', 'may', 'possible', 'read']",[],[]
NWS-IDP-PROD-4256488-3587123,2020-06-05T21:26:00.000Z,Actual,Alert,NWS Miami FL,Flood Advisory,['Avoid'],Expected,Minor,Likely,Flood Advisory issued June 5 at 5:26PM EDT until June 5 at 8:30PM EDT by NWS Miami FL,"The National Weather Service in Miami has issued a

* Flood Advisory for...
Northeastern Palm Beach County in southeastern Florida...

* Until 830 PM EDT.

* At 525 PM EDT, Doppler radar indicated heavy rain due to
thunderstorms. This will cause minor flooding in the advisory area.

* Some locations that will experience flooding include...
Jupiter, Palm Beach Gardens, Riviera Beach, Tequesta and Juno
Beach.","Turn around, don't drown when encountering flooded roads. Most flood
deaths occur in vehicles.

Excessive runoff from heavy rainfall will cause flooding of canals
and streams, urban areas, highways, streets and underpasses as well
as other drainage areas and low lying spots.","Palm Beach, FL",2020-06-05,21:26:00,"the national weather service in miami has issued a * flood advisory for... northeastern palm beach county in southeastern florida... * until 830 pm edt. * at 525 pm edt, doppler radar indicated heavy rain due to thunderstorms. this will cause minor flooding in the advisory area. * some locations that will experience flooding include... jupiter, palm beach gardens, riviera beach, tequesta and juno beach.",[],['525 pm edt'],['until 830 pm edt'],[],"['miami', 'northeastern palm beach county', 'southeastern florida', 'jupiter', 'palm beach gardens', 'riviera beach', 'tequesta', 'juno beach']",['heavy rain'],[],"['some', 'indicate', 'will']",[],[]
urn:oid:2.49.0.1.840.0.c942b357b12a45c5ceb1cdc086480c36588c1450.001.3,2022-12-22T09:59:00.000Z,Actual,Alert,NWS Green Bay WI,Winter Storm Warning,['Prepare'],Expected,Severe,Likely,Winter Storm Warning issued December 22 at 3:59AM CST until December 24 at 6:00AM CST by NWS Green Bay WI,"* WHAT...Snow. Total snow accumulations between 4 and 8 inches.
Strong winds gusting as high as 45 mph late tonight through Friday
night, resulting in widespread blowing and drifting snow.

* WHERE...A portion of northeast Wisconsin.

* WHEN...Until 6 AM CST Saturday.

* IMPACTS...Travel will be hazardous today, and could become very
difficult tonight through Friday night when the strong winds
arrive.

* ADDITIONAL DETAILS...The strong winds will drive much colder air
into the area. The Wind Chill Index is expected to be in the 10
below to 20 below zero range tonight through Friday night.
","Hazardous travel conditions are expected today. Dangerous travel
conditions are possible late tonight through Friday night. Consider
avoiding travel during this period unless absolutely necessary. If
you must travel during this period, drive with extreme caution.
Consider taking a winter storm kit along with you, including such
items as tire chains, booster cables, flashlight, shovel, blankets
and extra clothing. Also take water, a first aid kit, and anything
else that would help you survive in case you become stranded. Be
sure your vehicle has sufficient fuel before crossing open areas.",,2022-12-22,09:59:00,"* what...snow. total snow accumulations between 4 and 8 inches. strong winds gusting as high as 45 mph late tonight through friday night, resulting in widespread blowing and drifting snow. * where...a portion of northeast wisconsin. * when...until 6 am cst saturday. * impacts...travel will be hazardous today, and could become very difficult tonight through friday night when the strong winds arrive. * additional details...the strong winds will drive much colder air into the area. the wind chill index is expected to be in the 10 below to 20 below zero range tonight through friday night.",[],"['late tonight', 'friday night', 'friday night', 'friday night']",['until 6 am cst saturday'],[],['a portion of northeast wisconsin'],['gusting as high as 45 mph'],['total snow accumulations between 4 and 8 inches'],"['expect', 'could', 'read', 'much', 'will']",[],[]
NWS-IDP-PROD-4259401-3589032,2020-06-06T23:16:00.000Z,Actual,Update,NWS Riverton WY,Severe Thunderstorm Watch,['Monitor'],Future,Severe,Possible,Severe Thunderstorm Watch issued June 6 at 5:16PM MDT until June 6 at 8:00PM MDT by NWS Riverton WY,"SEVERE THUNDERSTORM WATCH 263 REMAINS VALID UNTIL 8 PM MDT THIS
EVENING FOR THE FOLLOWING AREAS

IN WYOMING THIS WATCH INCLUDES 2 COUNTIES

IN CENTRAL WYOMING

NATRONA

IN NORTH CENTRAL WYOMING

JOHNSON

THIS INCLUDES THE CITIES OF BUFFALO, CASPER, AND KAYCEE.",,"Johnson, WY; Natrona, WY",2020-06-06,23:16:00,"severe thunderstorm watch 263 remains valid until 8 pm mdt this evening for the following areas in wyoming this watch includes 2 counties in central wyoming natrona in north central wyoming johnson this includes the cities of buffalo, casper, and kaycee.",['severe thunderstorm watch'],['8 pm mdt this evening'],[],[],"['wyoming', 'central wyoming natrona', 'north central wyoming johnson', 'buffalo', 'casper', 'kaycee']",[],['2 counties'],[],[],[]
NWS-IDP-PROD-4263973-3592356,2020-06-08T21:19:00.000Z,Actual,Update,NWS Portland OR,Small Craft Advisory,['Avoid'],Expected,Minor,Likely,Small Craft Advisory issued June 8 at 2:19PM PDT until June 9 at 5:00PM PDT by NWS Portland OR,"* WHAT...South winds 15 to 25 kt with gusts up to 30 kt and seas 8
to 12 feet at 9 seconds expected. Periodic isolated gusts around
35 kt possible.

* WHERE...Waters from Cascade Head to Florence OR from 10 to 60
NM and Coastal waters from Cascade Head to Florence OR out 10
NM.

* WHEN...From 8 PM this evening to 5 PM PDT Tuesday.

* IMPACTS...Conditions will be hazardous to small craft.","Inexperienced mariners, especially those operating smaller
vessels, should avoid navigating in hazardous conditions.",Waters from Cascade Head to Florence OR from 10 to 60 nm; Coastal waters from Cascade Head to Florence OR out 10 nm,2020-06-08,21:19:00,* what...south winds 15 to 25 kt with gusts up to 30 kt and seas 8 to 12 feet at 9 seconds expected. periodic isolated gusts around 35 kt possible. * where...waters from cascade head to florence or from 10 to 60 nm and coastal waters from cascade head to florence or out 10 nm. * when...from 8 pm this evening to 5 pm pdt tuesday. * impacts...conditions will be hazardous to small craft.,[],['8 pm this evening'],[],[],"['waters from cascade head to florence or from 10 to 60 nm', 'coastal waters from cascade head to florence or out 10 nm']","['15 to 25 kt', 'up to 30 kt', '8 to 12 feet', 'around 35 kt']",[],"['expect', 'possible', 'around', 'will']",['conditions will be hazardous to small craft'],['impacts']
NWS-130404-687832-475703,2013-12-30T19:42:37.000Z,Actual,Update,NWS Wakefield VA,Flood Statement,['Avoid'],Immediate,Severe,Observed,Flood Statement issued December 30 at 2:42PM EST expiring December 31 at 8:02AM EST by NWS Wakefield VA,"FOR THE CHOWAN BASIN...INCLUDING LAWRENCEVILLE...MINOR FLOODING IS 
OCCURRING AND IS EXPECTED TO CONTINUE.CONTINUES FOR
  THE MEHERRIN RIVER AT LAWRENCEVILLE
* UNTIL TUESDAY MORNING...OR UNTIL THE WARNING IS CANCELLED.
* AT 01:45 PM MONDAY THE STAGE WAS 15.3 FEET 
* MINOR FLOODING IS OCCURRING.
* FLOOD STAGE IS 15.0 FEET 
* FORECAST...THE RIVER WILL CONTINUE RISING TO NEAR 15.9 FEET BY THIS
  EVENING. THE RIVER WILL FALL BELOW FLOOD STAGE EARLY TUESDAY
  MORNING.
THIS RIVER LEVEL IS COMPARABLE TO A PREVIOUS CREST OF 15.9 FEET ON 
AUG 15 2004.","STAY TUNED TO NOAA WEATHER RADIO FOR FURTHER UPDATES...

GRAPHICAL FORECAST INFORMATION IS AVAILABLE ON THE INTERNET AT 
WWW.WEATHER.GOV/AKQ.  CLICK ON THE RIVERS AND LAKES AHPS LINK ON THE 
LEFT HAND SIDE MENU. 

PLEASE USE EXTREME CAUTION IF VENTURING NEAR RIVERBANKS. MOVE TO 
HIGHER GROUND IMMEDIATELY SHOULD RISING WATER THREATEN YOUR SAFETY.

",Brunswick,2013-12-30,19:42:37,for the chowan basin...including lawrenceville...minor flooding is occurring and is expected to continue.continues for the meherrin river at lawrenceville * until tuesday morning...or until the warning is cancelled. * at 01:45 pm monday the stage was 15.3 feet * minor flooding is occurring. * flood stage is 15.0 feet * forecast...the river will continue rising to near 15.9 feet by this evening. the river will fall below flood stage early tuesday morning. this river level is comparable to a previous crest of 15.9 feet on aug 15 2004.,[],"['tuesday morning', 'by this   evening', 'early tuesday   morning']",['or until the warning is cancelled'],[],"['chowan basin', 'lawrenceville', 'meherrin river', 'lawrenceville']",[],[],"['expect', 'can', 'will']",[],[]
NWS-IDP-PROD-4262304-3591152,2020-06-08T01:49:00.000Z,Actual,Alert,NWS Grand Forks ND,Severe Thunderstorm Warning,['Shelter'],Immediate,Severe,Observed,Severe Thunderstorm Warning issued June 7 at 8:49PM CDT until June 7 at 9:45PM CDT by NWS Grand Forks ND,"The National Weather Service in Grand Forks has issued a

* Severe Thunderstorm Warning for...
Southeastern Grand Forks County in northeastern North Dakota...
Northwestern Cass County in southeastern North Dakota...
Traill County in southeastern North Dakota...
Northeastern Barnes County in southeastern North Dakota...
Eastern Steele County in southeastern North Dakota...

* Until 945 PM CDT.

* At 849 PM CDT, a severe thunderstorm was located 7 miles north of
Oriska, or 13 miles northeast of Valley City, moving northeast at
65 mph.

HAZARD...70 mph wind gusts and quarter size hail.

SOURCE...Radar indicated.

IMPACT...Hail damage to vehicles is expected. Expect considerable
tree damage. Wind damage is also likely to mobile homes,
roofs, and outbuildings.

* This severe thunderstorm will be near...
Page around 900 PM CDT.
Colgate around 905 PM CDT.
Galesburg around 910 PM CDT.
Clifford around 915 PM CDT.
Blanchard around 920 PM CDT.

Other locations impacted by this severe thunderstorm include American
Crystal Sugar.

This includes the following highways...
Interstate 29 between mile markers 88 and 129.
Interstate 94 in North Dakota between mile markers 301 and 314.","A Tornado Watch remains in effect until 1000 PM CDT for northwestern
Minnesota...and southeastern and northeastern North Dakota.

For your protection move to an interior room on the lowest floor of a
building.","Barnes, ND; Cass, ND; Grand Forks, ND; Traill, ND; Steele, ND",2020-06-08,01:49:00,"the national weather service in grand forks has issued a * severe thunderstorm warning for... southeastern grand forks county in northeastern north dakota... northwestern cass county in southeastern north dakota... traill county in southeastern north dakota... northeastern barnes county in southeastern north dakota... eastern steele county in southeastern north dakota... * until 945 pm cdt. * at 849 pm cdt, a severe thunderstorm was located 7 miles north of oriska, or 13 miles northeast of valley city, moving northeast at 65 mph. hazard...70 mph wind gusts and quarter size hail. source...radar indicated. impact...hail damage to vehicles is expected. expect considerable tree damage. wind damage is also likely to mobile homes, roofs, and outbuildings. * this severe thunderstorm will be near... page around 900 pm cdt. colgate around 905 pm cdt. galesburg around 910 pm cdt. clifford around 915 pm cdt. blanchard around 920 pm cdt. other locations impacted by this severe thunderstorm include american crystal sugar. this includes the following highways... interstate 29 between mile markers 88 and 129. interstate 94 in north dakota between mile markers 301 and 314.",[],"['849 pm cdt', 'around 900 pm cdt', 'around 905 pm cdt', 'around 910 pm cdt', 'around 915 pm cdt', 'around 920 pm cdt']",['until 945 pm cdt'],[],"['grand forks', 'grand forks', 'northeastern north dakota', 'northwestern cass county', 'southeastern north dakota', 'traill county', 'southeastern north dakota', 'northeastern barnes county', 'southeastern north dakota', 'eastern steele county', 'southeastern north dakota', 'oriska', 'valley city', 'page', 'colgate', 'galesburg', 'clifford', 'blanchard', 'american crystal sugar', 'interstate 29', 'interstate 94']","['65 mph', '70 mph']",[],"['expect', 'like', 'consider', 'likely', 'around', 'can', 'indicate', 'will']",[],"['quarter size hail', 'hail damage to vehicles']"
NWS-130404-685637-474160,2013-12-29T08:33:02.000Z,Actual,Update,NWS Peachtree City GA,Flood Statement,['Avoid'],Immediate,Severe,Observed,Flood Statement issued December 29 at 3:32AM EST expiring December 29 at 3:34PM EST by NWS Peachtree City GA,"BIG CREEK NEAR CUMMING AFFECTING FORSYTH COUNTY. 

  BIG CREEK NEAR ALPHARETTA AFFECTING FORSYTH AND FULTON COUNTIES. 

  OCMULGEE RIVER NEAR ABBEVILLE AFFECTING DODGE...TELFAIR AND WILCOX
  COUNTIES. 

  OCONEE RIVER NEAR PENFIELD AFFECTING CLARKE...GREENE AND OCONEE 
  COUNTIES.THE FLOOD WARNING CONTINUES FOR
  THE BIG CREEK NEAR CUMMING.
* UNTIL THIS AFTERNOON.
* AT 2 AM SUNDAY THE STAGE WAS 4.6 FEET...AND RISING.
* MINOR FLOODING IS FORECAST. 
* FLOOD STAGE IS 6 FEET. 
* FORECAST TO RISE ABOVE FLOOD STAGE BY EARLY THIS MORNING AND 
  CONTINUE TO RISE TO NEAR 6.3 FEET BY THIS MORNING. THE RIVER WILL 
  FALL BELOW FLOOD STAGE BY LATE THIS MORNING.
* AT 6 FEET...FLOOD STAGE IS REACHED. MINOR FLOODING WILL EXPAND 
  INTO THE NATURAL FLOOD PLAIN OF THE CREEK UPSTREAM AND DOWNSTREAM 
  FROM THE GAGE AT ATLANTA HIGHWAY OR GEORGIA HIGHWAY 9. LARGE 
  PORTIONS OF THE SIDEWALK AND BOARDWALK OF THE BIG CREEK GREENWAY 
  WILL BEGIN TO FLOOD. THE AREAS UNDER THE GEORGIA 400 HIGHWAY AND 
  MCFARLAND ROAD WILL BE COVERED WITH AROUND ONE FOOT OF WATER. A 
  PORTION OF THE SIDEWALK UNDER MAJORS ROAD WILL BE COVERED WITH 
  AROUND TWO FEET OF WATER. 


&&",,Forsyth,2013-12-29,08:33:02,big creek near cumming affecting forsyth county. big creek near alpharetta affecting forsyth and fulton counties. ocmulgee river near abbeville affecting dodge...telfair and wilcox counties. oconee river near penfield affecting clarke...greene and oconee counties.the flood warning continues for the big creek near cumming. * until this afternoon. * at 2 am sunday the stage was 4.6 feet...and rising. * minor flooding is forecast. * flood stage is 6 feet. * forecast to rise above flood stage by early this morning and continue to rise to near 6.3 feet by this morning. the river will fall below flood stage by late this morning. * at 6 feet...flood stage is reached. minor flooding will expand into the natural flood plain of the creek upstream and downstream from the gage at atlanta highway or georgia highway 9. large portions of the sidewalk and boardwalk of the big creek greenway will begin to flood. the areas under the georgia 400 highway and mcfarland road will be covered with around one foot of water. a portion of the sidewalk under majors road will be covered with around two feet of water. &&,[],"['2 am sunday', 'early this morning', 'late this morning']",[],[],"['big creek near cumming', 'forsyth county', 'big creek near alpharetta', 'ocmulgee river', 'abbeville', 'dodge', 'oconee river', 'big creek near cumming', 'georgia highway 9', 'mcfarland road']",['minor flooding'],"['6 feet', '6 feet']","['around', 'will']",[],[]
NWS-130404-690028,2014-01-01T09:41:47.000Z,Actual,Alert,NWS Wichita KS,Extreme Fire Danger,['Prepare'],Expected,Moderate,Likely,Extreme Fire Danger issued January 1 at 3:41AM CST by NWS Wichita KS,"THE GFDI DOES NOT ACCOUNT FOR PRECIPITATION THAT OCCURS WITHIN
THE HOUR PRECEDING ANY GIVEN FORECAST HOUR BELOW OR ANY SNOW ON
THE GROUND AT THE FORECAST HOUR. PLEASE MAKE APPROPRIATE ADJUSTMENTS.(ALL TIME REFERENCES ARE IN CST)

DAY/DATE      24HR INDEX   *  MID  3AM  6AM  9AM NOON  3PM  6PM  9PM
WED JAN 01  MODERATE    5  *        L    L    L    L    M    M    M  
THU JAN 02  MODERATE    3  *   M    M    L    L    L    L    L    L  
FRI JAN 03  HIGH        8  *   L    L    L    L    M    H    M    M  
SAT JAN 04  MODERATE    5  *   M    M    L    L    L    L    M    L  
SUN JAN 05  LOW         2  *   L    L    L    L    L    L    L    L  
MON JAN 06  LOW         2  *   L    L    L    L    L    L    L    L",,Woodson,2014-01-01,09:41:47,the gfdi does not account for precipitation that occurs within the hour preceding any given forecast hour below or any snow on the ground at the forecast hour. please make appropriate adjustments.(all time references are in cst) day/date 24hr index * mid 3am 6am 9am noon 3pm 6pm 9pm wed jan 01 moderate 5 * l l l l m m m thu jan 02 moderate 3 * m m l l l l l l fri jan 03 high 8 * l l l l m h m m sat jan 04 moderate 5 * m m l l l l m l sun jan 05 low 2 * l l l l l l l l mon jan 06 low 2 * l l l l l l l l,[],"['mid', 'noon']",[],[],[],"['moderate', 'moderate', 'high', 'moderate', 'low', 'low']",[],[],['please make appropriate adjustments'],[]
NWS-IDP-PROD-4259489-3589087,2020-06-06T23:57:00.000Z,Actual,Update,NWS Melbourne FL,Tornado Warning,['Shelter'],Immediate,Extreme,Observed,Tornado Warning issued June 6 at 7:57PM EDT until June 6 at 8:15PM EDT by NWS Melbourne FL,"At 756 PM EDT, a severe thunderstorm capable of producing a tornado
was located over Longwood, moving north at 20 mph. This storm has a
history of producing a damaging tornado.

HAZARD...Tornado.

SOURCE...Radar indicated rotation.

IMPACT...Flying debris will be dangerous to those caught without
shelter. Mobile homes will be damaged or destroyed. Damage
to roofs, windows, and vehicles will occur.  Tree damage is
likely.

Locations impacted include...
Sanford, Altamonte Springs, Winter Springs, Casselberry and Lake
Mary.","TAKE COVER NOW! Move to an interior room on the lowest floor of a
sturdy building. Avoid windows. If you are outdoors, in a mobile
home, or in a vehicle, move to the closest substantial shelter and
protect yourself from flying debris.

If a tornado or other severe weather is spotted, report it to the
National Weather Service or your local nearest law enforcement agency
who will send your report. This act may save lives of others in the
path of dangerous weather.","Seminole, FL",2020-06-06,23:57:00,"at 756 pm edt, a severe thunderstorm capable of producing a tornado was located over longwood, moving north at 20 mph. this storm has a history of producing a damaging tornado. hazard...tornado. source...radar indicated rotation. impact...flying debris will be dangerous to those caught without shelter. mobile homes will be damaged or destroyed. damage to roofs, windows, and vehicles will occur. tree damage is likely. locations impacted include... sanford, altamonte springs, winter springs, casselberry and lake mary.",[],['756 pm edt'],[],[],"['longwood', 'sanford', 'altamonte springs', 'winter springs', 'casselberry', 'lake mary']",['20 mph'],[],"['like', 'likely', 'indicate', 'will']",[],"['flying debris will be dangerous to those caught without shelter', 'mobile homes will be damaged or destroyed', 'damage to roofs, windows, and vehicles', 'tree damage is likely']"
NWS-IDP-PROD-4259224-3588909,2020-06-06T22:05:00.000Z,Actual,Alert,NWS Melbourne FL,Tornado Warning,['Shelter'],Immediate,Extreme,Observed,Tornado Warning issued June 6 at 6:05PM EDT until June 6 at 6:30PM EDT by NWS Melbourne FL,"The National Weather Service in Melbourne has issued a

* Tornado Warning for...
West central Orange County in east central Florida...

* Until 630 PM EDT.

* At 604 PM EDT, a severe thunderstorm capable of producing a tornado
was located over Universal Studios, or over Oak Ridge, moving north
at 20 mph.

HAZARD...Tornado.

SOURCE...Radar indicated rotation.

IMPACT...Flying debris will be dangerous to those caught without
shelter. Mobile homes will be damaged or destroyed.
Damage to roofs, windows, and vehicles will occur.  Tree
damage is likely.

* This dangerous storm will be near...
Orlovista and Fairview Shores around 620 PM EDT.
Maitland, Lockhart and Pine Hills around 630 PM EDT.

Other locations impacted by this tornadic thunderstorm include
Eatonville.","TAKE COVER NOW! Move to an interior room on the lowest floor of a
sturdy building. Avoid windows. If you are outdoors, in a mobile
home, or in a vehicle, move to the closest substantial shelter and
protect yourself from flying debris.

Heavy rainfall may hide this tornado. Do not wait to see or hear the
tornado. TAKE COVER NOW!","Orange, FL",2020-06-06,22:05:00,"the national weather service in melbourne has issued a * tornado warning for... west central orange county in east central florida... * until 630 pm edt. * at 604 pm edt, a severe thunderstorm capable of producing a tornado was located over universal studios, or over oak ridge, moving north at 20 mph. hazard...tornado. source...radar indicated rotation. impact...flying debris will be dangerous to those caught without shelter. mobile homes will be damaged or destroyed. damage to roofs, windows, and vehicles will occur. tree damage is likely. * this dangerous storm will be near... orlovista and fairview shores around 620 pm edt. maitland, lockhart and pine hills around 630 pm edt. other locations impacted by this tornadic thunderstorm include eatonville.",[],"['604 pm edt', 'around 620 pm edt', 'around 630 pm edt']",['until 630 pm edt'],[],"['melbourne', 'west central orange county', 'east central florida', 'universal studios', 'oak ridge', 'orlovista', 'fairview shores', 'maitland', 'lockhart', 'pine hills', 'eatonville']",[],[],"['like', 'likely', 'around', 'indicate', 'will']",[],"['flying debris', 'mobile homes will be damaged or destroyed', 'damage to roofs, windows, and vehicles', 'tree damage is likely']"
NWS-IDP-PROD-4256322-3586964,2020-06-05T20:46:00.000Z,Actual,Alert,NWS State College PA,Flood Advisory,['Avoid'],Expected,Minor,Likely,Flood Advisory issued June 5 at 4:46PM EDT until June 5 at 6:45PM EDT by NWS State College PA,"The National Weather Service in State College PA has issued a

* Flood Advisory for...
Southeastern Lancaster County in south central Pennsylvania...
Southeastern York County in south central Pennsylvania...

* Until 645 PM EDT.

* At 441 PM EDT, Doppler radar indicated heavy rain due to slow
moving thunderstorms. The rain will lead to minor flooding as the
storms are expected to stay rather stationary for a while. Up to
one and a half inches of rain has already fallen over southern
York County.

* Some locations that may experience flooding include...
Shrewsbury, Quarryville, Stewartstown, Glen Rock, Gap, Delta,
Wakefield, Brogue, Felton, Smithville, Holtwood, Sunnyburn, Safe
Harbor, Susquehanna Trails and Conestoga.

Additional rainfall of more than two inches is possible over the
area, which could result in life threatening Flash Flooding.","A Flood Advisory means river or stream flows are elevated, or
ponding of water in urban or other areas is occurring or is
imminent.

In hilly terrain there are hundreds of low water crossings
which are potentially dangerous in heavy rain. Do not attempt to
cross flooded roads. Find an alternate route.","York, PA; Lancaster, PA",2020-06-05,20:46:00,"the national weather service in state college pa has issued a * flood advisory for... southeastern lancaster county in south central pennsylvania... southeastern york county in south central pennsylvania... * until 645 pm edt. * at 441 pm edt, doppler radar indicated heavy rain due to slow moving thunderstorms. the rain will lead to minor flooding as the storms are expected to stay rather stationary for a while. up to one and a half inches of rain has already fallen over southern york county. * some locations that may experience flooding include... shrewsbury, quarryville, stewartstown, glen rock, gap, delta, wakefield, brogue, felton, smithville, holtwood, sunnyburn, safe harbor, susquehanna trails and conestoga. additional rainfall of more than two inches is possible over the area, which could result in life threatening flash flooding.",[],['441 pm edt'],['until 645 pm edt'],[],"['state college pa', 'southeastern lancaster county', 'south central pennsylvania', 'southeastern york county', 'south central pennsylvania', 'southern york county', 'shrewsbury', 'quarryville', 'stewartstown', 'glen rock', 'gap', 'delta', 'wakefield', 'brogue', 'felton', 'smithville', 'holtwood', 'sunnyburn', 'safe harbor', 'susquehanna trails', 'conestoga']",['heavy rain'],[],"['expect', 'some', 'may', 'could', 'possible', 'read', 'rather', 'indicate', 'will']",[],[]
NWS-IDP-PROD-4254842-3586081,2020-06-05T03:42:00.000Z,Actual,Update,NWS Lubbock TX,Flood Advisory,['Avoid'],Expected,Minor,Likely,Flood Advisory issued June 4 at 10:42PM CDT until June 4 at 11:45PM CDT by NWS Lubbock TX,"At 1042 PM CDT, Heavy rain has ended around Lubbock and the central
South Plains. Total rainfall amounts up to two thirds of an inch
fell during the evening. Local high water spots are likely to remain
until later in the evening.

Some locations that will experience flooding include...
Lubbock, Slaton, Idalou, Lorenzo, Ransom Canyon, and Buffalo
Springs
Lake.","Excessive runoff from heavy rainfall will cause flooding of small
creeks and streams, urban areas, highways, streets and underpasses
as well as other drainage areas and low lying spots.","Crosby, TX; Lubbock, TX; Hale, TX",2020-06-05,03:42:00,"at 1042 pm cdt, heavy rain has ended around lubbock and the central south plains. total rainfall amounts up to two thirds of an inch fell during the evening. local high water spots are likely to remain until later in the evening. some locations that will experience flooding include... lubbock, slaton, idalou, lorenzo, ransom canyon, and buffalo springs lake.",[],['1042 pm cdt'],[],[],"['lubbock', 'central south plains', 'lubbock', 'slaton', 'idalou', 'lorenzo', 'ransom canyon', 'buffalo springs lake']",['heavy rain'],['total rainfall amounts up to two thirds of an inch'],"['some', 'like', 'likely', 'around', 'can', 'will']",[],[]
NWS-IDP-PROD-4262491-3591296,2020-06-08T03:05:00.000Z,Actual,Update,NWS Aberdeen SD,Severe Thunderstorm Warning,['Shelter'],Immediate,Severe,Observed,Severe Thunderstorm Warning issued June 7 at 10:05PM CDT until June 7 at 10:30PM CDT by NWS Aberdeen SD,"At 1005 PM CDT, a severe thunderstorm was located 7 miles south of
Vivian, or 14 miles southwest of Presho, moving northeast at 50 mph.

HAZARD...Ping pong ball size hail and 60 mph wind gusts.

SOURCE...Radar indicated.

IMPACT...People and animals outdoors will be injured. Expect hail
damage to roofs, siding, windows, and vehicles. Expect wind
damage to roofs, siding, and trees.

Locations impacted include...
Presho, Vivian, Fate Dam and 5 Mile Corner.","For your protection move to an interior room on the lowest floor of a
building.","Lyman, SD; Jones, SD",2020-06-08,03:05:00,"at 1005 pm cdt, a severe thunderstorm was located 7 miles south of vivian, or 14 miles southwest of presho, moving northeast at 50 mph. hazard...ping pong ball size hail and 60 mph wind gusts. source...radar indicated. impact...people and animals outdoors will be injured. expect hail damage to roofs, siding, windows, and vehicles. expect wind damage to roofs, siding, and trees. locations impacted include... presho, vivian, fate dam and 5 mile corner.",['radar indicated'],['1005 pm cdt'],[],[],"['vivian', 'presho', 'presho', 'vivian', 'fate dam', '5 mile corner']","['50 mph', '60 mph']",['ping pong ball size hail'],"['expect', 'indicate', 'will']","['expect hail damage to roofs, siding, windows, and vehicles', 'expect wind damage to roofs, siding, and trees']",['people and animals outdoors will be injured']
NWS-IDP-PROD-4260547-3589838,2020-06-07T09:32:00.000Z,Actual,Update,NWS San Francisco CA,Small Craft Advisory,['Avoid'],Expected,Minor,Likely,Small Craft Advisory issued June 7 at 2:32AM PDT until June 8 at 3:00AM PDT by NWS San Francisco CA,"* WHAT...Northwest winds 20 to 30 kt with gusts up to 35 kt and
seas 7 to 12 feet at 10 seconds.

* WHERE...Coastal Waters from Point Reyes to Pigeon Point
California out to 10 nm.

* WHEN...Until 3 AM PDT Monday.

* IMPACTS...Conditions will be hazardous to small craft.","Inexperienced mariners, especially those operating smaller
vessels, should avoid navigating in hazardous conditions.",Coastal Waters from Point Reyes to Pigeon Point California out to 10 nm,2020-06-07,09:32:00,* what...northwest winds 20 to 30 kt with gusts up to 35 kt and seas 7 to 12 feet at 10 seconds. * where...coastal waters from point reyes to pigeon point california out to 10 nm. * when...until 3 am pdt monday. * impacts...conditions will be hazardous to small craft.,[],['3 am pdt monday'],[],[],"['coastal waters', 'point reyes', 'pigeon point california']","['20 to 30 kt', 'up to 35 kt', '7 to 12 feet']",[],['will'],['conditions will be hazardous to small craft'],['impacts']
urn:oid:2.49.0.1.840.0.ad79c6ae9cce66af7a38895b318bc21ddd498e1c.002.1,2022-12-22T17:04:00.000Z,Actual,Cancel,NWS Blacksburg VA,Winter Weather Advisory,['AllClear'],Past,Minor,Observed,The Winter Weather Advisory has been cancelled.,The Winter Weather Advisory has been cancelled and is no longer in effect.,"A Wind Chill Advisory is issued when strong winds will combine
with cold temperatures for several hours to create dangerously
cold conditions for exposed skin.

Use caution while traveling outside. Wear appropriate clothing, a
hat, and gloves.

The latest road conditions for the state you are calling from can
be obtained by calling 5 1 1.",,2022-12-22,17:04:00,the winter weather advisory has been cancelled and is no longer in effect.,['winter weather advisory'],[],[],[],[],[],[],['can'],[],[]
NWS-130404-689490-476677,2013-12-31T21:59:28.000Z,Actual,Update,NWS Buffalo NY,Lake Effect Snow Warning,['Avoid'],Expected,Extreme,Likely,Lake Effect Snow Warning issued December 31 at 4:58PM EST expiring January 1 at 1:00PM EST by NWS Buffalo NY,"* LOCATIONS...NORTHERN CAYUGA COUNTY...MAINLY ALONG AND NORTH OF 
  ROUTE 104. 

* TIMING...THROUGH EARLY WEDNESDAY AFTERNOON.

* ACCUMULATIONS...8 TO 16 INCHES TONIGHT...AND 3 TO 6 INCHES
  WEDNESDAY...LEADING TO STORM TOTALS OF 12 TO 23 INCHES IN THE
  MOST PERSISTENT LAKE SNOWS.

* WINDS...WEST 20 TO 30 MPH.

* VISIBILITIES...UNDER A QUARTER MILE AT TIMES.

* IMPACTS...AN INTENSE LAKE EFFECT SNOW BAND IS EXPECTED TO 
  DEVELOP ACROSS THE AREA TONIGHT. TRAVEL WILL BE EXTREMELY 
  DIFFICULT AT TIMES WITH SNOW COVERED ROADS AND POOR VISIBILITY 
  DUE TO HEAVY SNOW AND BLOWING SNOW.","IF YOU LOSE POWER AND PLAN ON RUNNING A GENERATOR...MAKE SURE
THAT THE GENERATOR IS LOCATED OUTDOORS AND IS PROPERLY
VENTILATED. SPACE HEATERS SHOULD ALSO BE PROPERLY VENTILATED AND
USED ONLY IF THEY ARE OPERATING PROPERLY. MAKE SURE SNOW DOES NOT
BLOCK EXHAUSTS AND FRESH AIR INTAKES FOR HIGH EFFICIENCY FURNACES
AND WATER HEATERS.

STAY TUNED TO NOAA WEATHER RADIO OR YOUR FAVORITE SOURCE OF
WEATHER INFORMATION FOR THE LATEST UPDATES. ADDITIONAL DETAILS
CAN ALSO BE FOUND AT WWW.WEATHER.GOV/BUFFALO.

REPORT SNOW ACCUMULATION TO THE NATIONAL WEATHER SERVICE IN
BUFFALO BY SENDING AN EMAIL TO BUFSTORM.REPORT@NOAA.GOV...POSTING
TO THE NWS BUFFALO FACEBOOK PAGE...OR TWEET...USING THE HASHTAG
BUFWX

IN LAKE EFFECT SNOW THE WEATHER CAN VARY FROM LOCALLY HEAVY SNOW
IN NARROW BANDS TO CLEAR SKIES JUST A FEW MILES AWAY. IF YOU WILL
BE TRAVELING ACROSS THE REGION BE PREPARED FOR RAPID CHANGES IN
ROAD AND VISIBILITY CONDITIONS.

",Cayuga,2013-12-31,21:59:28,* locations...northern cayuga county...mainly along and north of route 104. * timing...through early wednesday afternoon. * accumulations...8 to 16 inches tonight...and 3 to 6 inches wednesday...leading to storm totals of 12 to 23 inches in the most persistent lake snows. * winds...west 20 to 30 mph. * visibilities...under a quarter mile at times. * impacts...an intense lake effect snow band is expected to develop across the area tonight. travel will be extremely difficult at times with snow covered roads and poor visibility due to heavy snow and blowing snow.,[],"['tonight', 'wednesday', 'tonight']",['through early wednesday afternoon'],[],"['northern cayuga county', 'mainly along and north of    route 104']",[],"['8 to 16 inches', '3 to 6 inches', '12 to 23 inches', 'west 20 to 30 mph', 'under a quarter mile at times']","['expect', 'most', 'mainly', 'will']",[],['impacts']
NWS-IDP-PROD-4264557-3592766,2020-06-09T03:04:00.000Z,Actual,Update,NWS Sioux Falls SD,Tornado Warning,['Shelter'],Immediate,Extreme,Observed,Tornado Warning issued June 8 at 10:04PM CDT until June 8 at 10:15PM CDT by NWS Sioux Falls SD,"At 1004 PM CDT, a severe thunderstorm capable of producing a tornado
was located near Ethan, or 7 miles south of Mitchell, moving north at
20 mph.

HAZARD...Tornado and golf ball size hail.

SOURCE...Radar indicated rotation.

IMPACT...Flying debris will be dangerous to those caught without
shelter. Mobile homes will be damaged or destroyed. Damage
to roofs, windows, and vehicles will occur.  Tree damage is
likely.

This dangerous storm will be near...
Mitchell, Fulton and Loomis around 1030 PM CDT.","Tornadoes are extremely difficult to see and confirm at night. Do not
wait to see or hear the tornado. TAKE COVER NOW!","Hanson, SD; Davison, SD",2020-06-09,03:04:00,"at 1004 pm cdt, a severe thunderstorm capable of producing a tornado was located near ethan, or 7 miles south of mitchell, moving north at 20 mph. hazard...tornado and golf ball size hail. source...radar indicated rotation. impact...flying debris will be dangerous to those caught without shelter. mobile homes will be damaged or destroyed. damage to roofs, windows, and vehicles will occur. tree damage is likely. this dangerous storm will be near... mitchell, fulton and loomis around 1030 pm cdt.",[],"['1004 pm cdt', '1030 pm cdt']",[],[],"['ethan', 'mitchell', 'mitchell', 'fulton', 'loomis']",['20 mph'],[],"['like', 'likely', 'around', 'indicate', 'will']",[],"['flying debris will be dangerous to those caught without shelter', 'mobile homes will be damaged or destroyed', 'damage to roofs, windows, and vehicles', 'tree damage is likely']"
NWS-130404-683413-472541,2013-12-27T14:21:42.000Z,Actual,Cancel,NWS Shreveport LA,Flood Statement,['Avoid'],Immediate,Severe,Observed,Flood Statement issued December 27 at 8:21AM CST expiring December 27 at 10:00PM CST by NWS Shreveport LA,"FLSSHV


FLOOD STATEMENT
NATIONAL WEATHER SERVICE SHREVEPORT LA
821 AM CST FRI DEC 27 2013

TXC423-499-271451-
/O.CAN.KSHV.FL.W.0025.000000T0000Z-131228T0400Z/
/MLAT2.1.ER.131222T0925Z.131224T1300Z.131227T0345Z.NO/
821 AM CST FRI DEC 27 2013

THE FLOOD WARNING IS CANCELLED FOR
  THE SABINE RIVER NEAR MINEOLA TEXAS.
* AT 715 AM FRIDAY THE STAGE WAS 12.9 FEET. 
* FELL BELOW FLOOD STAGE AT 945 PM THURSDAY.
* FLOOD STAGE IS 14 FEET. 
* FORECAST...THE RIVER WILL CONTINUE TO FALL TO 10.8 FEET BY SATURDAY
  MORNING.",,Smith; Wood,2013-12-27,14:21:42,flsshv flood statement national weather service shreveport la 821 am cst fri dec 27 2013 txc423-499-271451- /o.can.kshv.fl.w.0025.000000t0000z-131228t0400z/ /mlat2.1.er.131222t0925z.131224t1300z.131227t0345z.no/ 821 am cst fri dec 27 2013 the flood warning is cancelled for the sabine river near mineola texas. * at 715 am friday the stage was 12.9 feet. * fell below flood stage at 945 pm thursday. * flood stage is 14 feet. * forecast...the river will continue to fall to 10.8 feet by saturday morning.,[],"['715 am friday', '945 pm thursday']",[],[],"['sabine river', 'mineola texas']",[],"['stage', 'stage', '14 feet']","['can', 'will']",[],[]
NWS-IDP-PROD-4253822,2020-06-04T22:25:00.000Z,Actual,Alert,NWS State College PA,Special Weather Statement,['Execute'],Expected,Moderate,Observed,Special Weather Statement issued June 4 at 6:25PM EDT by NWS State College PA,"At 624 PM EDT, Doppler radar indicated a strong thunderstorm near
Allensville, moving northeast at 35 mph.

Wind gusts 40 to 50 mph and penny size hail are possible.

Locations impacted include...
Lewistown, Burnham, Belleville, Milroy, Highland Park, Yeagertown,
Strodes Mills, Reedsville, Juniata Terrace, Allensville, Mexico,
Alfarata, Reeds Gap State Park, Mcalevys Fort, Belltown, Walnut,
Seven Mountains, Mifflintown, Port Royal and Thompsontown.","Torrential rainfall is also occurring with this storm, and may lead
to localized flooding. Do not drive your vehicle through flooded
roadways.

If on or near an area lake, get off of the water and move indoors or
inside a vehicle. Remember, lightning can strike out to 10 miles
from the parent thunderstorm. If you can hear thunder, you are close
enough to be struck by lightning. Move to safe shelter now! Do not
be caught on the water in a thunderstorm.",Mifflin; Juniata; Huntingdon,2020-06-04,22:25:00,"at 624 pm edt, doppler radar indicated a strong thunderstorm near allensville, moving northeast at 35 mph. wind gusts 40 to 50 mph and penny size hail are possible. locations impacted include... lewistown, burnham, belleville, milroy, highland park, yeagertown, strodes mills, reedsville, juniata terrace, allensville, mexico, alfarata, reeds gap state park, mcalevys fort, belltown, walnut, seven mountains, mifflintown, port royal and thompsontown.",[],['at 624 pm edt'],[],[],"['allensville', 'lewistown', 'burnham', 'belleville', 'milroy', 'highland park', 'yeagertown', 'strodes mills', 'reedsville', 'juniata terrace', 'allensville', 'mexico', 'alfarata', 'reeds gap state park', 'mcalevys fort', 'belltown', 'walnut', 'seven mountains', 'mifflintown', 'port royal', 'thompsontown']","['35 mph', 'wind gusts 40 to 50 mph']",[],"['possible', 'indicate']",[],['penny size hail']
NWS-130404-686605,2013-12-29T21:06:40.000Z,Actual,Alert,NWS Binghamton NY,Special Weather Statement,['Execute'],Expected,Moderate,Observed,Special Weather Statement issued December 29 at 4:06PM EST by NWS Binghamton NY,"A MIX OF RAIN AND SNOW CONTINUES TO FALL ACROSS A WIDE AREA OF
SOUTH CENTRAL NEW YORK, THE CATSKILLS AND THE NORTHERN TIER OF
EASTERN PENNSYLVANIA LATE THIS AFTERNOON. TEMPERATURES WERE
HOVERING BETWEEN 31 DEGREES AND 35 DEGREES AND MANY ROAD SURFACES
WERE ACTUALLY AT OR BELOW FREEZING. THE MIXED RAIN AND SNOW HAS
CAUSED NUMEROUS SLIPPERY SPOTS ON ROADWAYS AND WAS LEADING TO
MANY ACCIDENTS.

THE RAIN AND SNOW WILL TURN TO ALL SNOW BY EARLY EVENING WITH 1 TO
3 INCHES OF SNOW POSSIBLE BEFORE THE SNOW ENDS LATE IN THE
EVENING. IN DELAWARE AND OTSEGO COUNTIES, SNOW ACCUMULATIONS WILL
RANGE FROM 2 TO 5 INCHES. THE HIGHER TERRAIN WILL SEE THE MOST
SNOW AND THE MOST SLIPPERY CONDITIONS INTO THIS EVENING BUT THERE
WERE REPORTS OF SLIPPERY CONDITIONS EVEN IN SOME VALLEYS.

MOTORISTS SHOULD BE PREPARED FOR SLIPPERY ROADS AND SLOW DOWN.
ALLOW EXTRA TIME TO REACH YOUR DESTINATION. DO NOT ASSUME THE
ROADS ARE JUST WET AS PATCHY ICE IS PRESENT IN MANY AREAS. THIS
IS THE MAIN CAUSE OF ACCIDENTS.

LISTEN TO NOAA WEATHER RADIO OR YOUR LOCAL MEDIA FOR THE LATEST
UPDATES ON THIS SITUATION. YOU COULD ALSO VISIT OUR WEBSITE AT
HTTP://WEATHER.GOV/BGM",,Otsego; Sullivan; Wayne; Broome; Chemung; Cortland; Chenango; Delaware; Schuyler; Steuben; Tioga; Tompkins; Bradford; Susquehanna,2013-12-29,21:06:40,"a mix of rain and snow continues to fall across a wide area of south central new york, the catskills and the northern tier of eastern pennsylvania late this afternoon. temperatures were hovering between 31 degrees and 35 degrees and many road surfaces were actually at or below freezing. the mixed rain and snow has caused numerous slippery spots on roadways and was leading to many accidents. the rain and snow will turn to all snow by early evening with 1 to 3 inches of snow possible before the snow ends late in the evening. in delaware and otsego counties, snow accumulations will range from 2 to 5 inches. the higher terrain will see the most snow and the most slippery conditions into this evening but there were reports of slippery conditions even in some valleys. motorists should be prepared for slippery roads and slow down. allow extra time to reach your destination. do not assume the roads are just wet as patchy ice is present in many areas. this is the main cause of accidents. listen to noaa weather radio or your local media for the latest updates on this situation. you could also visit our website at http://weather.gov/bgm",[],"['late this afternoon', 'early evening', 'late in the evening', 'into this evening']",[],[],"['south central new york', 'the catskills', 'northern tier of eastern pennsylvania', 'in delaware and otsego counties', 'the higher terrain']",[],['2 to 5 inches'],"['most', 'some', 'actually', 'assume', 'could', 'should', 'possible', 'will', 'many']","['motorists should be prepared for slippery roads and slow down', 'allow extra time to reach your destination']",['this is the main cause of accidents']
NWS-130404-694601-481177,2014-01-03T17:07:16.000Z,Actual,Update,NWS Grand Forks ND,Blizzard Watch,['Prepare'],Future,Extreme,Possible,Blizzard Watch issued January 3 at 11:06AM CST expiring January 4 at 12:00PM CST by NWS Grand Forks ND,"...BLIZZARD CONDITIONS WILL DEVELOP LATE THIS AFTERNOON THROUGH
THE OVERNIGHT HOURS IN THE VALLEY...

 .LOW PRESSURE WILL TRACK FROM NEAR REGINA TO GRAND FORKS BY LATE
THIS AFTERNOON AND THEN TOWARD DULUTH TONIGHT. SNOW WILL CONTINUE
TO SPREAD ACROSS SOUTHERN CANADA AND INTO THE LAKE OF THE WOODS
REGION TODAY AND CONTINUE TONIGHT WITH TOTAL SNOWFALL OF 3 TO
5 INCHES. SOUTH OF THE LOW TRACK FROM ALONG HIGHWAY TWO AND
SOUTHWARD LITTLE TO NO PRECIPITATION WILL FALL THIS MORNING WITH
A CHANCE FOR SOME LIGHT MIXED FREEZING RAIN...SLEET OR LIGHT SNOW
DEVELOPING BY MID TO LATE AFTERNOON.

AS THE SURFACE LOW MOVES EAST OF GRAND FORKS THIS EVENING...NORTH
TO NORTHWEST WINDS WILL INCREASE TO 30 TO 45 MPH CAUSING BLIZZARD
CONDITIONS TO DEVELOP. THESE WINDS WILL FIRST IMPACT THE FAR
NORTHERN RED RIVER VALLEY INTO THE DEVILS LAKE BASIN BETWEEN
3 AND 6 PM TODAY AND THEN CONTINUE TONIGHT. FARTHER SOUTH THE
STRONG WINDS AND BLIZZARD CONDITIONS WILL NOT DEVELOP UNTIL AFTER
7 PM. 

THE HIGHEST WINDS AND WORST BLOWING SNOW WILL SUBSIDE SATURDAY
MORNING. TEMPERATURES WILL SLOWLY FALL SATURDAY...WITH A LARGER
COLD AIRMASS TO DROP IN SATURDAY NIGHT-SUNDAY AND INTO EARLY NEXT
WEEK. UNLIKE THE LAST COLD AIR OUTBREAK...WINDS WILL REMAIN A
FACTOR AND CREATE A DANGEROUSLY LOW WIND CHILL VALUE OF 40 TO
60 BELOW ZERO SUNDAY INTO MONDAY.THE NATIONAL WEATHER SERVICE IN GRAND FORKS HAS ISSUED A BLIZZARD
WARNING...WHICH IS IN EFFECT FROM 7 PM THIS EVENING TO 9 AM CST
SATURDAY. THE BLIZZARD WATCH IS NO LONGER IN EFFECT. 

* TIMING...BLIZZARD CONDITIONS WILL DEVELOP IN THE GRAND FORKS
  REGION BETWEEN 7 PM AND 9 PM THIS EVENING.

* WINDS/VISIBILITY...WINDS WILL BECOME NORTH-NORTHWEST AT 30 TO 45
  MPH WITH GUSTS TO 50 MPH BY 9 PM CONTINUE THROUGH EARLY SATURDAY
  MORNING CAUSING WHITEOUT CONDITIONS IN OPEN COUNTRY.

* SNOW ACCUMULATIONS...ONE TO TWO INCHES OF SNOW CAN BE EXPECTED
  TONIGHT...ALTHOUGH A PERIOD OF SLEET AND FREEZING RAIN THIS
  AFTERNOON INTO EARLY EVENING COULD CAUSE EXTREMELY ICY
  CONDITIONS BEFORE BLIZZARD CONDITIONS DEVELOP.

* OTHER IMPACTS...FOR THIS AFTERNOON THERE IS A RISK OF SOME 
  LIGHT FREEZING RAIN OR SLEET AND VERY ICY ROADS. 

* OTHER IMPACTS...BE PREPARED FOR POTENTIAL LIFE THREATENING WIND
  CHILLS FROM 40 TO 60 BELOW LATER ON SATURDAY THROUGH EARLY NEXT
  WEEK.","A BLIZZARD WARNING MEANS SEVERE WINTER WEATHER CONDITIONS ARE
EXPECTED OR OCCURRING. FALLING AND BLOWING SNOW WITH STRONG WINDS
AND POOR VISIBILITIES ARE LIKELY. THIS WILL LEAD TO WHITEOUT
CONDITIONS...MAKING TRAVEL EXTREMELY DANGEROUS. DO NOT TRAVEL. IF
YOU MUST TRAVEL...HAVE A WINTER SURVIVAL KIT WITH YOU. IF YOU GET
STRANDED...STAY WITH YOUR VEHICLE.

",Polk; Grand Forks; Griggs; Steele; Norman; Nelson; Eddy; Traill,2014-01-03,17:07:16,...blizzard conditions will develop late this afternoon through the overnight hours in the valley... .low pressure will track from near regina to grand forks by late this afternoon and then toward duluth tonight. snow will continue to spread across southern canada and into the lake of the woods region today and continue tonight with total snowfall of 3 to 5 inches. south of the low track from along highway two and southward little to no precipitation will fall this morning with a chance for some light mixed freezing rain...sleet or light snow developing by mid to late afternoon. as the surface low moves east of grand forks this evening...north to northwest winds will increase to 30 to 45 mph causing blizzard conditions to develop. these winds will first impact the far northern red river valley into the devils lake basin between 3 and 6 pm today and then continue tonight. farther south the strong winds and blizzard conditions will not develop until after 7 pm. the highest winds and worst blowing snow will subside saturday morning. temperatures will slowly fall saturday...with a larger cold airmass to drop in saturday night-sunday and into early next week. unlike the last cold air outbreak...winds will remain a factor and create a dangerously low wind chill value of 40 to 60 below zero sunday into monday.the national weather service in grand forks has issued a blizzard warning...which is in effect from 7 pm this evening to 9 am cst saturday. the blizzard watch is no longer in effect. * timing...blizzard conditions will develop in the grand forks region between 7 pm and 9 pm this evening. * winds/visibility...winds will become north-northwest at 30 to 45 mph with gusts to 50 mph by 9 pm continue through early saturday morning causing whiteout conditions in open country. * snow accumulations...one to two inches of snow can be expected tonight...although a period of sleet and freezing rain this afternoon into early evening could cause extremely icy conditions before blizzard conditions develop. * other impacts...for this afternoon there is a risk of some light freezing rain or sleet and very icy roads. * other impacts...be prepared for potential life threatening wind chills from 40 to 60 below later on saturday through early next week.,"['blizzard warning', 'blizzard watch']","['late this afternoon', 'late this afternoon', 'saturday morning']",[],[],"['regina', 'grand forks', 'duluth', 'southern canada', 'lake of the woods region', 'grand forks', 'far northern red river valley', 'devils lake basin', 'grand forks', 'grand forks', 'open country']","['30 to 45 mph', '30 to 45   mph']",['3 to 5 inches'],"['expect', 'some', 'like', 'could', 'read', 'little', 'can', 'will']",[],[]
NWS-IDP-PROD-4253734-3585251,2020-06-04T21:55:00.000Z,Actual,Update,NWS Pittsburgh PA,Severe Thunderstorm Warning,['Shelter'],Immediate,Severe,Observed,Severe Thunderstorm Warning issued June 4 at 5:55PM EDT until June 4 at 6:00PM EDT by NWS Pittsburgh PA,"The storms which prompted the warning have weakened below severe
limits, and no longer pose an immediate threat to life or property.
Therefore, the warning will be allowed to expire.  However gusty
winds and heavy rain are still possible with these thunderstorms.

A Severe Thunderstorm Watch remains in effect until 800 PM EDT for
southwestern and west central Pennsylvania.",,"Indiana, PA; Armstrong, PA; Allegheny, PA; Washington, PA; Fayette, PA; Westmoreland, PA",2020-06-04,21:55:00,"the storms which prompted the warning have weakened below severe limits, and no longer pose an immediate threat to life or property. therefore, the warning will be allowed to expire. however gusty winds and heavy rain are still possible with these thunderstorms. a severe thunderstorm watch remains in effect until 800 pm edt for southwestern and west central pennsylvania.","['the storms which prompted the warning', 'a severe thunderstorm watch']",['800 pm edt'],[],[],['southwestern and west central pennsylvania'],['severe limits'],[],"['possible', 'will']",[],[]
NWS-IDP-PROD-4258683,2020-06-06T19:45:00.000Z,Actual,Alert,NWS Baltimore MD/Washington DC,Marine Weather Statement,['Monitor'],Expected,Minor,Observed,Marine Weather Statement issued June 6 at 3:45PM EDT by NWS Baltimore MD/Washington DC,"The areas affected include...
Chesapeake Bay from North Beach to Drum Point MD...
Chesapeake Bay from Sandy Point to North Beach MD...
Choptank River to Cambridge MD and the Little Choptank River...

At 344 PM EDT, Doppler radar indicated a strong thunderstorm, capable
of producing winds to around 30 knots. This thunderstorm was located
7 nm northeast of National Harbor, moving southeast at 25 knots.","This a strong thunderstorm will likely produce winds to around 30
knots, and could pose a serious hazard for boaters. A special marine
warning may eventually be required when this storm reaches the
nearshore waters. Boaters should consider heading for shore before
the storm arrives.",Chesapeake Bay from Sandy Point to North Beach MD; Chesapeake Bay from North Beach to Drum Point MD; Choptank River to Cambridge MD and the Little Choptank River,2020-06-06,19:45:00,"the areas affected include... chesapeake bay from north beach to drum point md... chesapeake bay from sandy point to north beach md... choptank river to cambridge md and the little choptank river... at 344 pm edt, doppler radar indicated a strong thunderstorm, capable of producing winds to around 30 knots. this thunderstorm was located 7 nm northeast of national harbor, moving southeast at 25 knots.",[],['344 pm edt'],[],[],"['chesapeake bay', 'north beach to drum point md', 'chesapeake bay', 'north beach', 'choptank river', 'cambridge md', 'little choptank river', 'national harbor']","['around 30 knots', '25 knots']",[],"['little', 'around', 'indicate']",[],[]
NWS-130404-680018-471014,2013-12-25T00:20:03.000Z,Actual,Update,NWS Gaylord MI,Winter Weather Advisory,['Execute'],Expected,Moderate,Likely,Winter Weather Advisory issued December 24 at 7:19PM EST expiring December 25 at 1:00PM EST by NWS Gaylord MI,"A WINTER WEATHER ADVISORY REMAINS IN EFFECT FROM 1 AM TO 1 PM EST
WEDNESDAY. 

HAZARDOUS WEATHER...

 * SNOW WILL DEVELOP AND INCREASE IN INTENSITY AFTER 2 AM... 
   CONTINUING THROUGH CHRISTMAS MORNING. PERIODS OF HEAVY SNOW 
   ARE ANTICIPATED OVER FAR WESTERN CHIPPEWA COUNTY...GENERALLY 
   WEST OF M-123...WHERE SNOW WILL BE GREATLY ENHANCED OFF LAKE 
   MICHIGAN. 

 * GUSTY SOUTH WINDS UP TO 25 MPH WILL ALSO RESULT IN BLOWING 
   AND DRIFTING SNOW...AS WELL AS POOR VISIBILITY. 

 * STORM TOTAL ACCUMULATION: 4 TO LOCALLY 8 INCHES IN FAR 
   WESTERN CHIPPEWA COUNTY...WEST OF M-123. ACCUMULATIONS EAST 
   OF M-123 WILL ONLY BE 2 TO 4 INCHES. 

IMPACTS...

 * HAZARDOUS DRIVING CONDITIONS WITH SNOW COVERED AND SLIPPERY 
   ROADS...ALONG WITH SIGNIFICANT REDUCTIONS IN VISIBILITY."," * WE WELCOME YOUR SNOWFALL REPORTS ANYTIME AT 1-800-647-8676 OR 
   ONLINE VIA FACEBOOK AND TWITTER.

* A WINTER WEATHER ADVISORY MEANS A COMBINATION OF SNOW AND 
   BLOWING SNOW IS EXPECTED. THIS WILL RESULT IN SLICK TRAVEL 
   CONDITIONS. 

",Chippewa,2013-12-25,00:20:03,a winter weather advisory remains in effect from 1 am to 1 pm est wednesday. hazardous weather... * snow will develop and increase in intensity after 2 am... continuing through christmas morning. periods of heavy snow are anticipated over far western chippewa county...generally west of m-123...where snow will be greatly enhanced off lake michigan. * gusty south winds up to 25 mph will also result in blowing and drifting snow...as well as poor visibility. * storm total accumulation: 4 to locally 8 inches in far western chippewa county...west of m-123. accumulations east of m-123 will only be 2 to 4 inches. impacts... * hazardous driving conditions with snow covered and slippery roads...along with significant reductions in visibility.,['winter weather advisory'],"['1 am to 1 pm est wednesday', '2 am', 'christmas morning']",[],[],"['far western chippewa county', 'generally     west of m-123', 'lake     michigan', 'far     western chippewa county', 'west of m-123']",['up to 25 mph'],['4 to locally 8 inches'],"['generally', 'can', 'will']",[],['impacts']
NWS-IDP-PROD-4259793-3589313,2020-06-07T01:43:00.000Z,Actual,Update,NWS Memphis TN,Flood Advisory,['Avoid'],Expected,Minor,Observed,Flood Advisory issued June 6 at 8:43PM CDT until June 8 at 7:00PM CDT by NWS Memphis TN,"...The Flood Advisory continues for the following river in
Mississippi...Tennessee...Arkansas...

Mississippi River at Memphis

The Flood Advisory continues for
the Mississippi River at Memphis.
* Until Monday evening.
* At 8:00 PM CDT Saturday the stage was 28.8 feet and falling.
* Action stage is 28.0 feet.
* Flood stage is 34.0 feet.
* Forecast...The river is expected to continue falling.
* Impact...At 29.0 feet, In Arkansas. the evacuation route from
camps south of Hopefield Chute is cut off. Water is lapping at the
levee near Sulcer Road west of South Lake. River is touching the
levee at Blue Lake.","A Flood Advisory means river or stream flows are elevated, or
ponding of water in urban or other areas is occurring or is imminent.

Additional information is available at weather.gov/memphis.

The next statement will be issued as conditions warrant.","DeSoto, MS; Crittenden, AR; Shelby, TN",2020-06-07,01:43:00,"...the flood advisory continues for the following river in mississippi...tennessee...arkansas... mississippi river at memphis the flood advisory continues for the mississippi river at memphis. * until monday evening. * at 8:00 pm cdt saturday the stage was 28.8 feet and falling. * action stage is 28.0 feet. * flood stage is 34.0 feet. * forecast...the river is expected to continue falling. * impact...at 29.0 feet, in arkansas. the evacuation route from camps south of hopefield chute is cut off. water is lapping at the levee near sulcer road west of south lake. river is touching the levee at blue lake.",[],['8:00 pm cdt saturday'],['until monday evening'],[],"['mississippi', 'tennessee', 'arkansas', 'mississippi', 'memphis', 'mississippi river at memphis', 'arkansas', 'camps south of hopefield chute', 'blue lake']",[],"['action stage', '28.0 feet', 'flood stage', '34.0 feet']",['expect'],[],['impact']
NWS-130404-694479,2014-01-03T15:52:23.000Z,Actual,Alert,NWS Wichita KS,Extreme Fire Danger,['Prepare'],Expected,Moderate,Likely,Extreme Fire Danger issued January 3 at 9:50AM CST by NWS Wichita KS,"THE GFDI DOES NOT ACCOUNT FOR PRECIPITATION THAT OCCURS WITHIN
THE HOUR PRECEDING ANY GIVEN FORECAST HOUR BELOW OR ANY SNOW ON
THE GROUND AT THE FORECAST HOUR. PLEASE MAKE APPROPRIATE ADJUSTMENTS.(ALL TIME REFERENCES ARE IN CST)

DAY/DATE      24HR INDEX   *  MID  3AM  6AM  9AM NOON  3PM  6PM  9PM
FRI JAN 03  HIGH       13  *                  M    H    H    M    M  
SAT JAN 04  MODERATE    4  *   M    L    L    L    L    M    L    L  
SUN JAN 05  LOW         2  *   L    L    L    L    L    L    L    L  
MON JAN 06  LOW         2  *   L    L    L    L    L    L    L    L  
TUE JAN 07  LOW         2  *   L    L    L    L    L    L    L    L  
WED JAN 08  LOW         2  *   L    L    L    L    L    L    L    L",,Greenwood,2014-01-03,15:52:23,the gfdi does not account for precipitation that occurs within the hour preceding any given forecast hour below or any snow on the ground at the forecast hour. please make appropriate adjustments.(all time references are in cst) day/date 24hr index * mid 3am 6am 9am noon 3pm 6pm 9pm fri jan 03 high 13 * m h h m m sat jan 04 moderate 4 * m l l l l m l l sun jan 05 low 2 * l l l l l l l l mon jan 06 low 2 * l l l l l l l l tue jan 07 low 2 * l l l l l l l l wed jan 08 low 2 * l l l l l l l l,[],"['mid', 'noon']",[],[],[],"['high', 'moderate']",[],[],[],[]
NWS-IDP-PROD-4258272-3588302,2020-06-06T16:24:00.000Z,Actual,Alert,NWS Boston/Norton MA,Severe Thunderstorm Watch,['Monitor'],Future,Severe,Possible,Severe Thunderstorm Watch issued June 6 at 12:24PM EDT until June 6 at 8:00PM EDT by NWS Boston/Norton MA,"THE NATIONAL WEATHER SERVICE HAS ISSUED SEVERE THUNDERSTORM WATCH
261 IN EFFECT UNTIL 8 PM EDT THIS EVENING FOR THE FOLLOWING AREAS

THIS WATCH INCLUDES THE FOLLOWING ADJACENT COASTAL WATERS

BOSTON HARBOR         MASSACHUSETTS BAY AND IPSWICH BAY",,Boston Harbor; Massachusetts Bay and Ipswich Bay,2020-06-06,16:24:00,the national weather service has issued severe thunderstorm watch 261 in effect until 8 pm edt this evening for the following areas this watch includes the following adjacent coastal waters boston harbor massachusetts bay and ipswich bay,['severe thunderstorm watch'],['8 pm edt this evening'],[],[],"['adjacent coastal waters boston harbor', 'massachusetts bay', 'ipswich bay']",[],[],[],[],[]
NWS-130404-685989,2013-12-29T12:27:50.000Z,Actual,Alert,NWS Jacksonville FL,Special Weather Statement,['Execute'],Expected,Moderate,Observed,Special Weather Statement issued December 29 at 7:27AM EST by NWS Jacksonville FL,"NORTHEASTERN NASSAU...EASTERN GLYNN AND EXTREME SOUTHERN MCINTOSH
COUNTIES FOR STRONG WINDS VALID UNTIL 800 AM EST...

AT 727 AM EST NATIONAL WEATHER SERVICE DOPPLER RADAR INDICATED STRONG
THUNDERSTORMS CENTERED ALONG A LINE EXTENDING FROM DOCK JUNCTION TO 3
MILES SOUTH OF KINGS FERRY...MOVING EAST AT 30 MPH. THESE STRONG
THUNDERSTORMS WILL ALSO AFFECT AREAS AROUND KINGS FERRY...WOODBINE...
DOCK JUNCTION...COLESBURG...BOYS ESTATE...COUNTRY CLUB ESTATES...
KINGSLAND...DOVER BLUFF...BRUNSWICK AND ST. SIMONS THROUGH 800 AM
EST. GUSTY WINDS OF 40 TO 50 MPH CAN BE EXPECTED ALONG WITH POSSIBLE
MINOR WIND DAMAGE.

REPORT DAMAGE TO THE NEAREST LAW ENFORCEMENT AGENCY OR YOUR COUNTY
EMERGENCY MANAGEMENT.",,Camden; Nassau; Glynn; McIntosh,2013-12-29,12:27:50,northeastern nassau...eastern glynn and extreme southern mcintosh counties for strong winds valid until 800 am est... at 727 am est national weather service doppler radar indicated strong thunderstorms centered along a line extending from dock junction to 3 miles south of kings ferry...moving east at 30 mph. these strong thunderstorms will also affect areas around kings ferry...woodbine... dock junction...colesburg...boys estate...country club estates... kingsland...dover bluff...brunswick and st. simons through 800 am est. gusty winds of 40 to 50 mph can be expected along with possible minor wind damage. report damage to the nearest law enforcement agency or your county emergency management.,[],"['727 am est', '800 am est']",['valid until 800 am est'],[],"['northeastern nassau', 'eastern glynn', 'extreme southern mcintosh counties', 'dock junction', 'kings ferry', 'kings ferry', 'woodbine', 'dock junction', 'colesburg', 'boys estate', 'country club estates', 'kingsland', 'dover bluff', 'brunswick', 'st. simons']",['40 to 50 mph'],[],"['expect', 'possible', 'around', 'can', 'tend', 'indicate', 'will']",[],['possible minor wind damage']
NWS-IDP-PROD-4253994-3585423,2020-06-04T23:30:00.000Z,Actual,Update,NWS Memphis TN,Severe Thunderstorm Warning,['Shelter'],Immediate,Severe,Observed,Severe Thunderstorm Warning issued June 4 at 6:30PM CDT until June 4 at 6:45PM CDT by NWS Memphis TN,"At 629 PM CDT, a severe thunderstorm was located near Mt Pleasant, or
8 miles east of Collierville, moving southeast at 15 mph.

HAZARD...60 mph wind gusts and quarter size hail.

SOURCE...Radar indicated.

IMPACT...Hail damage to vehicles is expected. Expect wind damage to
roofs, siding, and trees.

Locations impacted include...
Mt Pleasant, Slayden, Piperton, Rossville, Moscow, Taska, Cayce, Hays
Crossing and Early Grove.","For your protection move to an interior room on the lowest floor of a
building.","Marshall, MS; Fayette, TN",2020-06-04,23:30:00,"at 629 pm cdt, a severe thunderstorm was located near mt pleasant, or 8 miles east of collierville, moving southeast at 15 mph. hazard...60 mph wind gusts and quarter size hail. source...radar indicated. impact...hail damage to vehicles is expected. expect wind damage to roofs, siding, and trees. locations impacted include... mt pleasant, slayden, piperton, rossville, moscow, taska, cayce, hays crossing and early grove.",['radar indicated'],['629 pm cdt'],[],[],"['mt pleasant', 'collierville', 'mt pleasant', 'slayden', 'piperton', 'rossville', 'moscow', 'taska', 'cayce', 'hays crossing', 'early grove']","['15 mph', '60 mph']",[],"['expect', 'indicate']",[],['hail damage to vehicles']
NWS-IDP-PROD-4253747-3585257,2020-06-04T22:00:00.000Z,Actual,Alert,NWS State College PA,Flood Advisory,['Avoid'],Expected,Minor,Likely,Flood Advisory issued June 4 at 6:00PM EDT until June 4 at 8:00PM EDT by NWS State College PA,"The National Weather Service in State College PA has issued a

* Flood Advisory for...
Southern Franklin County in south central Pennsylvania...

* Until 800 PM EDT.

* At 559 PM EDT, Doppler radar indicated heavy rain due to
thunderstorms. A severe weather spotter also reported street
flooding in Greenecastle. Up to one inch of rain has already
fallen.

* Some locations that will experience flooding include...
Chambersburg, Waynesboro, Greencastle, Guilford, St. Thomas,
Fayetteville, Wayne Heights, Mont Alto, Mercersburg, Rouzerville,
Marion, Fort Loudon, Claylick, State Line, Quincy, Williamson,
Upton, Whitetail Ski Area and Penn State Mont Alto.

Additional rainfall of an inch or more is expected over the area.
This additional rain will result in minor flooding.","Turn around, don't drown when encountering flooded roads. Most flood
deaths occur in vehicles.

A Flood Advisory means river or stream flows are elevated, or ponding
of water in urban or other areas is occurring or is imminent.","Franklin, PA",2020-06-04,22:00:00,"the national weather service in state college pa has issued a * flood advisory for... southern franklin county in south central pennsylvania... * until 800 pm edt. * at 559 pm edt, doppler radar indicated heavy rain due to thunderstorms. a severe weather spotter also reported street flooding in greenecastle. up to one inch of rain has already fallen. * some locations that will experience flooding include... chambersburg, waynesboro, greencastle, guilford, st. thomas, fayetteville, wayne heights, mont alto, mercersburg, rouzerville, marion, fort loudon, claylick, state line, quincy, williamson, upton, whitetail ski area and penn state mont alto. additional rainfall of an inch or more is expected over the area. this additional rain will result in minor flooding.",[],['559 pm edt'],['until 800 pm edt'],[],"['state college pa', 'southern franklin county', 'south central pennsylvania', 'greenecastle', 'chambersburg', 'waynesboro', 'greencastle', 'guilford', 'st. thomas', 'fayetteville', 'wayne heights', 'mont alto', 'mercersburg', 'rouzerville', 'marion', 'fort loudon', 'claylick', 'state line', 'quincy', 'williamson', 'upton', 'whitetail ski area', 'mont alto']",['heavy rain'],[],"['expect', 'some', 'read', 'indicate', 'will']",[],[]
NWS-IDP-PROD-4257122-3587556,2020-06-06T02:06:00.000Z,Actual,Alert,NWS Melbourne FL,Flood Advisory,['Avoid'],Expected,Minor,Likely,Flood Advisory issued June 5 at 10:06PM EDT until June 6 at 6:00AM EDT by NWS Melbourne FL,"The National Weather Service in Melbourne has issued a

* Flood Advisory for...
Eastern Martin County in east central Florida...

* Until 600 AM EDT Saturday.

* At 1006 PM EDT, Martin county Emergency Management reports
extensive road flooding after the heavy rains earlier today in
eastern Martin county, including the Hobe Sound area. Water levels
will be slow to recede and remain high overnight keeping many
roads inundated. Driving is not advised.

Some locations that will experience flooding include...
Stuart, Hobe Sound, Port Salerno, Palm City, Sewall's Point.","A Flood Advisory means river or stream flows are elevated, or
ponding of water in urban or other areas is occurring or is imminent.

Turn around, don't drown when encountering flooded roads. Most flood
deaths occur in vehicles.","Martin, FL",2020-06-06,02:06:00,"the national weather service in melbourne has issued a * flood advisory for... eastern martin county in east central florida... * until 600 am edt saturday. * at 1006 pm edt, martin county emergency management reports extensive road flooding after the heavy rains earlier today in eastern martin county, including the hobe sound area. water levels will be slow to recede and remain high overnight keeping many roads inundated. driving is not advised. some locations that will experience flooding include... stuart, hobe sound, port salerno, palm city, sewall's point.",['flood advisory'],"['1006 pm edt', 'earlier today']",['until 600 am edt saturday'],[],"['melbourne', 'eastern martin county', 'east central florida', 'eastern martin county', 'hobe sound', 'stuart', 'hobe sound', 'port salerno', 'palm city', ""sewall's point""]",[],['water levels'],"['some', 'will', 'many']",['driving is not advised'],[]
NWS-IDP-PROD-4257714-3587910,2020-06-06T09:42:00.000Z,Actual,Alert,NWS San Francisco CA,Small Craft Advisory,['Avoid'],Expected,Minor,Likely,Small Craft Advisory issued June 6 at 2:42AM PDT until June 7 at 9:00AM PDT by NWS San Francisco CA,"* WHAT...Northwest winds 15 to 25 kt with gusts up to 30 kt
expected.

* WHERE...Coastal Waters from Pigeon Point to Point Pinos
California out to 10 nm.

* WHEN...From noon today to 9 AM PDT Sunday.

* IMPACTS...Conditions will be hazardous to small craft.","Inexperienced mariners, especially those operating smaller
vessels, should avoid navigating in hazardous conditions.",Coastal Waters from Pigeon Point to Point Pinos California out to 10 nm,2020-06-06,09:42:00,* what...northwest winds 15 to 25 kt with gusts up to 30 kt expected. * where...coastal waters from pigeon point to point pinos california out to 10 nm. * when...from noon today to 9 am pdt sunday. * impacts...conditions will be hazardous to small craft.,[],"['noon today', '9 am pdt sunday']",[],[],['coastal waters from pigeon point to point pinos california'],"['15 to 25 kt', 'up to 30 kt']",['out to 10 nm'],"['expect', 'will']",['conditions will be hazardous to small craft'],['impacts']
NWS-IDP-PROD-4264369-3592625,2020-06-09T01:54:00.000Z,Actual,Update,NWS Grand Forks ND,Severe Thunderstorm Warning,['Shelter'],Immediate,Severe,Observed,Severe Thunderstorm Warning issued June 8 at 8:54PM CDT until June 8 at 9:30PM CDT by NWS Grand Forks ND,"At 853 PM CDT, a severe thunderstorm was located 7 miles northeast of
Norris Camp, or 32 miles east of Roseau, moving northeast at 40 mph.

HAZARD...Golf ball size hail.

SOURCE...Trained weather spotters.

IMPACT...People and animals outdoors will be injured. Expect damage
to roofs, siding, windows, and vehicles.

This severe storm will be near...
Williams around 910 PM CDT.
Graceton around 915 PM CDT.
Pitt and Zippel Bay State Park around 925 PM CDT.
Wheelers Point around 930 PM CDT.","For your protection move to an interior room on the lowest floor of a
building.","Lake of the Woods, MN",2020-06-09,01:54:00,"at 853 pm cdt, a severe thunderstorm was located 7 miles northeast of norris camp, or 32 miles east of roseau, moving northeast at 40 mph. hazard...golf ball size hail. source...trained weather spotters. impact...people and animals outdoors will be injured. expect damage to roofs, siding, windows, and vehicles. this severe storm will be near... williams around 910 pm cdt. graceton around 915 pm cdt. pitt and zippel bay state park around 925 pm cdt. wheelers point around 930 pm cdt.",[],"['853 pm cdt', 'around 910 pm cdt', 'around 915 pm cdt', 'around 925 pm cdt', 'around 930 pm cdt']",[],[],"['norris camp', 'roseau', 'williams', 'graceton', 'pitt and zippel bay state park', 'wheelers point']",['40 mph'],[],"['expect', 'around', 'will']","['expect damage to roofs, siding, windows, and vehicles']",[]
NWS-130404-687921-475738,2013-12-30T20:44:31.000Z,Actual,Update,NWS Marquette MI,Lake Effect Snow Watch,['Prepare'],Future,Extreme,Possible,Lake Effect Snow Watch issued December 30 at 3:43PM EST expiring December 31 at 7:00PM EST by NWS Marquette MI,"...MODERATE TO HEAVY LAKE EFFECT SNOW OVER NORTHEAST UPPER MICHIGAN
TONIGHT AND TUESDAY .WEST-NORTHWEST FLOW OF ARCTIC AIR ACROSS THE RELATIVELY WARM
WATERS OF LAKE SUPERIOR WILL CONTINUE TO PRODUCE LAKE EFFECT SNOW
SHOWERS INTO THIS EVENING. BUT AS A DISTURBANCE SLIDES THROUGH UPPER
MICHIGAN THIS EVENING...WINDS WILL SHIFT BACK TO THE NORTHWEST AND
LEAD TO MODERATE TO HEAVY SNOW OVER NORTHEAST UPPER MICHIGAN THROUGH
TUESDAY EVENING.

IN ADDITION...THE ARCTIC AIR WILL COMBINE WITH WEST TO NORTHWEST
WINDS OF 10 MPH OVER WESTERN UPPER MICHIGAN TO PRODUCE WIND CHILL
VALUES OF 25 TO 34 DEGREES BELOW ZERO TONIGHT THROUGH TUESDAY
MORNING.THE NATIONAL WEATHER SERVICE IN MARQUETTE HAS ISSUED A LAKE
EFFECT SNOW ADVISORY FOR LAKE EFFECT SNOW...WHICH IS IN EFFECT FROM
10 PM THIS EVENING TO 7 PM EST TUESDAY. THE LAKE EFFECT SNOW WATCH IS
NO LONGER IN EFFECT.

HAZARDOUS WEATHER...

 * LIGHT LAKE EFFECT SNOW SHOWERS WILL PUSH NORTH INTO SOUTHEAST LAKE
   SUPERIOR THIS EVENING. THEN...AS A SMALL LOW PRESSURE SYSTEM
   DEVELOPS OVER THE LAKE AND DROPS SOUTH LATE THIS EVENING...LAKE
   EFFECT SNOW WILL FALL MODERATE TO HEAVY AT TIMES THROUGH THE
   OVERNIGHT HOURS. THE LAKE EFFECT SNOW WILL TRANSITION TO NORTHWEST
   FAVORED LOCATIONS ON TUESDAY AND CONTINUE TO FALL MODERATELY.
   
 * THERE CONTINUES TO BE A LARGE AMOUNT OF UNCERTAINTY ON THE EXACT
   LOCATION OF THE STRONGEST BAND OF SNOW LATE THIS EVENING INTO THE
   OVERNIGHT HOURS TONIGHT. AT THIS TIME...IT APPEARS THAT IT WILL
   COME ONSHORE SOMEWHERE BETWEEN PICTURED ROCKS NATIONAL LAKESHORE
   AND DEER PARK.

 * LAKE EFFECT SNOW ACCUMULATIONS OF 4 TO 11 INCHES ARE EXPECTED LATE
   THIS EVENING THROUGH THE DAY ON TUESDAY FOR LOCATIONS EAST OF
   MUNISING. LOCALLY HIGHER AMOUNTS ARE POSSIBLE WHERE THE HEAVIEST
   BAND MOVES ON SHORE TONIGHT. SNOWFALL AMOUNTS WILL QUICKLY
   DIMINISH TO THE SOUTHWEST OF MUNISING.

IMPACTS...

 * ROADS WILL BECOME SNOW COVERED AND HAZARDOUS TONIGHT AND CONTINUE
   INTO TUESDAY.

 * VISIBILITIES WILL BE REDUCED BELOW A HALF MILE AT TIMES IN THE
   STRONGEST BAND OF SNOW TONIGHT INTO TUESDAY.","* A LAKE EFFECT SNOW ADVISORY MEANS LAKE EFFECT SNOW IS FORECAST
   THAT WILL MAKE TRAVEL DIFFICULT IN SOME AREAS.

 * PREPARE...PLAN...AND STAY INFORMED. VISIT WWW.WEATHER.GOV/MQT

",Luce; Alger,2013-12-30,20:44:31,...moderate to heavy lake effect snow over northeast upper michigan tonight and tuesday .west-northwest flow of arctic air across the relatively warm waters of lake superior will continue to produce lake effect snow showers into this evening. but as a disturbance slides through upper michigan this evening...winds will shift back to the northwest and lead to moderate to heavy snow over northeast upper michigan through tuesday evening. in addition...the arctic air will combine with west to northwest winds of 10 mph over western upper michigan to produce wind chill values of 25 to 34 degrees below zero tonight through tuesday morning.the national weather service in marquette has issued a lake effect snow advisory for lake effect snow...which is in effect from 10 pm this evening to 7 pm est tuesday. the lake effect snow watch is no longer in effect. hazardous weather... * light lake effect snow showers will push north into southeast lake superior this evening. then...as a small low pressure system develops over the lake and drops south late this evening...lake effect snow will fall moderate to heavy at times through the overnight hours. the lake effect snow will transition to northwest favored locations on tuesday and continue to fall moderately. * there continues to be a large amount of uncertainty on the exact location of the strongest band of snow late this evening into the overnight hours tonight. at this time...it appears that it will come onshore somewhere between pictured rocks national lakeshore and deer park. * lake effect snow accumulations of 4 to 11 inches are expected late this evening through the day on tuesday for locations east of munising. locally higher amounts are possible where the heaviest band moves on shore tonight. snowfall amounts will quickly diminish to the southwest of munising. impacts... * roads will become snow covered and hazardous tonight and continue into tuesday. * visibilities will be reduced below a half mile at times in the strongest band of snow tonight into tuesday.,"['lake effect snow advisory', 'lake effect snow watch']","['tonight', 'tuesday evening', '10 pm this evening', 'tonight']",[],[],"['northeast upper michigan', 'lake superior', 'northeast upper michigan', 'western upper michigan', 'marquette', 'lake    superior', 'deer park', 'locations east of    munising']","['moderate to heavy', 'moderate to heavy', 'moderate to heavy']",['lake effect snow accumulations of 4 to 11 inches'],"['expect', 'some', 'somewhere', 'appear', 'appears', 'possible', 'will', 'certain']",[],[]
NWS-130404-681463-471774,2013-12-25T22:24:42.000Z,Actual,Update,NWS Wilmington OH,Flood Statement,['Avoid'],Immediate,Severe,Observed,Flood Statement issued December 25 at 5:24PM EST expiring December 27 at 2:23AM EST by NWS Wilmington OH,"THE FLOOD WARNING CONTINUES FOR
  THE SCIOTO RIVER AT PIKETON
* UNTIL LATE THURSDAY NIGHT.
* AT 5 PM THE STAGE WAS 20.0 FEET.
* MINOR FLOODING IS FORECAST.
* FLOOD STAGE IS 20 FEET.
* THE RIVER WILL CONTINUE TO RISE AND CREST NEAR 21 FEET TOMORROW 
  MORNING, THEN FALL BELOW FLOOD STAGE TOMORROW EVENING.
* AT STAGES NEAR 21 FEET, SEVERAL ROADS NEAR THE SCIOTO ARE FLOODED...
  INCLUDING COUNTY ROADS ALONG CREEKS EMPTYING INTO THE SCIOTO RIVER. 
  OHIO ROUTE 220 AT RIVER ROAD IS FLOODED...SOUTH OF WAVERLY. SCIOTO AND
  CAMP CREEK TOWNSHIPS IN SOUTHERN PIKE COUNTY ARE MOST IMPACTED.
  

&&",,Pike; Scioto,2013-12-25,22:24:42,"the flood warning continues for the scioto river at piketon * until late thursday night. * at 5 pm the stage was 20.0 feet. * minor flooding is forecast. * flood stage is 20 feet. * the river will continue to rise and crest near 21 feet tomorrow morning, then fall below flood stage tomorrow evening. * at stages near 21 feet, several roads near the scioto are flooded... including county roads along creeks emptying into the scioto river. ohio route 220 at river road is flooded...south of waverly. scioto and camp creek townships in southern pike county are most impacted. &&",[],"['5 pm', 'tomorrow    morning', 'tomorrow evening']",['until late thursday night'],[],"['scioto river', 'piketon', 'scioto', 'county roads', 'scioto river', 'ohio route 220', 'river road', 'south of waverly', 'scioto']",[],"['stage', 'flood stage']","['most', 'several', 'will']",[],[]
NWS-130404-685338-473902,2013-12-29T02:10:33.000Z,Actual,Update,NWS Twin Cities/Chanhassen MN,Blizzard Warning,['Prepare'],Expected,Extreme,Likely,Blizzard Warning issued December 28 at 8:10PM CST expiring December 29 at 12:00PM CST by NWS Twin Cities/Chanhassen MN,"...BLIZZARD CONDITIONS ACROSS WEST CENTRAL MINNESOTA TONIGHT ALONG
WITH DANGEROUS WIND CHILLS DEVELOPING...

.A STRONG ARCTIC COLD FRONT HAD PUSHED INTO WEST CENTRAL MINNESOTA
THIS EVENING. NORTHWEST WINDS FROM 30 TO 45 MPH WERE BEING
OBSERVED IN THE WAKE OF THE FRONT. VISIBILITIES HAD ALSO LOWERED
TO UNDER A MILE IN SNOW AND BLOWING SNOW. FARTHER EAST...SOME LIGHT
FREEZING DRIZZLE HAD DEVELOPED ACROSS CENTRAL AND EAST CENTRAL 
MINNESOTA...TO THE WEST AND NORTH OF THE TWIN CITIES. THE ARCTIC
FRONT WILL SWEEP THROUGH ALL OF MINNESOTA AND WEST CENTRAL
WISCONSIN BY MIDNIGHT WITH THE FREEZING DRIZZLE TRANSITIONING TO
LIGHT SNOW. 

A BLIZZARD WARNING REMAINS IN EFFECT FOR WESTERN MINNESOTA...
MAINLY ALONG AND WEST OF THE MINNESOTA RIVER VALLEY...WHERE
NORTHWEST WINDS OF 30 TO 45 MPH WILL CONTINUE THROUGH THE EVENING
HOURS. ALTHOUGH LITTLE SNOWFALL IS EXPECTED...THESE WINDS WILL
CAUSE SIGNIFICANT BLOWING AND DRIFTING SNOW TO OCCUR. IN
ADDITION...TEMPERATURES WILL PLUMMET OVERNIGHT...WITH WIND CHILLS
OF 35 BELOW TO 45 DEGREES BELOW ZERO BY SUNDAY MORNING. THE
COMBINATION OF THESE WEATHER ELEMENTS WILL MAKE TRAVEL EXTREMELY
DANGEROUS FOR MOTORISTS CAUSING BLOWING AND DRIFTING SNOW. IN ADDITION... TEMPERATURES WILL
PLUMMET OVERNIGHT WITH WIND CHILLS 25 BELOW TO 35 BELOW ZERO BY
SUNDAY MORNING.A BLIZZARD WARNING REMAINS IN EFFECT UNTIL NOON CST SUNDAY. 

* TIMING: THROUGH SUNDAY MORNING.

* MAIN IMPACT: BLOWING SNOW AND LOW VISIBILITY WILL MAKE TRAVEL 
  DANGEROUS. SOME ROADS MAY BE IMPASSIBLE TONIGHT. 

* OTHER IMPACTS: WIND CHILL VALUES 35 BELOW TO 45 BELOW ZERO
  COULD CAUSE FROSTBITE IN MINUTES.","A BLIZZARD WARNING MEANS SEVERE WINTER WEATHER CONDITIONS ARE
EXPECTED. BLOWING SNOW WITH STRONG WINDS AND POOR VISIBILITIES
ARE LIKELY. THIS WILL LEAD TO WHITEOUT CONDITIONS...MAKING TRAVEL
EXTREMELY DANGEROUS. DO NOT TRAVEL. IF YOU MUST TRAVEL...HAVE A
WINTER SURVIVAL KIT WITH YOU. IF YOU GET STRANDED...STAY WITH
YOUR VEHICLE.

",Renville; Stevens; Kandiyohi; Pope; Douglas; Lac qui Parle; Brown; Chippewa; Redwood; Swift; Watonwan; Yellow Medicine,2013-12-29,02:10:33,...blizzard conditions across west central minnesota tonight along with dangerous wind chills developing... .a strong arctic cold front had pushed into west central minnesota this evening. northwest winds from 30 to 45 mph were being observed in the wake of the front. visibilities had also lowered to under a mile in snow and blowing snow. farther east...some light freezing drizzle had developed across central and east central minnesota...to the west and north of the twin cities. the arctic front will sweep through all of minnesota and west central wisconsin by midnight with the freezing drizzle transitioning to light snow. a blizzard warning remains in effect for western minnesota... mainly along and west of the minnesota river valley...where northwest winds of 30 to 45 mph will continue through the evening hours. although little snowfall is expected...these winds will cause significant blowing and drifting snow to occur. in addition...temperatures will plummet overnight...with wind chills of 35 below to 45 degrees below zero by sunday morning. the combination of these weather elements will make travel extremely dangerous for motorists causing blowing and drifting snow. in addition... temperatures will plummet overnight with wind chills 25 below to 35 below zero by sunday morning.a blizzard warning remains in effect until noon cst sunday. * timing: through sunday morning. * main impact: blowing snow and low visibility will make travel dangerous. some roads may be impassible tonight. * other impacts: wind chill values 35 below to 45 below zero could cause frostbite in minutes.,"['blizzard warning', 'blizzard warning']","['midnight', 'sunday morning', 'sunday morning', 'through sunday morning']",[],[],"['west central minnesota', 'west central minnesota', 'central and east central  minnesota', 'western minnesota']","['30 to 45 mph', 'wind chill values 35 below to 45 below zero']",[],"['expect', 'some', 'may', 'could', 'little', 'can', 'mainly', 'will']",[],['main impact']
NWS-IDP-PROD-4259347-3588995,2020-06-06T22:51:00.000Z,Actual,Alert,NWS Bismarck ND,Severe Thunderstorm Watch,['Monitor'],Future,Severe,Possible,Severe Thunderstorm Watch issued June 6 at 5:51PM CDT until June 7 at 1:00AM CDT by NWS Bismarck ND,"THE NATIONAL WEATHER SERVICE HAS ISSUED SEVERE THUNDERSTORM WATCH
264 IN EFFECT UNTIL 1 AM CDT /MIDNIGHT MDT/ SUNDAY FOR THE
FOLLOWING AREAS

IN NORTH DAKOTA THIS WATCH INCLUDES 9 COUNTIES

IN SOUTH CENTRAL NORTH DAKOTA

GRANT                 SIOUX

IN SOUTHWEST NORTH DAKOTA

ADAMS                 BILLINGS              BOWMAN
GOLDEN VALLEY         HETTINGER             SLOPE
STARK

THIS INCLUDES THE CITIES OF BEACH, BOWMAN, CARSON, DICKINSON,
ELGIN, FAIRFIELD, FORT YATES, HETTINGER, MARMARTH, MEDORA, MOTT,
NEW ENGLAND, NEW LEIPZIG, SELFRIDGE, AND SOLEN.",,"Golden Valley, ND; Stark, ND; Adams, ND; Sioux, ND; Grant, ND; Slope, ND; Hettinger, ND; Bowman, ND; Billings, ND",2020-06-06,22:51:00,"the national weather service has issued severe thunderstorm watch 264 in effect until 1 am cdt /midnight mdt/ sunday for the following areas in north dakota this watch includes 9 counties in south central north dakota grant sioux in southwest north dakota adams billings bowman golden valley hettinger slope stark this includes the cities of beach, bowman, carson, dickinson, elgin, fairfield, fort yates, hettinger, marmarth, medora, mott, new england, new leipzig, selfridge, and solen.",['severe thunderstorm watch'],['midnight mdt/ sunday'],[],[],"['north dakota', 'north dakota grant                 sioux', 'north dakota adams                 billings', 'bowman golden valley', 'hettinger', 'slope stark', 'beach', 'bowman', 'carson', 'dickinson', 'elgin', 'fairfield', 'fort yates', 'hettinger', 'marmarth', 'medora', 'mott', 'new england', 'new leipzig', 'selfridge', 'solen']",[],[],[],[],[]
NWS-IDP-PROD-4265375-3593328,2020-06-09T14:50:00.000Z,Actual,Update,NWS Cheyenne WY,Winter Weather Advisory,['Execute'],Expected,Moderate,Likely,Winter Weather Advisory issued June 9 at 8:50AM MDT until June 9 at 12:00PM MDT by NWS Cheyenne WY,"...SNOW ENDING THIS MORNING FOR THE HIGHER ELEVATIONS OF SOUTHEAST
WYOMING...

* WHAT...Snow. Additional snow accumulations of up to one inch.
Winds gusting as high as 40 mph.

* WHERE...Snowy Mountain Range.

* WHEN...Until Noon MDT today.

* IMPACTS...Plan on slippery road conditions.","Slow down and use caution while traveling.

The latest road conditions for the state you are calling from can
be obtained by calling 5 1 1.",Snowy Range,2020-06-09,14:50:00,...snow ending this morning for the higher elevations of southeast wyoming... * what...snow. additional snow accumulations of up to one inch. winds gusting as high as 40 mph. * where...snowy mountain range. * when...until noon mdt today. * impacts...plan on slippery road conditions.,[],['this morning'],['until noon mdt today'],[],"['higher elevations', 'southeast wyoming', 'snowy mountain range']",['as high as 40 mph'],"['additional snow accumulations', 'up to one inch']",[],['plan on slippery road conditions'],['impacts']
NWS-IDP-PROD-4261668-3590630,2020-06-07T21:24:00.000Z,Actual,Update,NWS Portland OR,Small Craft Advisory,['Avoid'],Expected,Minor,Likely,Small Craft Advisory issued June 7 at 2:24PM PDT until June 7 at 11:00PM PDT by NWS Portland OR,"* WHAT...Northwest winds 10 to 15 kt with gusts around 20 kt and
seas around 8 feet at 8 to 10 seconds.

* WHERE...Waters from Cascade Head to Florence OR from 10 to 60
NM.

* WHEN...Until 11 PM PDT this evening.

* IMPACTS...Conditions will be hazardous to small craft.","Inexperienced mariners, especially those operating smaller
vessels, should avoid navigating in hazardous conditions.",Waters from Cascade Head to Florence OR from 10 to 60 nm,2020-06-07,21:24:00,* what...northwest winds 10 to 15 kt with gusts around 20 kt and seas around 8 feet at 8 to 10 seconds. * where...waters from cascade head to florence or from 10 to 60 nm. * when...until 11 pm pdt this evening. * impacts...conditions will be hazardous to small craft.,[],['11 pm pdt this evening'],[],[],['cascade head to florence'],"['10 to 15 kt', '20 kt']",[],"['around', 'will']",['conditions will be hazardous to small craft'],['impacts']
NWS-IDP-PROD-4263410-3591984,2020-06-08T15:33:00.000Z,Actual,Update,NWS Sioux Falls SD,Flood Warning,['Avoid'],Immediate,Severe,Observed,Flood Warning issued June 8 at 10:33AM CDT by NWS Sioux Falls SD,"...The Flood Warning continues for the following rivers in South
Dakota...

James River At Huron
James River Near Forestburg

.The following river forecasts include forecast precipitation through
tonight. Any additional future rains could affect the crest
forecasts.

The Flood Warning continues for
The James River At Huron.
* until further notice.
* At 10AM Monday the stage was 11.59 feet.
* Minor flooding is occurring and Minor flooding is forecast.
* Flood stage is 11.00 feet.
* Forecast...The river will crest near 12.1 feet by Friday June 12
then begin falling.
* At stages near 11.0 feet...significant amounts of rural areas will
experience flooding.","Safety message...Do not drive cars through flooded areas. the water
depth and road condition may be unsafe.

Additional information is available at

http://water.weather.gov/ahps2/index.php?wfo=fsd

Stay tuned for further updates by listening to NOAA weather radio...
or your local radio and TV stations.

The next scheduled statement will be issued tomorrow morning.","Beadle, SD",2020-06-08,15:33:00,...the flood warning continues for the following rivers in south dakota... james river at huron james river near forestburg .the following river forecasts include forecast precipitation through tonight. any additional future rains could affect the crest forecasts. the flood warning continues for the james river at huron. * until further notice. * at 10am monday the stage was 11.59 feet. * minor flooding is occurring and minor flooding is forecast. * flood stage is 11.00 feet. * forecast...the river will crest near 12.1 feet by friday june 12 then begin falling. * at stages near 11.0 feet...significant amounts of rural areas will experience flooding.,[],"['10am monday', 'friday june 12']",['until further notice'],[],"['james river at huron james river', 'forestburg', 'james river at huron']",[],"['minor flooding', 'minor flooding']","['could', 'can', 'will']",[],[]
NWS-IDP-PROD-4264639-3592848,2020-06-09T03:42:00.000Z,Actual,Update,NWS Sioux Falls SD,Tornado Warning,['Shelter'],Immediate,Extreme,Observed,Tornado Warning issued June 8 at 10:42PM CDT until June 8 at 11:00PM CDT by NWS Sioux Falls SD,"At 1042 PM CDT, a severe thunderstorm capable of producing a tornado
was located 8 miles north of Fulton, or 14 miles northeast of
Mitchell, moving northeast at 30 mph.

HAZARD...Tornado and half dollar size hail.

SOURCE...Radar indicated rotation.

IMPACT...Flying debris will be dangerous to those caught without
shelter. Mobile homes will be damaged or destroyed. Damage
to roofs, windows, and vehicles will occur.  Tree damage is
likely.

This tornadic thunderstorm will remain over mainly rural areas of
southeastern Sanborn, southwestern Miner and northwestern Hanson
Counties.","TAKE COVER NOW! Move to a basement or an interior room on the lowest
floor of a sturdy building. Avoid windows. If you are outdoors, in a
mobile home, or in a vehicle, move to the closest substantial shelter
and protect yourself from flying debris.

Tornadoes are extremely difficult to see and confirm at night. Do not
wait to see or hear the tornado. TAKE COVER NOW!","Sanborn, SD; Miner, SD; Hanson, SD",2020-06-09,03:42:00,"at 1042 pm cdt, a severe thunderstorm capable of producing a tornado was located 8 miles north of fulton, or 14 miles northeast of mitchell, moving northeast at 30 mph. hazard...tornado and half dollar size hail. source...radar indicated rotation. impact...flying debris will be dangerous to those caught without shelter. mobile homes will be damaged or destroyed. damage to roofs, windows, and vehicles will occur. tree damage is likely. this tornadic thunderstorm will remain over mainly rural areas of southeastern sanborn, southwestern miner and northwestern hanson counties.",['radar indicated rotation'],['1042 pm cdt'],[],[],"['fulton', 'mitchell', 'southeastern sanborn', 'southwestern miner', 'northwestern hanson']",['30 mph'],[],"['like', 'likely', 'mainly', 'indicate', 'will']",[],"['flying debris will be dangerous to those caught without shelter', 'mobile homes will be damaged or destroyed', 'damage to roofs, windows, and vehicles will occur', 'tree damage is likely']"
NWS-130404-687201-475331,2013-12-30T07:36:23.000Z,Actual,Alert,NWS Honolulu HI,Flood Advisory,['Avoid'],Expected,Minor,Likely,Flood Advisory issued December 29 at 9:36PM HST expiring December 29 at 11:30PM HST by NWS Honolulu HI,"THE NATIONAL WEATHER SERVICE IN HONOLULU HAS ISSUED A

* FLOOD ADVISORY FOR THE ISLAND OF HAWAII IN HAWAII COUNTY

* UNTIL 1130 PM HST

* AT 924 PM HST...RADAR SHOWED HEAVY RAIN NEAR PAPAIKOU...OR ABOUT 8
  MILES NORTHWEST OF HILO. THE AREA OF HEAVY RAIN IS STATIONARY BUT 
  IS SPREADING TOWARD HILO.

* OTHER LOCATIONS IN THE ADVISORY INCLUDE BUT ARE NOT LIMITED TO
  LAUPAHOEHOE...PEPEEKEO...AND HILO.","RAINFALL AND RUNOFF WILL ALSO CAUSE HAZARDOUS DRIVING CONDITIONS DUE
TO PONDING...REDUCED VISIBILITY AND POOR BRAKING ACTION.

STAY AWAY FROM STREAMS...DRAINAGE DITCHES AND LOW LYING AREAS PRONE
TO FLOODING.

DO NOT CROSS FAST FLOWING OR RISING WATER IN YOUR VEHICLE OR ON FOOT.
TURN AROUND...DON/T DROWN.

",Hawaii,2013-12-30,07:36:23,the national weather service in honolulu has issued a * flood advisory for the island of hawaii in hawaii county * until 1130 pm hst * at 924 pm hst...radar showed heavy rain near papaikou...or about 8 miles northwest of hilo. the area of heavy rain is stationary but is spreading toward hilo. * other locations in the advisory include but are not limited to laupahoehoe...pepeekeo...and hilo.,['flood advisory'],['924 pm hst'],['until 1130 pm hst'],[],"['honolulu', 'island of hawaii', 'hawaii county', 'papaikou', 'hilo', 'hilo', 'laupahoehoe', 'pepeekeo', 'hilo']","['heavy rain', 'heavy rain']",[],"['read', 'about']",[],[]
NWS-IDP-PROD-4259719-3589255,2020-06-07T01:16:00.000Z,Actual,Update,NWS Melbourne FL,Tornado Warning,['Shelter'],Immediate,Extreme,Observed,Tornado Warning issued June 6 at 9:16PM EDT until June 6 at 9:30PM EDT by NWS Melbourne FL,"At 916 PM EDT, a severe thunderstorm capable of producing a tornado
was located over Casselberry, moving northeast at 40 mph.

HAZARD...Tornado.

SOURCE...Radar indicated rotation.

IMPACT...Flying debris will be dangerous to those caught without
shelter. Mobile homes will be damaged or destroyed. Damage
to roofs, windows, and vehicles will occur.  Tree damage is
likely.

Locations impacted include...
Orlando, Sanford, Altamonte Springs, Oviedo and Winter Springs.","TAKE COVER NOW! Move to an interior room on the lowest floor of a
sturdy building. Avoid windows. If you are outdoors, in a mobile
home, or in a vehicle, move to the closest substantial shelter and
protect yourself from flying debris.

Heavy rainfall may hide this tornado. Do not wait to see or hear the
tornado. TAKE COVER NOW!

Tornadoes are extremely difficult to see and confirm at night. Do not
wait to see or hear the tornado. TAKE COVER NOW!","Seminole, FL; Orange, FL",2020-06-07,01:16:00,"at 916 pm edt, a severe thunderstorm capable of producing a tornado was located over casselberry, moving northeast at 40 mph. hazard...tornado. source...radar indicated rotation. impact...flying debris will be dangerous to those caught without shelter. mobile homes will be damaged or destroyed. damage to roofs, windows, and vehicles will occur. tree damage is likely. locations impacted include... orlando, sanford, altamonte springs, oviedo and winter springs.",[],['916 pm edt'],[],[],"['casselberry', 'orlando', 'sanford', 'altamonte springs', 'oviedo', 'winter springs']",['40 mph'],[],"['like', 'likely', 'indicate', 'will']",[],"['flying debris will be dangerous to those caught without shelter', 'mobile homes will be damaged or destroyed', 'damage to roofs, windows, and vehicles', 'tree damage is likely']"
NWS-IDP-PROD-4257474,2020-06-06T07:05:00.000Z,Actual,Alert,NWS Miami FL,Marine Weather Statement,['Monitor'],Expected,Minor,Observed,Marine Weather Statement issued June 6 at 3:05AM EDT by NWS Miami FL,"The areas affected include...
Waters from Chokoloskee to Bonita Beach FL from 20 to 60 NM...

At 305 AM EDT, Doppler radar indicated strong thunderstorms, capable
of producing winds to around 30 knots. These thunderstorms were
located along a line extending from 14 nm west of R Tower to 6 nm
northwest of L Tower, moving northwest at 20 knots.","Mariners can expect gusty winds to around 30 knots, locally higher
waves, lightning strikes, and heavy downpours. Boaters should seek
safe harbor immediately until these storms pass.

Waterspouts are possible with this activity. Remain on the alert in
case warnings are issued for waterspout development.",Waters from Chokoloskee to Bonita Beach FL from 20 to 60 NM,2020-06-06,07:05:00,"the areas affected include... waters from chokoloskee to bonita beach fl from 20 to 60 nm... at 305 am edt, doppler radar indicated strong thunderstorms, capable of producing winds to around 30 knots. these thunderstorms were located along a line extending from 14 nm west of r tower to 6 nm northwest of l tower, moving northwest at 20 knots.",[],['305 am edt'],[],[],"['waters from chokoloskee to bonita beach fl', '14 nm west of r tower']","['around 30 knots', '20 knots']",['20 to 60 nm'],"['around', 'tend', 'indicate']",[],[]
NWS-130404-687035,2013-12-30T02:56:36.000Z,Actual,Alert,NWS Wichita KS,Extreme Fire Danger,['Prepare'],Expected,Moderate,Likely,Extreme Fire Danger issued December 29 at 8:56PM CST by NWS Wichita KS,"THE GFDI DOES NOT ACCOUNT FOR PRECIPITATION THAT OCCURS WITHIN
THE HOUR PRECEDING ANY GIVEN FORECAST HOUR BELOW OR ANY SNOW ON
THE GROUND AT THE FORECAST HOUR. PLEASE MAKE APPROPRIATE ADJUSTMENTS.(ALL TIME REFERENCES ARE IN CST)

DAY/DATE      24HR INDEX   *  MID  3AM  6AM  9AM NOON  3PM  6PM  9PM
SUN DEC 29  LOW         1  *                                      L  
MON DEC 30  LOW         2  *   L    L    L    L    L    L    L    L  
TUE DEC 31  MODERATE    4  *   L    L    L    L    M    M    L    L  
WED JAN 01  LOW         2  *   L    L    L    L    L    L    L    L  
THU JAN 02  LOW         2  *   L    L    L    L    L    L    L    L  
FRI JAN 03  MODERATE    3  *   L    L    L    L    L    M    M    M",,Neosho,2013-12-30,02:56:36,the gfdi does not account for precipitation that occurs within the hour preceding any given forecast hour below or any snow on the ground at the forecast hour. please make appropriate adjustments.(all time references are in cst) day/date 24hr index * mid 3am 6am 9am noon 3pm 6pm 9pm sun dec 29 low 1 * l mon dec 30 low 2 * l l l l l l l l tue dec 31 moderate 4 * l l l l m m l l wed jan 01 low 2 * l l l l l l l l thu jan 02 low 2 * l l l l l l l l fri jan 03 moderate 3 * l l l l l m m m,[],"['mid', 'noon']",[],[],[],"['low', 'low', 'moderate', 'low', 'low', 'moderate']",[],[],[],[]
NWS-IDP-PROD-4253651-3585194,2020-06-04T21:30:00.000Z,Actual,Update,NWS Rapid City SD,Severe Thunderstorm Warning,['Shelter'],Immediate,Severe,Observed,Severe Thunderstorm Warning issued June 4 at 3:30PM MDT until June 4 at 3:45PM MDT by NWS Rapid City SD,"At 330 PM MDT, a severe thunderstorm was located 7 miles southeast of
Sorum, or 37 miles southeast of Buffalo, moving southeast at 40 mph.

HAZARD...Tennis ball size hail and 60 mph wind gusts.

SOURCE...Radar indicated.

IMPACT...People and animals outdoors will be injured. Expect hail
damage to roofs, siding, windows, and vehicles. Expect wind
damage to roofs, siding, and trees.

This severe thunderstorm will remain over mainly rural areas of west
central Perkins County.","Prepare immediately for large hail and damaging winds. People outside
should move to a shelter, inside a strong building and away from
windows.","Perkins, SD",2020-06-04,21:30:00,"at 330 pm mdt, a severe thunderstorm was located 7 miles southeast of sorum, or 37 miles southeast of buffalo, moving southeast at 40 mph. hazard...tennis ball size hail and 60 mph wind gusts. source...radar indicated. impact...people and animals outdoors will be injured. expect hail damage to roofs, siding, windows, and vehicles. expect wind damage to roofs, siding, and trees. this severe thunderstorm will remain over mainly rural areas of west central perkins county.",['radar indicated'],['330 pm mdt'],[],[],"['sorum', 'buffalo', 'west central perkins county']","['40 mph', '60 mph']",['tennis ball size hail'],"['expect', 'mainly', 'indicate', 'will']","['expect hail damage to roofs, siding, windows, and vehicles', 'expect wind damage to roofs, siding, and trees']",['people and animals outdoors will be injured']
NWS-IDP-PROD-4254542-3585839,2020-06-05T02:05:00.000Z,Actual,Alert,NWS Brownsville TX,Coastal Flood Statement,['Monitor'],Expected,Minor,Likely,Coastal Flood Statement issued June 4 at 9:05PM CDT until June 5 at 11:00AM CDT by NWS Brownsville TX,"* WHAT...Minor coastal flooding possible Friday morning.

* WHERE...Coastal Kenedy, Coastal Cameron, and Coastal Willacy
Counties.

* WHEN...From 3 AM CDT Friday through Friday morning.

* IMPACTS...Rough surf and tidal run-up to the dunes is expected.

* ADDITIONAL DETAILS...High tide occurs at 5:59 AM with the
highest inundation of up to 1.5 feet above the ground.","Beach equipment, such as umbrellas and chairs, could be moved by
waves. Vehicles driving along narrow beaches may experience
higher water levels near high tide.",Coastal Cameron; Coastal Kenedy; Coastal Willacy,2020-06-05,02:05:00,"* what...minor coastal flooding possible friday morning. * where...coastal kenedy, coastal cameron, and coastal willacy counties. * when...from 3 am cdt friday through friday morning. * impacts...rough surf and tidal run-up to the dunes is expected. * additional details...high tide occurs at 5:59 am with the highest inundation of up to 1.5 feet above the ground.",[],"['friday morning', 'friday morning', '5:59 am']",[],[],"['coastal kenedy', 'coastal cameron', 'coastal willacy counties']",[],[],"['expect', 'possible', 'will']",[],[]
